Sample.ID,Sample.Name,Salinity Level,Day,Time-point,ASV1,ASV2,ASV3,ASV4,ASV6,ASV8,ASV9,ASV11,ASV12,ASV13,ASV14,ASV15,ASV16,ASV18,ASV19,ASV20,ASV21,ASV22,ASV23,ASV24,ASV25,ASV27,ASV28,ASV29,ASV30,ASV31,ASV32,ASV33,ASV34,ASV35,ASV36,ASV37,ASV38,ASV40,ASV41,ASV42,ASV43,ASV44,ASV45,ASV46,ASV47,ASV48,ASV49,ASV50,ASV51,ASV52,ASV54,ASV56,ASV57,ASV58,ASV59,ASV60,ASV61,ASV62,ASV64,ASV65,ASV66,ASV67,ASV68,ASV69,ASV70,ASV71,ASV73,ASV74,ASV75,ASV76,ASV77,ASV79,ASV81,ASV82,ASV83,ASV84,ASV85,ASV86,ASV87,ASV88,ASV89,ASV90,ASV91,ASV92,ASV93,ASV94,ASV95,ASV96,ASV97,ASV98,ASV100,ASV102,ASV103,ASV104,ASV105,ASV106,ASV107,ASV108,ASV109,ASV110,ASV111,ASV112,ASV113,ASV114,ASV115,ASV116,ASV117,ASV119,ASV120,ASV121,ASV122,ASV123,ASV124,ASV125,ASV126,ASV128,ASV129,ASV130,ASV131,ASV132,ASV133,ASV134,ASV136,ASV137,ASV138,ASV139,ASV141,ASV142,ASV143,ASV145,ASV147,ASV148,ASV149,ASV150,ASV151,ASV152,ASV154,ASV156,ASV158,ASV159,ASV160,ASV161,ASV166,ASV167,ASV168,ASV169,ASV170,ASV172,ASV173,ASV174,ASV175,ASV176,ASV177,ASV178,ASV179,ASV180,ASV182,ASV183,ASV184,ASV185,ASV186,ASV187,ASV189,ASV190,ASV191,ASV192,ASV193,ASV194,ASV195,ASV196,ASV197,ASV198,ASV199,ASV200,ASV201,ASV202,ASV203,ASV205,ASV208,ASV209,ASV210,ASV211,ASV212,ASV213,ASV215,ASV216,ASV217,ASV218,ASV219,ASV220,ASV221,ASV222,ASV224,ASV226,ASV227,ASV230,ASV231,ASV232,ASV233,ASV234,ASV235,ASV236,ASV237,ASV238,ASV239,ASV240,ASV241,ASV242,ASV243,ASV244,ASV245,ASV246,ASV247,ASV248,ASV249,ASV250,ASV251,ASV252,ASV253,ASV254,ASV256,ASV257,ASV258,ASV259,ASV260,ASV261,ASV262,ASV263,ASV264,ASV265,ASV266,ASV267,ASV271,ASV272,ASV273,ASV276,ASV277,ASV279,ASV280,ASV281,ASV282,ASV283,ASV284,ASV285,ASV286,ASV287,ASV288,ASV289,ASV290,ASV292,ASV295,ASV296,ASV297,ASV299,ASV300,ASV301,ASV302,ASV303,ASV304,ASV305,ASV306,ASV307,ASV308,ASV309,ASV313,ASV314,ASV315,ASV317,ASV318,ASV319,ASV320,ASV321,ASV322,ASV323,ASV324,ASV326,ASV327,ASV328,ASV329,ASV330,ASV331,ASV332,ASV333,ASV334,ASV335,ASV336,ASV337,ASV338,ASV339,ASV340,ASV341,ASV342,ASV344,ASV345,ASV346,ASV347,ASV348,ASV349,ASV350,ASV351,ASV352,ASV353,ASV354,ASV355,ASV356,ASV357,ASV358,ASV359,ASV360,ASV361,ASV362,ASV363,ASV366,ASV368,ASV369,ASV370,ASV371,ASV372,ASV373,ASV375,ASV376,ASV379,ASV380,ASV381,ASV382,ASV383,ASV384,ASV385,ASV386,ASV388,ASV389,ASV390,ASV391,ASV392,ASV393,ASV394,ASV395,ASV396,ASV397,ASV398,ASV399,ASV400,ASV401,ASV402,ASV403,ASV404,ASV407,ASV409,ASV410,ASV411,ASV412,ASV413,ASV414,ASV416,ASV418,ASV419,ASV421,ASV422,ASV425,ASV426,ASV427,ASV428,ASV429,ASV430,ASV431,ASV432,ASV433,ASV435,ASV437,ASV438,ASV439,ASV441,ASV442,ASV443,ASV444,ASV445,ASV446,ASV447,ASV448,ASV449,ASV450,ASV451,ASV452,ASV453,ASV454,ASV455,ASV456,ASV457,ASV458,ASV459,ASV461,ASV462,ASV463,ASV465,ASV467,ASV468,ASV470,ASV472,ASV473,ASV476,ASV478,ASV479,ASV482,ASV484,ASV485,ASV486,ASV487,ASV488,ASV490,ASV491,ASV492,ASV493,ASV494,ASV497,ASV498,ASV499,ASV500,ASV501,ASV503,ASV505,ASV507,ASV509,ASV510,ASV511,ASV512,ASV513,ASV514,ASV515,ASV516,ASV517,ASV518,ASV520,ASV521,ASV522,ASV523,ASV524,ASV527,ASV528,ASV529,ASV530,ASV531,ASV532,ASV534,ASV535,ASV536,ASV537,ASV538,ASV539,ASV540,ASV543,ASV545,ASV546,ASV547,ASV548,ASV549,ASV550,ASV551,ASV552,ASV554,ASV555,ASV556,ASV557,ASV558,ASV559,ASV560,ASV561,ASV562,ASV563,ASV564,ASV565,ASV567,ASV568,ASV570,ASV571,ASV572,ASV573,ASV574,ASV575,ASV576,ASV578,ASV579,ASV580,ASV581,ASV582,ASV583,ASV584,ASV585,ASV587,ASV588,ASV589,ASV590,ASV591,ASV593,ASV594,ASV595,ASV596,ASV597,ASV599,ASV600,ASV601,ASV602,ASV603,ASV604,ASV606,ASV607,ASV609,ASV610,ASV612,ASV613,ASV614,ASV615,ASV620,ASV621,ASV622,ASV623,ASV624,ASV625,ASV627,ASV629,ASV630,ASV632,ASV633,ASV634,ASV635,ASV638,ASV639,ASV640,ASV641,ASV642,ASV643,ASV644,ASV645,ASV646,ASV648,ASV652,ASV653,ASV654,ASV656,ASV659,ASV660,ASV662,ASV663,ASV665,ASV666,ASV667,ASV668,ASV669,ASV670,ASV672,ASV673,ASV674,ASV676,ASV677,ASV679,ASV680,ASV681,ASV682,ASV683,ASV684,ASV685,ASV686,ASV687,ASV688,ASV689,ASV691,ASV693,ASV694,ASV696,ASV698,ASV699,ASV700,ASV701,ASV702,ASV704,ASV706,ASV707,ASV710,ASV712,ASV713,ASV714,ASV716,ASV719,ASV721,ASV725
MI.M05812_0263.001.N701---S501.F1H18,F1H18,High,18,18 dpf,124,0,0,46,0,32,0,0,0,137,0,0,0,0,0,0,0,0,28,68,0,7,0,0,0,0,0,0,3,0,0,0,6,0,0,10,0,5,3,0,70,0,21,0,0,11,0,0,0,0,14,0,0,0,0,0,5,0,0,15,0,0,0,29,40,0,0,0,20,0,0,0,0,0,0,0,0,0,0,119,0,10,4,0,0,0,0,0,0,0,0,0,0,0,100,0,0,0,0,0,0,0,0,0,0,0,49,0,0,0,0,0,0,34,81,0,0,0,0,0,123,32,0,0,0,0,0,0,0,32,0,0,0,0,0,0,0,0,0,0,0,0,0,0,0,0,0,0,0,4,0,0,0,0,0,0,0,0,58,0,0,0,0,0,0,0,0,7,0,6,0,0,0,17,0,0,0,20,0,0,0,0,0,0,33,14,0,0,0,0,0,0,8,14,0,0,0,0,0,0,0,0,0,0,0,5,0,0,0,0,0,0,12,8,0,0,0,57,56,0,0,0,0,0,23,0,0,0,0,0,0,0,0,0,0,0,0,0,0,0,0,0,0,7,0,0,0,0,0,0,0,0,0,0,33,0,0,0,0,9,5,0,24,0,0,0,0,28,0,0,41,0,0,0,11,0,0,0,0,0,0,0,0,51,0,0,0,0,0,0,0,6,0,0,0,0,0,0,0,0,0,14,0,0,0,0,0,0,0,0,0,15,0,24,0,0,15,0,0,0,168,61,0,0,0,0,0,0,0,0,0,54,0,0,4,0,0,0,0,0,0,0,0,0,19,0,0,0,0,0,0,0,20,0,0,0,0,0,0,0,13,0,0,0,0,0,0,0,0,0,0,0,422,30,0,0,0,0,0,0,0,0,0,0,0,0,0,0,0,0,0,0,0,0,0,0,0,0,0,0,7,0,0,0,0,0,0,0,0,0,0,0,0,0,0,0,0,0,0,0,0,0,0,0,0,0,0,0,0,0,10,0,0,0,0,0,22,0,0,0,0,0,0,0,0,0,0,0,0,0,0,0,0,0,0,0,14,0,0,22,0,0,0,39,0,0,0,0,11,0,0,0,0,0,0,0,0,0,0,0,0,0,0,0,0,0,0,3,12,0,0,0,0,0,0,0,0,0,0,0,0,0,0,0,0,0,6,0,0,0,0,0,0,0,0,0,139,0,0,0,0,0,0,0,0,0,0,0,0,0,0,4,0,0,0,0,0,0,0,0,0,0,0,0,0,0,0,0,0,0,0,17,0,0,0,0,0,0,0,0,0,0,0,0,0,0,0,0,0,0,0,0,0,0,0,0,0,0,0,0
MI.M05812_0263.001.N701---S502.F1H1,F1H1,High,1,1 dpf,165,0,1,0,0,65,0,0,0,119,0,6,0,0,0,0,0,0,3,59,0,0,0,0,3,0,0,0,3,0,1,0,266,183,0,3,11,226,179,0,8,6,158,0,0,0,1,0,7,1,19,0,0,0,0,2,27,1,0,60,0,0,0,18,86,0,10,0,73,0,0,0,0,0,0,10,3,0,2,12,0,66,9,0,0,0,2,86,0,15,0,0,0,0,7,0,0,1,0,0,3,2,0,0,0,0,54,0,0,0,0,2,3,4,7,0,3,0,0,0,13,20,0,0,0,0,0,0,0,1,0,0,0,0,0,0,0,0,0,1,0,0,13,0,0,0,0,0,0,14,18,0,0,0,1,5,3,2,7,0,0,0,3,0,0,0,0,22,0,10,0,0,0,3,1,0,0,17,13,0,0,35,0,7,16,0,0,0,0,0,0,0,29,18,0,0,3,2,0,0,1,0,0,0,7,4,0,0,0,0,0,0,18,4,0,3,0,3,3,0,0,0,6,0,1,6,13,0,1,0,0,0,0,0,0,10,0,0,0,0,0,0,19,2,2,0,0,0,0,3,0,0,0,0,0,0,31,1,0,18,2,0,1,22,17,2,0,3,0,0,9,1,0,4,10,0,17,0,0,0,0,0,34,3,0,0,0,0,0,0,0,8,0,2,0,1,0,0,0,0,0,3,8,0,0,0,0,0,25,0,3,4,0,0,9,0,0,13,0,0,0,0,0,2,0,2,12,0,5,0,0,4,0,0,1,0,0,0,0,0,0,0,0,8,7,0,0,0,0,0,0,0,14,0,0,5,0,0,2,0,2,0,0,0,0,0,0,4,0,0,0,0,0,1,0,0,0,0,0,0,0,0,0,0,0,0,2,15,0,0,1,0,16,0,0,0,0,0,0,0,6,0,0,0,0,0,0,0,0,0,0,0,0,0,0,0,0,0,2,0,0,0,0,0,0,0,0,0,0,0,0,10,0,0,0,0,2,1,0,0,1,9,0,0,6,0,0,0,11,0,0,1,2,2,0,4,0,1,0,3,0,0,0,7,5,0,0,0,5,0,4,0,0,0,0,0,0,0,1,0,0,2,0,0,0,0,0,11,3,0,3,0,0,0,0,0,1,0,1,0,0,14,0,3,0,0,11,3,0,0,0,0,0,0,0,0,0,0,1,0,0,0,0,0,0,0,0,4,0,0,0,2,0,0,8,0,0,9,6,0,0,1,0,0,5,0,0,0,6,0,0,2,12,1,0,0,0,9,0,0,0,0,0,0,0,0,0,0,0,0,0,0,0,0,0,0,1,0,0,0
MI.M05812_0263.001.N701---S504.T1r1,T1r1,Control,1,Spat,256,85,24,87,568,76,4,122,28,17,2,85,18,49,12,5,42,0,2,0,33,27,3,7,37,44,0,0,31,41,18,33,12,26,2,5,46,0,0,19,0,2,0,6,4,0,20,0,4,13,41,1,0,2,1,3,0,10,36,0,0,14,6,15,0,8,17,4,0,2,9,9,2,14,10,10,1,6,11,0,3,0,0,12,1,10,4,0,22,15,6,6,7,1,9,0,0,1,6,5,5,0,3,6,3,7,0,0,6,3,1,8,1,0,0,0,1,0,0,0,0,0,13,2,21,0,24,28,3,0,19,10,0,0,0,0,3,7,18,0,0,2,0,0,22,2,0,8,2,0,0,11,0,0,0,1,0,10,0,11,5,12,1,1,3,6,12,0,0,0,0,3,1,0,6,0,8,0,0,3,0,0,1,0,0,0,2,3,0,1,0,2,0,0,0,4,3,3,0,4,1,7,0,4,0,0,9,0,0,8,5,9,0,7,0,0,0,0,0,0,0,3,1,0,0,0,0,2,2,0,9,8,4,1,3,0,0,0,0,0,3,1,1,1,0,10,0,0,0,0,5,0,0,0,0,8,0,2,4,0,0,5,0,0,0,0,1,0,8,0,0,2,0,0,0,3,0,1,3,0,4,0,0,0,4,0,1,0,9,0,0,0,1,0,5,0,0,5,4,1,0,0,0,6,0,4,3,1,0,1,0,0,2,1,0,2,2,0,0,2,4,0,0,0,2,2,0,3,1,0,0,0,0,3,0,0,0,0,0,0,0,3,1,0,1,3,4,6,0,1,1,0,0,3,1,0,0,0,0,3,0,0,3,0,1,0,0,0,4,0,2,0,0,0,0,3,0,2,1,0,0,0,0,0,0,9,4,0,10,2,0,0,0,0,0,3,4,0,0,3,2,0,1,4,2,0,2,0,1,0,0,0,0,0,1,3,0,1,0,0,1,0,0,0,0,3,2,2,0,0,0,0,0,0,0,1,0,0,0,1,0,0,2,0,0,0,0,1,0,1,1,0,0,0,1,0,0,0,1,0,0,0,3,0,0,0,5,0,0,1,0,0,6,1,0,0,0,1,0,5,0,0,1,0,1,0,0,0,0,1,0,1,0,0,0,3,1,0,1,0,0,0,0,0,0,1,0,4,1,0,0,0,2,6,0,0,0,0,0,0,2,2,0,0,5,0,0,0,0,0,2,0,0,2,0,1,0,0,0,0,0,0,6,0,0,0,0,0,0,0,0,0,0,0,0,0,0,0,0,0,0,0,0,0,0,0,1,0,1,0,2,1,0,0,0,0,0,0,0,4
MI.M05812_0263.001.N701---S505.T9r1,T9r1,Low,9,Spat,189,81,12,51,444,80,0,91,27,17,4,49,12,35,4,19,49,1,5,0,45,18,4,9,24,61,12,1,20,45,19,34,11,28,2,8,59,0,0,8,1,3,0,10,7,0,9,0,2,11,2,4,0,373,14,3,0,12,30,1,0,14,3,5,0,9,12,7,5,5,15,0,3,15,5,5,7,6,4,1,2,0,0,8,5,4,9,0,37,13,0,7,12,6,8,0,3,5,16,6,6,0,0,3,1,3,3,0,10,5,1,15,2,0,4,0,4,0,0,1,0,2,0,4,24,1,3,17,4,1,14,2,0,5,0,0,7,2,17,0,1,4,0,0,0,3,112,2,0,0,0,1,0,1,2,0,0,8,0,5,2,7,1,1,2,1,2,0,9,0,5,1,3,0,6,0,9,0,0,2,4,0,1,0,1,0,2,2,2,0,0,1,0,0,1,1,2,0,0,0,2,0,0,2,0,0,7,0,0,1,2,2,0,4,0,0,2,0,0,0,0,2,1,0,0,2,0,2,1,0,1,2,2,3,2,0,0,0,0,0,13,4,0,2,0,3,0,2,0,0,0,1,0,0,0,2,0,0,6,0,2,0,0,0,0,3,1,0,6,0,0,0,0,2,0,0,0,0,2,2,2,0,0,1,1,0,1,0,4,1,0,0,0,0,0,0,0,2,2,4,0,0,0,1,2,1,5,0,0,0,2,0,0,2,2,2,2,0,0,0,3,0,0,0,0,3,0,0,0,0,0,2,2,2,0,2,0,0,1,6,0,0,5,0,0,1,7,7,0,0,0,1,0,1,9,0,0,0,2,0,0,0,1,0,0,0,3,0,1,0,1,0,0,0,0,1,1,0,1,1,0,0,0,2,1,2,2,0,1,1,0,0,0,3,0,5,1,5,1,1,0,0,0,2,4,0,3,0,0,0,1,0,0,0,3,0,0,0,1,0,4,0,0,0,0,1,4,4,0,0,1,0,0,1,0,0,1,0,0,1,2,0,2,2,0,2,2,0,0,0,0,0,0,0,0,0,1,0,3,0,2,0,3,0,0,0,2,0,0,0,0,0,0,0,1,0,0,2,0,3,0,4,1,0,0,0,0,0,0,0,0,1,1,0,0,0,0,0,0,0,0,0,1,0,0,1,0,0,0,0,0,0,2,5,0,2,0,0,0,2,0,1,0,0,1,0,0,0,0,0,3,0,0,3,0,0,0,0,0,0,0,0,0,0,3,0,0,0,0,0,0,0,0,0,0,0,0,0,0,0,0,0,2,0,0,0,1,0,0,0,0,0,1,0,0,0,0,0,0,0
MI.M05812_0263.001.N701---S506.T13r1,T13r1,High,13,Spat,292,71,36,76,655,95,2,82,17,20,3,129,13,34,7,4,72,0,5,0,63,27,1,5,25,51,0,0,22,32,16,24,16,33,0,4,21,0,0,13,1,1,0,7,7,0,15,0,9,3,9,0,1,2,4,0,0,14,37,2,2,9,2,11,0,5,11,1,2,4,19,0,1,12,1,8,11,2,16,0,4,0,2,10,3,5,9,0,37,15,0,3,6,4,9,0,3,0,18,2,6,0,13,8,6,3,0,0,7,11,1,16,9,0,3,0,2,0,0,1,0,2,0,2,33,1,4,33,3,1,24,3,0,0,0,0,2,2,20,0,0,3,0,0,1,6,0,2,5,0,0,6,0,3,0,3,2,8,0,3,0,3,3,2,2,8,6,0,0,0,4,4,2,0,9,0,1,0,0,0,0,0,1,3,0,0,4,0,0,1,0,1,0,0,0,0,5,0,0,0,8,3,0,5,0,0,4,1,0,1,1,5,0,8,0,0,0,0,0,0,0,3,2,0,0,2,0,0,2,0,0,20,4,0,0,0,0,0,0,0,8,8,0,0,0,11,0,1,0,0,0,0,0,0,0,1,0,4,5,0,2,0,0,0,0,6,2,4,6,0,0,4,0,0,0,0,0,0,2,6,1,0,0,0,0,0,0,0,6,2,0,0,0,0,0,0,0,4,3,2,2,0,0,0,1,1,9,0,0,0,0,0,1,1,0,0,1,0,1,0,7,0,2,0,1,1,0,0,0,0,0,0,4,2,0,5,0,0,0,1,0,0,0,2,0,0,0,10,0,2,0,0,0,3,5,0,1,0,3,0,0,0,3,2,0,0,7,4,3,0,0,0,0,1,0,1,0,0,1,0,0,0,1,3,0,2,1,0,5,1,0,0,0,0,2,0,2,3,1,0,0,1,0,0,1,0,0,0,0,0,3,0,0,0,0,0,1,0,0,0,5,0,1,3,0,0,0,4,4,0,0,0,0,0,0,0,0,0,0,0,0,1,1,0,0,2,1,3,0,0,0,0,0,0,0,0,0,0,3,0,3,0,3,0,0,1,2,0,1,0,0,2,0,0,0,0,0,1,0,7,4,0,3,0,1,1,0,0,0,0,0,0,0,0,0,0,1,0,0,0,0,0,1,0,0,4,0,0,0,0,0,0,2,0,0,0,0,0,0,2,5,1,0,0,0,0,0,0,0,0,1,0,0,0,0,1,0,0,0,0,0,0,0,0,0,0,0,0,0,0,0,1,0,0,0,0,0,0,0,0,0,0,0,0,0,0,4,2,0,0,0,0,0,0,2,1,0,0,0,1
MI.M05812_0263.001.N702---S501.F2H18,F2H18,High,2,18 dpf,226,40,21,57,0,0,0,0,0,109,0,0,0,0,0,0,0,0,67,0,0,0,0,0,19,0,0,0,0,0,0,0,6,0,0,0,0,30,18,0,68,0,0,0,21,9,0,0,0,0,0,0,0,0,0,9,0,0,0,7,0,0,0,23,0,0,0,0,39,0,0,0,0,0,0,0,0,0,0,86,0,8,43,0,0,0,6,0,0,0,0,0,0,0,58,0,0,0,0,0,0,9,0,0,0,0,0,0,0,0,0,0,6,47,294,0,0,0,0,0,47,3,0,0,0,0,0,0,0,26,0,0,0,0,0,0,0,0,0,0,0,0,21,0,0,0,0,0,0,10,0,0,0,0,0,0,0,0,221,0,0,0,0,0,0,0,0,55,0,15,0,8,0,44,0,0,0,33,40,0,0,0,0,0,42,24,0,0,0,0,0,0,8,0,6,0,0,0,8,0,0,0,0,0,0,31,0,0,0,0,0,0,0,0,0,48,0,14,77,0,0,4,0,0,28,0,0,0,0,0,0,0,0,0,0,0,0,0,6,0,0,0,0,0,0,0,0,0,0,32,0,0,0,0,0,0,0,7,0,51,0,0,0,45,0,0,0,0,0,0,58,0,0,0,0,0,0,0,0,0,0,0,1,40,0,0,0,0,0,0,0,0,0,4,0,17,0,0,0,0,0,72,0,0,0,0,0,0,0,0,0,0,0,0,0,0,28,0,0,0,0,0,0,0,0,0,0,0,0,0,0,23,16,10,25,0,0,0,0,0,0,0,0,0,0,0,0,0,0,0,0,0,0,0,0,0,0,0,0,0,8,0,0,0,0,49,0,0,0,0,0,0,0,18,0,0,0,0,0,0,0,0,0,0,0,0,0,0,0,0,69,0,0,0,0,0,0,0,0,0,0,0,0,0,0,0,0,0,0,0,0,0,0,0,0,0,0,0,0,0,0,0,0,0,0,0,0,0,0,0,74,0,0,0,0,0,16,0,0,0,0,0,0,0,11,0,0,0,0,0,0,10,0,15,0,0,0,0,0,7,0,0,0,44,0,0,0,0,18,0,1,0,0,0,0,0,0,0,0,0,0,12,0,0,0,0,0,0,15,0,13,0,0,0,0,0,0,0,0,0,0,0,0,0,0,0,21,0,0,0,0,0,0,0,0,0,6,0,0,0,0,0,0,0,0,0,0,0,0,0,0,0,0,0,0,0,0,0,0,0,0,8,0,0,0,0,0,0,0,0,0,0,0,0,10,0,0,0,0,0,0,0,0,0,0,0,1,0,0,0,0,0,0,0,0,0,0,0,0,0
MI.M05812_0263.001.N702---S502.F2H1,F2H1,High,2,1 dpf,239,0,3,0,0,96,0,0,0,134,0,1,0,0,0,0,0,0,0,7,0,1,0,2,3,0,0,0,1,0,0,0,104,13,0,3,19,152,127,0,361,4,5,0,0,0,0,0,12,0,24,0,0,0,0,0,10,0,0,43,0,0,0,15,86,0,4,0,41,0,0,0,0,0,0,8,0,0,2,9,0,67,7,0,0,0,4,84,0,11,0,0,0,0,1,0,0,0,0,0,0,4,0,0,0,0,46,0,0,0,0,4,1,4,14,0,0,0,0,0,20,8,0,0,0,0,0,37,1,11,0,0,104,0,0,0,0,0,0,1,0,0,6,0,0,0,0,0,0,2,61,0,0,0,0,1,1,3,2,0,0,0,3,0,0,0,0,17,6,3,0,0,0,2,0,0,0,21,19,0,0,29,0,2,10,85,0,0,0,0,0,0,22,19,64,0,2,0,0,0,0,0,0,0,2,2,0,0,0,0,0,0,16,2,0,1,0,4,2,0,0,0,10,0,13,1,6,0,0,0,0,0,0,0,0,14,0,0,0,0,0,0,20,1,4,0,0,0,0,0,0,0,0,0,30,0,21,3,0,24,3,0,1,9,28,2,0,4,0,0,8,0,0,7,3,0,21,0,0,0,0,0,17,1,2,0,0,0,0,0,0,1,0,1,0,2,0,0,0,0,0,4,14,0,0,0,0,0,36,0,0,0,0,1,4,0,2,20,3,0,0,0,0,1,0,1,13,0,10,0,0,5,0,0,4,0,0,0,0,0,0,0,0,8,1,0,0,0,0,0,0,0,13,0,0,8,0,0,1,0,1,0,0,0,0,0,0,6,0,0,0,0,0,2,0,0,1,0,0,0,0,0,0,0,0,0,0,4,0,0,0,0,11,0,0,0,0,0,0,0,6,0,0,0,2,0,0,0,0,0,0,0,0,1,0,0,0,0,1,0,0,0,0,0,0,0,0,0,0,0,1,14,0,0,0,2,2,7,4,0,1,5,0,0,3,0,0,0,4,0,0,5,0,1,0,2,1,28,0,2,0,0,0,2,2,0,0,0,1,0,8,0,0,0,0,0,0,0,0,0,0,0,0,0,0,0,1,6,1,0,4,0,0,0,0,0,0,0,3,0,0,12,0,0,1,1,2,3,0,0,0,0,0,0,0,0,0,10,0,0,0,0,1,0,0,0,0,5,1,0,0,0,0,0,7,0,0,2,2,7,0,0,0,0,2,0,0,1,1,0,0,1,6,0,0,0,0,14,0,0,0,0,0,0,1,0,0,0,0,0,0,0,0,0,0,0,1,0,1,0
MI.M05812_0263.001.N702---S504.T1r2,T1r2,Control,1,Spat,256,81,15,71,226,121,14,99,30,37,5,97,53,86,5,10,31,6,0,0,62,48,0,2,16,55,0,0,23,46,20,31,0,32,0,0,54,0,0,9,4,19,0,8,10,0,16,0,18,4,48,0,1,0,13,8,0,18,14,7,1,22,1,5,0,5,17,6,9,7,18,8,10,4,6,8,4,1,7,0,8,2,0,5,2,3,10,0,24,9,15,13,7,7,10,0,6,42,10,6,14,0,2,1,9,2,0,0,8,8,0,20,0,0,0,0,10,0,0,0,0,0,2,3,12,2,0,21,0,0,15,4,0,0,0,0,7,7,32,1,0,2,0,0,0,1,0,3,5,0,0,7,0,0,0,1,0,6,0,6,1,6,0,0,2,7,8,0,0,0,9,0,1,0,0,0,2,0,0,6,0,0,0,0,0,0,0,1,0,0,0,0,0,0,0,1,0,0,0,0,0,0,0,6,0,0,11,0,0,1,8,4,0,4,0,0,0,2,0,0,0,4,0,0,0,0,0,0,4,0,5,14,2,0,4,0,0,0,0,0,0,0,0,5,0,3,0,0,0,0,0,0,0,0,2,3,0,0,5,0,0,0,0,0,0,5,3,0,11,0,0,3,0,0,0,0,0,0,1,6,3,0,0,0,4,0,0,0,4,0,0,0,5,0,0,0,0,0,0,0,0,0,0,0,0,0,2,1,0,2,0,0,4,1,0,0,0,0,0,5,4,1,0,0,3,3,0,0,0,38,0,0,0,0,0,0,0,0,0,2,0,0,2,0,0,3,0,5,0,0,4,0,0,1,0,0,1,5,0,2,0,0,0,0,0,0,0,11,10,0,0,0,0,0,0,1,0,59,4,1,0,0,3,0,1,0,0,0,2,0,1,0,0,0,0,4,8,0,0,0,0,0,0,15,3,1,0,0,0,0,2,0,0,0,0,0,3,0,0,3,2,1,0,0,0,1,5,0,8,0,0,0,0,0,0,6,0,0,0,0,0,0,2,7,0,4,1,2,0,0,1,0,0,0,0,0,0,0,4,0,5,0,1,0,0,0,0,0,1,1,1,0,0,0,0,1,1,0,2,2,6,0,0,156,0,0,0,0,0,0,0,0,0,0,0,0,0,0,2,0,0,0,1,0,0,1,0,0,0,0,2,0,0,5,0,0,0,0,0,1,0,0,0,0,1,0,0,0,0,0,0,0,0,4,0,0,0,0,0,0,0,0,0,0,1,0,0,0,0,0,0,0,0,0,0,0,0,0,0,0,0,0,0,0,0,0,1,0,0,0,0,0,0,0,4,0,0,0,0,1
MI.M05812_0263.001.N702---S506.T13r2,T13r2,High,13,Spat,254,108,26,83,230,154,1,108,35,34,10,104,94,41,5,1,50,4,5,0,90,83,4,3,27,91,0,0,22,59,19,35,1,34,1,5,59,0,0,21,3,17,0,3,8,0,3,0,11,13,11,1,0,1,6,5,1,15,33,5,1,24,2,11,0,3,17,13,5,3,17,2,21,24,2,1,6,5,12,0,1,2,1,5,2,10,9,0,23,12,3,5,12,10,17,0,7,0,20,5,15,4,4,3,4,0,0,2,1,7,1,12,2,0,0,0,5,0,0,0,2,1,0,1,19,0,1,10,4,2,20,7,0,5,0,0,9,5,6,0,1,4,0,1,0,0,0,1,26,0,0,10,1,6,0,2,0,3,0,1,3,3,3,0,1,4,0,0,0,0,5,2,2,0,1,3,9,1,0,1,1,0,0,1,4,0,2,0,7,0,0,0,0,0,2,1,1,1,0,0,0,4,0,7,0,0,9,0,3,1,9,1,0,2,0,0,5,0,1,2,1,1,6,0,0,1,0,0,1,0,0,6,6,3,3,0,0,0,0,0,2,4,0,4,1,9,0,1,0,0,2,3,28,0,0,5,0,3,2,0,1,0,0,0,0,1,4,0,4,1,0,1,0,0,0,0,0,0,6,6,2,0,0,1,0,0,1,0,1,0,0,0,2,0,0,0,1,0,1,0,1,2,0,0,2,3,7,2,0,0,1,0,3,0,0,1,2,0,1,3,2,0,0,0,3,2,0,3,2,0,0,0,2,0,0,0,0,0,0,1,0,1,2,1,0,2,1,1,0,1,2,0,0,2,0,0,1,2,0,3,0,0,1,0,0,0,0,0,5,0,0,0,0,0,0,2,0,1,2,0,0,0,0,4,0,3,1,0,1,1,1,2,0,0,0,2,1,2,0,0,0,0,0,8,3,1,0,2,1,2,1,1,0,0,0,0,3,0,0,1,2,1,0,0,0,4,0,3,0,0,0,0,1,1,0,0,1,0,0,0,1,0,0,2,0,0,2,0,0,0,3,0,0,0,1,0,0,0,4,0,0,0,3,0,1,0,0,0,0,5,2,0,3,0,2,0,2,2,0,3,2,0,0,0,1,0,0,0,0,2,0,0,0,0,0,0,0,0,2,0,0,0,0,1,0,2,0,1,2,1,0,0,0,0,1,0,0,0,0,2,3,1,0,0,0,0,0,0,0,0,2,0,1,0,0,0,2,0,0,0,0,0,0,1,0,1,0,0,0,2,0,2,0,1,0,0,0,0,3,0,0,0,0,0,0,0,3,1,3,0,0,0,6,0,1,0,0,0,0,2
MI.M05812_0263.001.N703---S501.F3H18,F3H18,High,3,18 dpf,289,38,0,58,0,0,0,0,0,141,0,0,0,0,0,0,0,0,0,0,0,0,0,0,34,0,0,0,0,0,0,0,7,64,0,0,8,62,32,0,90,0,0,0,0,15,0,6,0,0,0,0,0,0,0,0,54,0,0,0,0,0,0,0,0,0,0,0,39,0,0,0,0,0,0,0,0,0,0,91,0,19,29,0,0,0,0,0,0,0,0,0,0,0,65,0,0,0,0,0,0,0,0,0,0,0,0,0,0,0,0,0,0,0,79,0,0,0,0,0,2,0,0,0,0,0,0,0,0,157,0,0,0,0,0,0,0,0,0,0,0,0,59,0,0,0,0,0,0,51,0,0,0,0,0,0,0,0,136,0,0,0,0,0,0,0,0,0,0,0,0,0,0,79,0,0,0,15,0,0,0,44,0,22,43,0,0,0,0,0,0,0,0,0,70,0,0,0,0,0,0,0,0,0,0,14,0,0,0,0,0,0,0,0,0,39,0,55,0,0,0,0,0,0,67,0,10,0,0,0,0,0,0,0,0,0,0,0,0,0,0,0,0,0,0,0,0,0,0,0,0,0,0,0,0,0,0,0,0,16,0,0,0,21,0,0,0,15,0,0,0,0,0,0,0,0,33,0,0,0,0,0,0,15,6,0,0,0,0,0,0,4,0,12,0,47,0,0,0,0,30,40,0,0,0,0,0,0,0,0,0,0,0,0,0,0,0,0,0,10,0,108,0,0,0,0,0,0,0,0,0,0,0,0,0,0,0,0,0,0,0,0,0,0,0,0,0,0,0,0,0,0,47,0,0,0,0,0,0,0,0,0,0,0,0,73,0,0,0,0,0,0,0,0,0,0,0,0,0,0,0,0,0,0,0,0,0,12,0,0,0,0,0,0,0,0,0,0,0,0,22,0,0,0,0,0,0,0,0,0,0,0,0,0,0,0,0,0,0,0,0,0,0,0,0,0,0,0,0,0,0,0,0,0,0,0,0,7,0,0,0,0,0,0,0,0,0,0,0,0,0,0,0,0,0,9,0,0,0,24,0,0,0,0,0,0,0,0,0,0,0,0,0,0,0,0,0,0,0,0,0,0,0,0,0,0,0,0,11,0,0,0,0,0,0,0,0,0,0,0,0,0,0,0,0,0,0,0,0,0,0,0,0,0,0,0,351,4,0,0,0,0,0,0,0,0,0,0,0,0,0,0,0,0,0,0,0,0,0,0,0,0,0,0,0,0,0,0,0,0,0,0,0,0,0,0,0,0,0,0,0,0,0,0,0,0,0,0,0,0,0,0,0,0,0,0,0,0,0,0
MI.M05812_0263.001.N703---S504.T1r3,T1r3,Control,1,Spat,256,103,19,73,211,64,42,53,17,12,5,86,66,103,5,10,45,4,0,0,55,47,11,14,38,28,0,34,25,35,9,35,7,36,5,0,20,2,1,44,2,35,0,7,30,0,14,0,9,16,32,0,0,0,0,4,0,12,27,0,8,25,1,8,2,14,32,12,4,16,11,16,3,12,15,2,10,1,10,0,7,0,0,7,7,3,5,0,9,15,5,4,8,1,5,2,2,1,10,11,10,0,1,11,4,10,0,2,8,12,0,6,2,0,1,1,9,0,0,3,1,1,7,3,3,5,2,2,0,1,8,3,0,0,0,0,4,13,8,26,0,3,0,0,11,10,0,3,4,1,0,8,2,3,3,4,0,5,0,7,7,4,2,2,0,4,2,0,4,0,4,9,0,0,3,1,2,0,0,1,0,0,3,8,0,2,6,3,0,0,1,1,0,0,0,3,4,1,2,33,1,0,0,4,0,1,10,0,1,7,5,0,0,4,0,0,1,0,0,0,0,7,3,0,0,3,0,1,6,7,0,5,1,1,3,0,0,29,4,0,16,6,0,1,0,4,0,4,0,0,1,3,2,0,0,1,0,2,8,0,2,1,0,0,0,1,1,0,12,0,0,1,0,0,0,0,0,2,0,3,3,0,0,0,2,0,2,0,3,0,0,0,4,0,0,0,2,4,2,4,6,5,0,7,1,1,0,3,0,0,0,0,1,1,0,3,1,1,0,4,3,0,0,0,2,6,0,8,0,5,0,0,3,1,0,1,1,1,4,4,0,0,0,2,0,6,0,7,0,1,5,0,0,1,4,0,0,2,0,0,0,0,2,0,0,2,11,2,6,0,4,0,0,1,0,0,0,2,2,0,28,0,7,0,5,7,9,0,7,0,0,0,0,0,0,0,1,2,2,2,2,1,4,4,1,1,0,0,0,0,1,0,0,0,0,5,1,0,0,1,1,0,2,0,0,4,2,1,16,0,0,0,1,0,0,1,1,0,0,0,0,3,1,1,0,0,0,0,0,0,0,0,0,0,1,0,0,0,0,0,0,0,0,0,0,3,5,0,0,5,0,0,4,1,0,0,0,0,0,1,0,1,0,0,2,2,0,0,0,3,0,4,0,0,0,1,0,0,1,1,0,0,2,1,0,0,0,3,0,0,0,0,0,0,0,0,0,0,0,0,2,4,3,0,0,0,0,0,0,0,2,0,1,3,0,3,3,0,1,0,0,0,2,0,2,0,0,0,0,1,0,0,0,2,0,0,0,0,8,0,1,0,0,0,0,0,2,1,0,0,2,0,0,0,0,0,0,0,0,2
MI.M05812_0263.001.N703---S505.T9r3,T9r3,Low,9,Spat,203,90,16,60,40,48,79,89,40,17,0,39,197,56,16,16,26,13,2,0,33,19,3,23,36,29,0,2,17,19,46,26,15,15,17,0,17,0,0,29,0,13,0,20,19,0,9,0,8,13,12,8,0,0,3,8,0,18,23,0,0,27,13,10,0,11,32,18,7,19,11,18,1,20,19,4,16,9,12,6,24,0,0,11,16,4,0,0,10,3,0,14,14,5,5,9,6,2,10,3,3,0,9,12,7,7,0,0,10,4,3,0,0,2,0,0,8,0,0,1,0,0,5,13,0,4,17,4,0,4,0,11,0,9,0,0,15,12,11,0,0,8,0,0,0,9,0,4,2,0,0,6,9,0,0,1,0,10,0,18,5,2,7,0,4,5,16,0,0,0,22,0,9,0,0,8,2,0,0,9,0,0,0,5,0,0,0,1,21,4,2,5,0,3,0,10,0,0,3,4,6,4,0,7,0,2,11,0,0,5,12,25,0,5,0,0,5,0,0,1,0,7,6,0,2,0,0,0,4,27,0,6,7,0,11,0,0,0,0,0,0,11,0,10,0,2,0,3,0,0,0,0,0,0,0,4,0,0,6,0,6,9,0,0,0,8,0,0,7,0,0,6,0,0,0,0,0,4,0,0,0,0,0,0,13,0,0,0,3,5,0,0,0,1,0,0,7,10,3,0,6,0,0,16,0,0,0,0,0,0,0,0,0,0,8,0,4,0,0,0,0,0,3,3,4,1,0,0,1,0,0,0,0,0,0,0,0,0,0,2,0,0,1,2,0,0,0,59,0,3,0,0,0,1,0,5,0,3,0,4,0,3,4,0,2,0,5,0,13,6,2,0,0,0,0,0,0,0,6,0,9,0,0,0,5,5,0,0,6,16,0,0,0,0,0,0,1,12,0,4,0,13,0,0,0,1,9,0,4,0,0,0,0,0,0,0,0,0,3,1,1,0,0,0,3,5,10,0,2,0,0,0,2,0,0,0,0,0,0,0,0,0,0,0,0,6,0,10,0,3,6,0,0,0,8,0,0,0,0,0,5,0,0,0,0,3,3,0,0,2,0,3,0,0,2,0,0,2,0,1,3,0,0,0,0,7,0,0,0,2,0,4,0,0,0,0,0,0,0,0,0,0,2,0,0,1,0,0,1,0,0,0,0,5,3,1,0,0,0,3,0,2,0,0,0,0,0,0,0,0,0,0,0,3,0,0,0,0,3,0,0,0,0,0,5,5,0,3,0,4,0,0,0,0,0,0,0,0,0,3,4,0,0,2,0,0,3,0,0,0,5,0,0,0,0,0,0,0,0,1
MI.M05812_0263.001.N703---S506.T13r3,T13r3,High,13,Spat,240,113,30,94,222,43,23,35,37,15,6,15,203,40,6,1,59,11,4,0,14,22,18,13,40,36,0,13,34,21,27,61,14,10,5,7,12,1,0,37,1,37,1,12,14,0,18,0,11,19,15,1,3,0,7,6,2,9,45,3,1,37,5,3,0,18,9,12,11,19,28,2,66,15,2,7,17,8,10,1,20,1,0,4,6,8,4,0,3,11,10,13,19,9,5,1,8,3,14,8,6,0,2,2,15,9,0,3,12,5,2,12,9,1,0,2,4,0,0,5,0,0,9,12,4,3,3,1,6,1,3,6,0,1,12,0,7,19,16,18,2,3,0,0,0,9,0,0,12,2,0,3,3,0,5,2,1,3,0,11,1,4,0,1,0,3,5,1,0,0,13,6,3,0,5,1,5,0,0,3,0,1,1,2,0,0,3,5,0,0,1,3,0,0,0,3,2,4,0,0,1,2,0,3,0,0,10,0,2,2,10,1,0,1,0,0,3,0,0,2,1,0,2,0,2,2,0,3,0,0,0,5,2,2,4,0,0,0,2,0,9,0,0,2,0,17,0,4,0,0,1,1,0,0,1,2,0,1,5,0,1,0,0,0,0,1,1,0,5,1,0,0,0,0,0,2,0,0,5,3,4,0,0,0,2,0,0,0,1,3,0,0,3,0,1,4,1,5,0,6,6,0,0,1,1,0,0,0,0,1,3,0,2,3,0,4,1,1,1,1,2,1,2,1,2,2,0,2,2,6,0,0,2,0,0,2,1,0,0,0,0,0,1,0,0,0,1,5,16,3,0,3,0,4,1,0,2,1,0,0,0,1,2,0,1,1,1,0,0,0,6,0,0,0,27,3,0,1,4,2,1,0,0,3,1,1,10,0,3,3,0,1,0,0,0,0,5,3,0,0,0,1,0,4,4,1,0,0,0,0,1,0,0,2,1,0,1,3,0,1,0,0,6,0,0,2,0,5,0,0,2,0,1,0,0,2,0,1,0,2,0,0,1,1,0,2,0,2,0,0,0,1,0,0,1,0,0,0,5,0,2,0,4,0,2,2,2,0,0,1,0,0,0,4,0,2,0,2,0,1,0,0,1,0,0,1,0,0,0,2,0,2,0,0,0,0,0,0,1,0,0,0,1,0,0,1,0,2,3,0,0,0,0,1,0,0,0,0,0,0,2,0,1,0,1,0,0,0,0,0,1,0,0,0,0,2,1,0,0,0,0,0,0,0,0,0,0,1,0,0,1,0,0,0,0,1,0,0,1,0,0,2,1,3,0,0,0,3,2,0,7,0,3,0,3,1,0,1,0,5
MI.M05812_0263.001.N704---S501.F4H18,F4H18,High,4,18 dpf,64,274,0,21,0,0,183,42,71,59,39,37,50,43,0,0,57,36,94,0,81,34,0,49,0,51,116,0,14,0,0,22,0,0,40,0,0,0,0,26,0,0,0,44,0,0,0,0,27,0,0,0,19,0,0,0,22,54,0,0,0,31,0,22,0,0,0,0,0,20,25,0,0,0,0,0,0,0,0,0,26,0,0,21,33,0,0,0,0,12,37,0,0,0,12,14,0,0,0,0,0,0,0,0,0,0,0,0,0,0,0,0,0,0,25,0,0,0,39,0,34,0,0,0,0,0,6,0,41,0,1,0,0,0,0,0,0,0,0,0,15,0,0,0,0,0,0,0,0,24,5,0,0,0,0,0,0,0,34,0,0,0,0,0,0,0,0,0,0,0,0,0,0,0,0,0,0,0,0,0,0,0,0,0,24,0,0,1,0,0,0,0,0,0,73,0,0,0,0,0,0,0,0,0,0,0,20,0,0,0,0,0,0,0,0,0,0,17,0,0,0,0,0,0,0,18,0,0,0,0,0,0,0,0,0,0,0,0,0,0,0,65,0,0,0,0,0,47,0,0,0,0,0,0,0,0,0,0,0,0,0,0,0,12,0,0,0,0,0,0,0,0,0,0,0,0,0,0,0,0,0,10,0,13,0,0,0,0,0,0,0,0,0,0,0,0,0,0,0,0,0,0,0,0,0,0,0,0,0,0,0,0,0,0,0,0,0,0,0,0,0,19,12,0,0,28,0,0,0,0,0,3,0,0,0,15,0,0,0,12,0,0,0,0,0,0,0,0,0,0,0,0,0,44,0,0,0,0,0,0,0,15,0,0,0,9,0,0,0,0,0,0,0,46,19,0,0,0,0,0,0,0,0,0,0,0,0,0,0,0,0,0,0,0,0,0,0,0,0,0,0,0,0,0,0,0,0,0,40,0,0,0,0,0,0,0,42,0,0,0,0,21,0,0,0,0,0,0,0,0,0,0,0,0,9,0,0,0,0,0,0,0,0,0,0,0,0,0,0,0,0,0,0,0,0,0,0,0,0,4,0,0,0,0,0,0,0,0,1,0,8,0,0,0,0,0,0,0,0,0,0,0,0,0,0,0,0,0,4,0,0,0,0,83,0,0,0,0,0,0,0,0,0,0,0,0,0,0,0,0,0,0,0,0,0,0,0,0,0,0,0,0,0,0,0,0,0,0,0,7,0,0,0,0,0,0,0,0,0,0,0,0,0,0,0,0,82,14,0,0,0,0,0,0,0,0,0,17,0,0,0,0,0,0,0,0,0,0,0,0,0,0,0,0,0,0,0,0,0,0
MI.M05812_0263.001.N704---S502.F4H1,F4H1,High,4,1 dpf,178,0,3,0,0,92,0,0,0,55,0,0,0,0,0,2,0,0,15,1374,0,0,0,0,7,0,0,0,4,3,0,0,72,17,0,12,3,71,43,0,26,3,32,0,0,2,0,0,4,0,21,0,0,0,0,6,34,0,0,19,0,0,0,15,39,0,1,0,22,0,0,0,0,0,0,6,0,0,0,12,0,30,10,0,0,0,0,41,0,7,0,0,0,0,5,0,0,0,0,0,0,3,0,0,0,0,31,0,0,0,0,0,0,13,17,0,0,0,0,0,34,8,0,0,0,0,0,0,0,8,0,0,12,0,0,0,0,0,0,0,0,0,8,1,0,0,0,0,0,2,41,0,0,0,0,1,0,0,14,1,0,0,2,0,0,0,0,4,9,1,0,0,0,10,7,0,0,9,0,0,0,10,0,8,13,0,0,0,0,0,0,0,10,23,4,0,0,1,0,0,0,0,0,0,5,3,0,0,0,0,0,0,6,1,0,11,0,5,3,0,0,0,4,0,8,0,17,0,0,0,0,0,0,0,0,14,0,0,0,0,0,0,4,6,5,0,0,0,0,0,0,0,0,0,10,0,6,2,0,5,0,0,3,11,14,1,0,5,0,0,3,2,0,2,1,0,3,0,0,0,0,2,11,3,0,0,0,0,0,0,0,1,0,0,1,3,0,0,0,0,0,4,4,0,0,0,0,0,2,0,5,7,0,0,1,0,0,3,3,0,0,0,0,4,0,0,3,0,0,0,0,7,1,0,0,0,0,0,0,0,0,0,0,20,2,0,0,0,0,0,0,0,5,0,0,5,0,0,0,0,1,0,0,0,0,0,0,6,0,0,0,0,0,3,0,0,2,0,0,0,0,0,0,0,0,0,0,4,0,0,4,0,3,0,0,0,0,0,0,0,0,0,0,0,0,0,3,0,0,0,0,0,0,4,0,0,0,0,1,0,0,0,0,0,0,0,0,0,0,0,2,15,0,0,0,0,4,4,0,0,0,3,0,0,3,0,0,0,0,0,0,1,0,1,0,0,0,0,0,4,0,0,0,4,5,0,0,0,5,0,5,0,0,0,0,0,0,0,0,0,0,0,0,0,0,0,0,0,6,0,2,0,0,0,0,0,0,0,0,0,0,9,0,0,3,0,0,1,0,0,0,0,0,0,0,0,0,4,0,0,0,0,0,0,0,0,0,6,0,0,0,0,0,0,9,0,0,11,0,2,0,1,0,0,0,0,0,0,1,0,0,0,5,0,3,0,0,0,0,0,0,0,0,0,1,0,0,0,0,0,0,0,0,0,0,0,0,0,1,0
MI.M05812_0263.001.N704---S504.T2r1,T2r1,Control,2,Spat,167,207,11,97,1,35,71,31,28,25,70,68,18,27,15,41,23,33,67,0,42,19,5,46,5,11,136,62,30,21,20,19,4,12,32,7,14,0,0,24,2,6,0,7,21,0,14,0,9,21,4,1,8,0,4,16,0,23,11,0,5,18,22,7,1,21,16,20,5,17,7,5,12,9,10,7,2,10,7,0,7,2,0,13,18,5,2,1,1,8,1,8,11,8,8,2,7,2,3,9,14,3,8,10,11,9,1,0,9,2,10,4,6,0,1,4,9,0,15,8,0,0,0,6,0,16,3,0,20,0,1,1,0,9,0,0,13,1,0,1,7,9,0,0,0,31,0,15,0,1,0,5,3,0,0,1,4,8,0,9,3,4,6,1,9,2,7,0,0,0,2,2,3,0,6,15,8,0,0,3,16,0,4,1,0,0,1,7,0,2,1,3,0,2,0,1,2,0,4,0,5,0,0,3,0,0,4,0,1,3,5,5,0,6,4,0,3,0,0,5,5,3,0,3,3,7,0,6,4,2,3,0,8,4,7,1,7,1,0,0,0,3,1,1,1,8,5,18,0,0,2,3,2,0,0,5,0,2,0,0,3,0,0,0,0,3,1,0,2,0,1,3,0,0,2,0,0,4,2,3,0,0,0,0,2,2,3,0,0,5,2,0,0,0,0,0,0,3,4,1,0,0,0,2,2,2,0,4,0,2,1,0,1,2,0,0,5,0,3,4,0,0,6,0,7,1,0,3,1,2,0,0,0,3,0,4,1,7,0,2,0,0,5,2,0,2,0,0,0,7,0,0,0,3,0,0,4,2,0,8,0,7,0,1,1,4,0,0,0,14,2,0,0,0,2,1,0,0,3,1,0,6,3,0,8,0,0,0,2,0,0,1,0,0,4,4,0,1,1,0,0,0,3,0,0,0,0,0,4,0,1,0,0,0,4,0,2,3,5,1,2,1,0,0,3,3,2,0,0,0,0,0,2,3,8,0,0,0,0,4,1,0,2,2,0,1,2,2,0,2,2,0,0,0,1,0,3,0,0,0,0,0,5,0,2,1,1,0,0,1,0,2,0,0,0,2,2,0,0,0,0,0,0,0,2,1,0,0,0,0,0,2,0,30,1,0,2,7,0,0,1,0,0,0,0,1,0,0,3,1,2,0,0,3,0,1,0,0,0,0,0,1,0,0,0,3,1,0,0,0,0,0,2,3,0,2,1,0,0,0,0,0,2,0,0,3,34,2,0,0,1,0,0,3,0,3,0,0,2,0,2,0,0,1,0,0,1,1,5,0,0,1,0,0,4,0,0,0,0,0
MI.M05812_0263.001.N704---S505.T10r1,T10r1,Low,10,Spat,96,214,16,79,0,20,160,20,56,17,155,27,14,16,9,15,19,51,46,0,16,17,14,49,17,11,325,35,28,16,44,11,0,7,34,9,9,0,0,16,0,8,0,13,12,0,12,0,11,18,10,2,4,0,7,9,0,4,23,0,10,9,20,0,0,6,15,14,0,22,32,9,6,16,10,0,0,10,10,0,6,0,0,20,16,2,0,18,6,9,3,6,7,9,1,14,6,0,0,5,10,9,3,20,6,12,0,0,15,1,5,0,0,0,0,22,3,0,3,3,0,5,0,11,0,17,3,0,0,0,0,7,0,25,0,0,9,2,3,0,6,2,0,0,4,27,0,4,0,0,0,0,4,0,0,2,3,1,0,13,4,8,0,18,9,0,5,0,0,0,0,0,0,0,3,2,1,0,0,5,5,0,2,0,0,0,0,8,0,0,3,2,0,0,0,1,6,0,10,0,3,1,0,4,0,0,5,0,0,7,0,0,0,0,0,0,3,0,0,2,0,3,0,0,0,4,0,5,4,0,0,2,3,0,7,0,13,0,0,0,4,0,0,3,5,3,0,5,0,0,0,6,5,0,3,1,0,0,5,0,0,7,0,0,0,7,0,0,0,0,0,0,0,0,0,0,0,3,0,3,0,0,0,0,5,3,0,0,2,0,3,0,8,0,0,0,0,0,2,0,5,0,0,0,0,0,0,3,0,5,0,0,1,3,0,0,3,0,0,0,0,0,5,0,8,0,0,8,0,7,0,0,0,0,0,0,0,5,0,3,0,6,7,0,0,0,0,0,0,0,4,2,0,2,0,0,0,1,0,2,0,9,0,0,0,0,0,0,0,8,0,0,0,0,0,0,0,0,0,4,0,5,0,2,0,2,0,0,0,0,0,3,0,5,3,5,0,0,3,2,0,0,2,2,0,1,2,2,6,0,7,0,0,0,0,0,0,6,0,2,1,0,0,0,1,5,0,0,1,3,0,0,5,5,0,2,0,0,0,93,0,0,0,0,0,0,7,0,0,3,1,0,0,0,0,0,0,0,0,0,0,0,4,0,0,0,0,0,0,0,0,0,0,0,0,0,0,1,0,0,0,0,0,0,0,2,0,0,0,0,0,0,0,0,0,2,0,0,3,0,0,0,0,0,0,0,0,0,1,0,0,0,0,0,0,3,0,0,0,1,0,5,0,0,0,2,0,0,0,0,0,0,10,0,0,0,0,0,0,0,0,0,0,0,0,7,0,0,0,0,0,0,0,0,0,0,0,0,0,0,0,6,3,2,0,8,4,3,2,0,0,0,0,4,0,0,0,0,0,0
MI.M05812_0263.001.N704---S506.T14r1,T14r1,High,14,Spat,155,124,29,82,2,49,143,58,53,17,121,24,11,23,22,30,29,47,74,0,31,38,4,41,7,30,193,58,35,26,53,21,0,6,16,10,20,2,0,28,5,5,0,9,9,0,8,0,15,41,8,2,10,0,1,8,0,9,6,2,3,11,35,3,0,6,5,8,1,19,21,6,1,16,17,5,0,5,8,0,9,1,1,15,15,3,5,5,4,7,0,4,14,5,4,10,4,14,8,5,11,5,5,18,20,7,0,1,6,4,5,23,2,0,0,16,6,0,3,3,0,2,6,5,4,8,5,0,2,0,2,3,0,0,0,0,5,4,0,0,6,5,0,0,3,16,0,9,2,0,0,3,1,0,3,1,3,4,1,6,3,2,1,27,6,4,1,0,0,0,2,0,4,0,2,4,4,0,0,9,32,0,6,3,0,0,2,9,0,4,3,6,0,0,1,4,4,3,3,0,3,1,0,1,0,0,3,0,3,8,0,2,0,4,3,0,2,0,0,2,1,0,0,2,1,4,2,9,0,4,13,0,3,1,2,0,6,0,0,0,0,9,0,3,2,1,0,1,0,0,4,8,0,0,1,7,0,1,0,0,0,2,0,0,0,4,0,0,3,0,0,3,0,0,1,0,0,3,3,1,8,0,0,0,5,3,2,0,4,4,0,0,0,0,4,0,3,1,2,0,0,0,0,2,0,0,3,3,0,0,3,0,3,3,0,3,1,0,7,1,0,2,2,1,3,3,0,9,0,2,5,0,0,1,1,2,1,0,0,1,0,1,3,2,0,2,0,0,2,0,0,2,0,1,0,0,1,0,0,0,0,6,0,3,0,0,0,0,0,3,1,0,0,0,0,1,1,1,3,4,0,2,0,0,2,0,0,0,1,2,0,1,0,0,0,0,1,0,3,4,0,1,0,6,0,0,0,1,2,0,0,0,2,0,1,3,3,0,0,3,0,2,3,0,4,1,4,0,1,0,0,0,0,6,4,2,0,0,0,0,0,0,0,0,0,0,4,2,0,10,4,0,0,0,0,0,0,0,0,0,3,23,1,0,0,1,0,0,1,0,0,0,1,2,0,0,0,0,1,1,1,0,1,0,5,0,0,0,2,1,0,5,5,0,1,2,0,0,2,1,0,0,2,0,0,2,0,4,1,2,0,0,0,0,0,1,0,0,0,0,0,1,0,0,0,0,0,0,0,0,0,0,0,1,0,1,0,0,2,0,0,0,0,0,0,5,0,2,0,0,0,1,0,0,0,0,0,0,0,1,0,0,1,0,0,0,2,0,0,2,0,0,0,0,0,1,0,2,0,3
MI.M05812_0263.001.N705---S501.F1L18,F1L18,Low,1,18 dpf,240,10,0,99,0,110,0,0,0,217,0,5,0,0,0,0,0,0,0,14,0,0,0,0,50,0,0,0,0,0,0,0,0,137,0,0,0,44,16,0,0,0,17,0,0,15,17,0,0,0,0,0,0,0,0,0,35,0,0,99,0,0,0,0,35,15,0,0,0,0,0,0,0,0,6,0,0,0,0,54,0,22,32,0,0,0,0,41,0,0,0,0,0,0,4,0,0,0,0,0,0,0,0,0,0,0,56,0,0,0,0,0,0,47,33,0,0,24,0,0,0,69,0,0,0,0,0,0,0,124,0,0,34,0,0,0,0,0,0,8,0,0,0,0,0,0,0,0,0,0,100,0,0,0,12,0,0,0,21,0,0,0,0,0,0,0,0,0,0,28,0,0,0,62,0,0,0,0,32,0,0,28,0,0,2,0,0,0,0,0,0,0,0,0,0,10,0,0,0,0,0,0,0,0,38,9,0,0,0,0,0,0,0,0,62,0,0,49,40,0,0,0,0,0,0,0,0,0,0,0,0,0,4,0,0,0,0,0,0,0,0,0,8,0,0,0,0,0,0,0,0,0,0,0,0,0,8,0,0,0,0,0,17,10,0,0,0,0,0,0,46,0,0,0,0,0,0,0,0,44,0,28,0,54,0,0,0,0,0,0,0,0,0,15,17,0,0,0,0,0,0,12,0,0,0,0,0,0,0,0,0,0,0,0,7,0,0,0,0,0,0,0,0,0,0,0,0,0,0,0,0,6,14,0,0,0,0,0,0,0,0,0,0,0,3,0,57,0,0,0,0,0,0,0,0,0,0,0,0,0,49,0,0,0,0,11,0,0,0,0,0,0,0,48,0,0,0,0,0,0,0,0,0,0,0,0,0,0,0,0,19,0,0,0,0,0,0,0,0,3,1,0,0,0,0,0,0,0,0,0,0,7,0,40,0,0,0,0,0,0,0,0,0,0,0,0,0,8,7,0,5,0,0,0,0,0,0,0,35,0,0,0,0,0,0,0,0,0,0,0,0,0,0,21,0,0,41,0,0,5,0,0,0,0,0,5,0,0,29,0,2,0,0,0,0,0,0,24,0,0,0,0,0,0,0,0,0,0,22,0,0,0,0,0,0,0,0,0,0,0,0,0,0,0,0,0,0,0,0,0,0,0,0,0,0,0,0,0,1,0,0,0,0,0,0,0,0,0,0,0,0,0,0,0,0,0,0,0,0,0,0,11,0,0,0,0,0,0,0,0,0,0,0,0,0,0,0,0,0,0,0,0,0,0,34,0,0,0,0,0,0,0,0,0,0,0,0,0,0,0
MI.M05812_0263.001.N705---S504.T2r2,T2r2,Control,2,Spat,102,138,142,128,0,22,68,24,50,9,22,22,41,43,35,67,30,47,22,0,28,14,7,32,19,12,0,28,19,17,35,29,4,10,37,26,8,1,0,21,6,21,0,29,13,0,23,0,23,9,4,45,4,0,16,41,0,8,2,4,26,18,14,2,0,13,15,7,4,4,7,13,7,11,14,7,13,13,14,0,9,0,0,1,14,0,3,0,0,3,0,13,2,8,3,27,10,5,0,6,5,13,15,5,29,13,1,9,7,6,10,2,10,0,1,7,9,0,31,15,0,2,28,8,0,5,5,0,6,0,0,9,0,24,1,0,16,6,0,2,12,11,0,0,2,3,0,4,7,0,0,1,9,0,5,5,12,0,0,2,4,2,1,19,5,1,1,0,15,0,5,2,4,0,0,5,2,2,0,3,0,0,3,3,0,0,8,5,7,17,4,3,0,1,0,7,1,4,4,0,4,4,7,4,8,3,1,12,1,0,0,0,0,1,3,0,5,0,0,6,14,6,1,0,0,5,0,6,2,0,0,0,3,5,4,0,9,7,3,0,0,8,0,0,3,0,9,4,0,0,6,1,0,0,2,0,0,3,2,0,7,10,0,0,0,7,4,0,0,3,0,3,6,0,1,2,0,1,2,3,1,0,0,0,2,2,2,15,0,7,2,0,4,0,0,0,8,5,1,0,0,0,0,0,4,6,1,0,0,8,0,0,5,2,0,1,8,0,2,1,0,1,0,0,2,1,0,0,1,0,0,0,0,4,1,0,3,9,0,2,0,6,1,0,0,0,0,0,0,2,1,1,0,0,0,0,3,5,1,3,0,0,0,0,2,0,0,0,0,2,6,0,0,0,0,0,4,1,0,12,0,6,5,0,4,1,0,0,0,3,0,8,0,6,3,0,0,0,0,2,0,2,1,0,2,2,3,6,2,0,1,0,3,0,1,0,0,1,0,0,1,2,0,0,0,0,1,0,2,12,0,0,0,1,2,1,0,0,0,0,0,0,2,0,0,0,1,4,0,1,1,0,4,0,8,0,0,0,0,0,0,0,4,0,1,0,0,3,0,5,0,6,0,4,3,0,2,0,1,0,2,0,2,1,3,0,0,0,0,2,0,0,0,0,1,1,0,6,0,1,4,0,0,0,0,3,0,0,1,0,5,0,1,2,0,1,0,0,0,1,1,0,0,0,0,0,3,0,0,0,0,0,2,5,0,2,3,0,0,1,0,0,1,1,0,2,0,1,0,0,0,0,0,1,0,1,0,0,0,1,3,2,0,0,0,0,0,0,0,1,0,2,0,0,0,0,0,0,0,0
MI.M05812_0263.001.N705---S505.T10r2,T10r2,Low,10,Spat,184,233,252,100,0,44,40,26,33,10,27,40,35,38,27,57,32,80,21,0,35,44,3,33,15,17,0,20,16,17,35,10,7,15,32,44,16,3,0,3,2,24,2,14,32,0,17,0,23,17,5,34,0,0,22,17,0,13,1,3,28,11,13,1,0,6,5,8,3,4,0,2,7,6,6,21,5,12,7,0,17,0,0,1,17,7,0,0,6,5,0,7,3,12,1,8,10,5,9,13,10,7,17,6,9,20,0,19,4,6,1,4,4,1,2,4,3,0,15,12,0,0,15,1,5,10,3,0,2,0,0,3,0,0,4,0,4,6,2,4,5,11,0,2,0,6,0,0,5,0,0,2,2,2,8,1,12,1,0,4,7,2,3,2,5,7,14,0,14,0,5,9,2,0,2,2,3,0,0,2,0,0,7,3,0,0,7,4,3,3,9,6,0,0,1,0,2,3,1,0,6,4,2,2,0,1,4,6,0,0,0,21,0,1,4,0,12,0,0,4,5,0,2,2,0,0,0,7,1,2,0,0,3,1,2,0,9,3,4,0,1,0,1,1,1,2,5,0,0,0,2,3,15,0,0,0,0,0,1,0,9,5,0,0,0,1,4,0,1,1,0,0,2,3,2,5,0,5,1,0,1,0,0,0,0,3,2,2,0,6,1,0,4,0,1,0,0,1,2,0,0,0,0,0,7,4,1,5,0,2,1,0,2,0,1,3,0,0,0,3,0,0,1,4,0,1,0,0,0,1,0,0,3,0,0,0,3,0,6,2,0,2,6,0,0,3,2,0,1,5,1,1,0,1,0,0,4,1,0,1,0,0,0,2,0,0,0,1,3,4,2,28,0,0,0,0,1,1,1,2,0,3,0,1,0,0,0,0,0,1,1,2,0,2,2,0,3,0,3,0,0,0,2,0,1,1,0,2,3,0,3,0,3,1,1,2,1,4,0,1,0,2,2,0,0,1,0,0,2,0,0,0,2,0,3,4,0,0,0,2,0,0,0,2,0,1,1,0,0,1,0,0,2,0,1,0,0,0,0,0,0,0,2,0,0,1,0,2,0,1,0,3,3,0,0,3,1,1,2,0,4,1,1,0,1,0,0,0,1,0,0,1,0,0,0,2,0,3,0,2,1,0,0,0,0,0,0,0,4,0,0,0,8,0,2,0,0,0,0,1,0,0,0,0,0,1,1,0,0,0,0,0,5,2,0,0,0,0,0,0,0,0,0,0,0,0,0,0,0,1,2,0,0,0,0,0,0,0,0,1,2,4,0,0,0,2,0,2,0,1,1,0,0,0,2,0,0,0,0,0
MI.M05812_0263.001.N705---S506.T14r2,T14r2,High,14,Spat,197,112,77,220,10,46,33,48,98,13,28,46,3,14,34,62,18,69,26,0,51,25,9,35,44,30,0,8,9,17,55,24,0,8,31,6,12,0,3,28,10,4,2,39,40,0,7,0,63,4,35,17,0,0,1,24,0,22,0,5,8,5,12,5,0,21,1,35,8,0,3,4,4,6,0,20,5,35,5,9,12,0,0,0,13,4,0,0,4,7,0,8,15,7,7,6,34,8,5,18,3,5,11,22,1,21,2,14,1,18,4,10,2,4,0,2,9,0,10,11,0,1,3,1,4,4,0,0,7,1,6,1,0,4,0,0,2,0,0,0,14,19,0,4,0,6,0,0,2,1,0,2,1,0,5,10,15,2,0,0,2,1,1,2,4,4,0,0,0,0,0,3,5,0,0,17,4,0,0,4,0,0,12,3,0,0,5,4,0,2,1,8,0,1,0,7,4,11,1,0,4,15,0,1,19,0,5,6,0,0,2,0,1,2,13,0,1,0,0,11,0,0,10,2,0,1,0,2,1,0,1,0,6,15,0,0,7,0,5,0,0,0,0,0,1,1,4,5,0,0,2,0,0,0,1,0,0,1,1,0,3,0,0,0,0,0,2,1,2,4,0,0,0,2,2,0,0,0,5,3,1,0,0,0,0,2,6,0,0,3,1,2,2,0,7,0,1,2,0,0,0,0,0,0,4,3,2,3,0,2,0,0,0,2,0,3,1,0,0,12,4,0,0,0,0,0,0,0,6,0,0,0,4,4,0,3,1,7,0,0,0,0,2,0,0,0,6,0,0,10,0,0,0,0,0,1,6,31,0,0,0,0,1,1,0,0,0,0,0,7,0,0,0,0,0,1,0,2,0,0,0,2,1,0,3,0,0,0,0,2,0,2,0,1,1,0,1,7,0,0,0,0,0,0,8,0,2,1,1,0,1,0,20,1,0,8,1,0,0,0,0,4,0,0,0,0,0,0,0,0,0,0,1,1,0,6,0,0,0,0,0,1,5,0,0,0,6,2,0,0,0,0,0,0,0,0,0,0,0,0,0,0,0,0,1,0,0,1,0,1,0,0,0,5,0,0,0,3,1,0,0,0,5,0,0,7,0,0,0,0,0,0,0,0,0,1,0,1,0,5,0,0,0,0,0,0,0,0,1,2,0,0,0,0,0,0,0,1,0,0,0,0,0,0,1,3,4,0,0,0,1,0,0,0,0,0,0,0,0,0,0,0,0,0,0,0,0,0,0,1,0,0,2,0,0,2,0,0,0,1,0,0,1,0,0,3,0,2,1,0,0,0,0,0,0,1,0,0,0,0
MI.M05812_0263.001.N706---S501.F2L18,F2L18,Low,2,18 dpf,59,5,5,0,0,63,0,0,0,31,0,5,0,0,0,11,0,4,0,1,6,0,0,0,0,0,0,0,0,0,0,0,8,70,0,0,0,22,7,0,15,0,50,0,0,0,0,0,2,0,5,0,0,0,0,0,27,0,0,75,0,0,0,10,21,0,0,0,0,0,0,0,16,0,0,0,0,0,0,55,0,16,13,0,0,0,0,12,0,16,0,0,0,0,21,0,0,0,0,0,0,2,0,0,0,0,0,0,0,0,0,0,0,35,73,0,0,881,0,0,65,0,0,0,0,0,0,124,5,11,0,0,25,0,0,0,0,0,0,0,0,0,0,0,0,0,0,0,0,4,42,0,0,0,0,0,0,0,74,0,0,0,0,0,0,0,0,0,0,0,0,0,0,8,0,0,0,0,5,0,0,0,0,0,46,0,0,0,0,0,0,0,0,4,2,0,0,0,1,0,0,0,0,0,0,5,0,0,0,0,0,0,0,0,34,0,0,21,26,0,0,0,4,0,11,0,0,0,0,0,0,0,0,0,0,0,0,0,0,0,0,0,0,2,0,0,0,0,0,10,0,0,0,0,8,0,0,0,0,5,0,0,1,9,0,0,0,12,0,0,25,0,0,0,6,0,0,0,0,0,0,9,0,11,0,0,0,0,0,0,0,0,0,0,0,0,0,0,0,0,0,15,2,0,0,0,0,0,0,0,0,0,0,0,1,0,0,0,0,0,0,19,0,0,0,0,0,0,10,0,0,6,0,0,0,0,0,0,0,0,0,0,0,0,18,0,0,0,0,0,0,0,0,0,0,0,0,0,0,0,23,0,0,0,0,0,0,0,0,0,0,0,0,6,0,0,5,0,0,0,0,0,0,0,0,0,0,2,0,0,1,0,0,0,0,0,0,0,0,0,6,0,0,0,0,0,0,0,0,0,0,0,0,0,0,0,0,0,0,0,0,0,0,0,0,0,0,0,11,0,7,0,0,0,0,0,5,22,150,0,0,0,0,0,0,0,0,0,0,0,0,3,0,0,0,6,10,0,0,5,0,0,0,9,0,0,0,0,20,0,0,0,0,0,0,0,0,0,0,0,0,0,0,0,0,0,182,0,10,0,0,0,0,0,0,0,0,0,0,0,0,0,0,2,0,2,0,0,0,11,0,0,0,0,0,0,0,5,1,0,0,0,0,0,0,0,0,0,0,8,0,0,0,0,0,0,0,0,0,0,0,24,0,0,9,0,0,0,0,0,0,0,0,1,0,0,126,0,0,0,0,0,0,0,0,0,0,0,0,0,0,0,0,0,0,0,0,0,0,0
MI.M05812_0263.001.N706---S502.F2L1,F2L1,Low,2,1 dpf,223,0,0,0,0,35,0,0,0,62,0,0,0,0,0,0,0,0,80,20,0,0,0,0,0,0,0,0,12,0,0,0,16,0,0,20,0,53,169,0,28,0,350,0,0,0,0,0,0,0,24,0,0,0,0,6,26,6,0,13,0,0,0,34,52,0,0,0,60,0,0,0,0,0,0,0,0,0,0,81,0,91,31,0,0,0,21,0,0,0,0,0,0,0,39,0,0,0,0,0,35,0,0,0,0,0,0,0,0,0,0,0,0,36,55,0,0,0,0,0,0,39,0,0,0,0,0,0,0,61,0,0,0,0,0,0,0,0,0,0,0,0,0,0,0,0,0,0,0,35,0,0,0,0,0,0,0,0,38,0,0,0,0,0,0,0,0,22,0,8,0,0,0,0,0,0,0,0,0,0,0,0,0,0,21,0,0,0,0,0,0,0,12,0,0,0,0,0,0,0,0,0,0,0,46,0,0,0,0,0,0,0,8,0,0,0,0,34,0,0,0,0,0,0,19,0,0,0,0,0,0,0,0,0,0,0,0,0,0,0,0,0,0,0,0,0,0,0,0,0,0,0,0,0,51,0,0,0,0,50,0,0,11,0,0,0,0,12,0,0,32,0,0,0,0,0,54,0,0,0,0,11,20,0,0,0,0,0,0,0,0,0,0,121,0,17,0,14,0,0,0,58,27,0,0,0,0,0,0,0,0,0,0,0,0,0,0,0,0,0,0,11,0,0,0,0,4,0,0,0,0,9,5,0,45,0,0,0,0,0,0,0,0,0,0,0,0,0,0,0,0,0,0,0,0,0,0,0,0,0,0,0,0,0,0,9,0,0,0,0,0,0,0,3,0,0,0,0,0,0,0,0,19,0,0,0,0,9,0,0,30,0,0,0,0,0,0,0,0,0,0,0,0,0,0,0,0,0,0,0,0,17,0,0,0,0,0,0,0,0,0,0,0,0,0,0,0,0,0,0,13,0,0,0,0,0,0,0,0,0,0,0,19,0,0,0,0,0,0,0,0,0,0,0,0,0,12,0,0,21,0,0,0,10,87,0,0,0,0,0,9,0,0,0,0,0,0,0,2,0,0,0,0,0,0,0,0,0,0,0,0,0,0,0,0,0,0,0,0,0,0,0,0,0,0,0,0,0,0,0,0,0,0,0,0,0,0,22,20,0,0,0,0,12,0,0,0,42,0,0,0,0,0,0,0,0,0,0,0,0,0,0,0,0,0,0,0,0,10,0,0,0,49,0,12,0,0,0,0,0,0,0,0,0,0,0,0,0,0,0,0,0,0,0,0,0,0,0,0,0
MI.M05812_0263.001.N706---S504.T2r3,T2r3,Control,2,Spat,178,186,100,135,0,52,24,40,74,6,96,28,68,8,81,51,18,47,20,0,17,34,4,40,43,41,0,54,11,28,28,31,7,4,42,18,24,3,1,26,0,14,0,53,30,0,17,0,40,9,2,6,0,0,15,29,0,11,5,0,31,7,8,13,0,12,5,14,0,7,3,0,5,3,1,4,2,16,10,1,4,0,0,5,18,27,0,0,11,0,4,11,14,3,4,2,8,8,10,20,9,14,17,12,4,8,0,13,0,3,18,8,10,3,0,2,13,0,11,12,0,1,1,1,13,5,1,1,14,0,5,4,0,0,0,10,5,1,0,0,7,3,0,12,0,0,0,2,0,0,0,3,24,2,2,5,14,4,0,0,3,0,3,0,16,3,0,0,0,0,0,0,13,0,2,11,1,0,0,1,0,0,10,4,0,0,2,2,14,2,7,2,0,0,0,5,5,5,3,0,3,2,2,2,9,0,1,6,1,0,1,1,0,2,8,0,3,0,0,17,4,1,0,2,0,3,0,3,0,0,0,0,2,2,3,0,5,1,3,0,0,1,0,0,0,0,3,7,0,0,7,0,3,0,2,1,0,1,2,0,3,0,0,0,0,3,4,0,0,11,0,0,1,5,1,0,0,0,1,1,0,0,0,0,0,6,0,2,0,1,4,0,1,0,6,0,0,6,0,0,0,0,0,1,4,5,0,1,0,6,3,0,5,3,0,5,2,2,3,3,0,0,3,0,0,1,0,0,0,0,0,0,1,5,1,0,3,4,0,1,0,0,0,2,1,3,1,0,0,2,4,3,0,0,0,0,3,0,0,0,0,0,1,0,0,0,0,8,0,2,0,1,0,0,0,2,0,2,1,0,0,1,0,1,1,0,0,0,0,0,0,2,0,1,6,0,0,0,0,3,0,0,0,0,0,0,0,1,0,0,0,0,5,6,0,1,0,6,0,1,0,7,2,0,0,0,0,0,0,0,0,0,0,0,0,0,0,0,0,1,1,0,2,0,0,0,0,0,0,1,0,0,3,0,0,0,0,0,0,0,0,0,0,0,0,1,1,3,0,3,0,2,4,0,0,6,0,1,1,3,0,0,1,0,0,0,0,0,0,3,0,3,3,0,0,2,0,1,0,3,5,0,0,0,0,2,0,0,1,0,2,0,0,0,0,0,0,0,0,0,0,0,0,0,0,3,0,0,0,0,0,0,0,0,0,0,4,0,0,0,0,0,0,0,0,2,0,0,0,1,0,0,0,0,0,1,0,0,4,2,0,0,0,0,0,2,0,3,0,0,0,0,0,0,1,1,0,4,0,0
MI.M05812_0263.001.N706---S506.T14r3,T14r3,High,14,Spat,132,220,172,207,2,34,24,22,79,10,43,27,5,60,33,119,52,47,36,0,30,16,13,5,59,7,0,8,10,13,45,17,1,7,22,5,4,0,1,53,3,13,1,24,51,0,36,0,6,29,7,14,0,0,8,8,1,23,2,0,17,5,12,7,0,34,4,21,1,18,11,9,3,17,3,6,4,25,13,1,26,0,0,14,31,0,15,0,0,3,0,9,5,11,1,1,7,9,0,13,4,21,1,12,3,5,0,9,5,5,14,3,5,1,1,13,12,0,6,8,0,0,7,5,0,8,8,0,4,2,1,4,0,4,0,14,3,4,10,0,3,5,0,0,3,2,0,7,9,3,1,2,9,22,1,4,1,1,0,0,3,4,7,4,5,11,6,0,3,0,7,3,5,0,4,3,1,0,0,6,3,1,1,3,3,0,6,8,0,12,2,8,0,0,0,3,5,4,1,0,0,9,0,3,0,0,0,3,9,2,2,3,0,0,1,0,0,0,0,0,4,0,2,0,0,2,0,4,0,0,0,0,6,4,1,0,1,2,5,23,0,0,2,0,1,0,0,0,0,0,0,0,0,0,2,0,0,5,1,0,1,2,0,1,0,4,4,0,0,8,0,0,0,0,0,5,0,0,5,2,5,0,0,1,0,2,5,0,0,0,0,0,0,0,3,0,1,2,2,8,0,0,0,0,1,0,2,3,0,7,0,0,1,5,0,4,0,0,1,0,1,0,1,1,0,0,0,5,0,0,0,0,0,1,0,3,0,1,0,1,0,0,6,0,0,0,9,0,0,5,5,3,0,1,0,0,0,0,1,0,0,1,4,12,3,0,0,1,0,0,1,0,0,0,0,2,0,0,2,0,0,0,4,2,0,0,0,0,0,1,1,0,0,0,0,3,0,1,0,3,0,0,1,0,1,3,0,1,1,6,2,0,0,2,0,0,0,4,2,3,0,2,0,1,1,3,0,1,0,0,0,0,0,2,0,0,0,0,0,0,0,0,0,0,0,4,0,1,0,0,0,0,6,0,1,0,0,0,0,0,0,0,0,0,1,1,0,1,0,1,1,0,0,1,0,2,0,0,0,0,0,2,2,0,0,2,0,0,0,0,0,0,6,0,0,0,0,1,0,6,0,0,0,0,0,0,0,0,1,0,1,0,0,2,0,0,0,0,0,0,0,0,0,0,0,2,1,0,0,0,0,0,0,0,0,0,1,0,0,0,0,0,0,6,0,0,0,0,0,0,0,0,0,1,0,0,0,0,0,0,3,0,5,0,0,1,0,0,0,1,0,0,0,0,0,0,0,4,0,0
MI.M05812_0263.001.N707---S501.F3HL18,F3HL18,Low,3,18 dpf,149,0,90,112,0,46,0,0,4,130,0,22,0,0,0,0,0,0,12,0,0,0,0,0,26,0,0,0,8,0,0,10,40,10,0,49,0,16,25,0,45,0,0,0,0,0,0,7,0,77,0,0,0,0,0,24,11,0,0,48,0,0,0,85,28,0,9,0,14,0,0,0,13,0,0,16,0,0,5,73,0,9,55,0,0,0,0,0,0,22,0,0,0,0,49,0,0,0,0,0,8,33,0,0,0,0,0,0,0,0,0,0,0,147,72,0,0,0,0,0,35,23,0,0,0,0,0,0,23,96,0,0,20,0,0,0,0,0,0,0,0,0,0,0,0,0,0,0,0,19,0,0,0,0,0,32,0,0,0,0,0,0,0,0,0,0,0,11,0,15,0,0,0,68,0,0,0,13,0,0,0,0,0,0,27,16,0,0,0,0,0,0,0,0,0,4,6,0,27,0,0,0,0,0,0,7,0,0,0,0,0,0,0,4,0,0,0,140,107,0,0,0,0,0,0,0,0,0,0,0,0,0,0,0,0,13,0,0,0,0,0,0,0,11,0,0,0,0,0,0,0,0,0,0,0,0,0,0,0,28,0,0,0,20,0,0,0,9,0,0,25,0,0,0,0,0,0,0,0,0,0,0,15,24,0,0,0,0,0,0,0,0,0,6,0,0,0,0,0,0,0,34,10,0,0,0,0,0,0,0,0,0,0,0,18,0,0,0,0,4,0,21,0,0,0,0,10,0,10,0,0,22,12,0,0,0,0,0,0,0,0,0,0,0,11,0,0,0,0,0,0,0,0,0,0,0,0,0,0,0,37,0,0,0,0,44,0,0,0,0,0,0,0,18,0,0,4,0,0,0,0,0,0,0,0,0,0,0,0,0,0,0,0,0,0,0,0,0,0,0,79,0,0,0,0,0,0,0,0,0,0,0,0,0,0,0,0,0,0,0,0,0,0,0,0,0,0,0,0,0,12,0,0,0,0,0,14,20,6,0,0,0,0,0,0,0,0,0,0,0,0,0,2,0,0,0,0,0,0,34,0,0,0,12,0,0,0,0,6,0,1,0,0,0,0,0,0,0,0,0,0,0,0,0,0,0,0,0,0,0,0,0,0,0,0,0,0,0,0,0,0,0,0,29,0,0,0,0,0,0,0,0,0,0,0,0,0,1,0,0,0,0,0,0,0,0,0,26,29,5,0,0,0,0,0,0,0,0,0,0,0,0,0,0,0,0,0,0,0,0,0,0,0,0,7,0,10,0,0,0,0,0,0,0,9,0,0,0,0,0,0,0,0,0,0,0,0,0,0,0
MI.M05812_0263.001.N707---S502.F3L1,F3L1,Low,3,1 dpf,183,0,24,0,0,35,0,0,0,100,0,7,0,0,0,10,4,0,76,20,0,0,0,4,0,0,0,0,20,0,0,0,32,17,0,25,0,23,55,0,38,3,177,0,0,0,0,0,11,1,10,0,0,0,0,26,42,0,0,6,0,0,5,0,15,0,0,0,37,0,0,0,0,0,0,0,0,0,0,52,0,34,36,0,0,0,26,0,0,8,0,0,4,0,36,0,0,0,0,0,0,5,2,0,0,0,20,0,0,0,0,10,0,39,72,0,0,0,0,0,77,90,0,0,0,0,0,7,0,54,0,0,28,0,0,0,0,0,0,0,0,0,33,0,0,0,0,0,0,39,0,0,0,0,0,0,0,0,45,0,0,0,0,0,0,0,0,0,0,11,0,0,0,31,13,0,0,14,10,0,0,16,0,0,49,0,0,0,0,0,0,0,0,16,11,0,0,0,20,0,0,0,0,0,0,6,0,0,0,0,0,0,2,0,0,17,0,16,15,0,0,0,0,0,11,11,15,0,0,0,0,0,5,0,0,15,0,0,0,0,0,0,0,2,0,0,0,0,0,55,0,0,0,0,14,0,12,0,0,57,0,0,5,29,0,0,0,0,0,0,17,0,0,26,6,0,26,0,0,0,0,0,27,62,8,0,0,0,0,0,0,20,0,22,0,46,0,0,0,0,0,31,22,0,0,0,0,0,0,0,0,0,0,0,0,0,0,0,0,0,0,0,0,5,0,0,0,0,0,0,0,7,0,0,17,0,0,0,0,0,0,0,0,0,6,0,0,9,0,4,0,3,3,0,0,0,0,0,0,0,4,0,0,0,0,0,0,0,0,0,0,0,0,19,0,0,0,0,0,0,0,0,0,0,0,0,0,4,0,0,9,0,0,0,0,0,0,0,0,0,9,0,0,0,0,0,0,0,0,0,0,8,0,0,0,0,0,0,0,0,0,0,0,0,0,0,0,0,4,0,14,8,0,0,0,0,33,9,0,0,0,0,0,0,0,0,0,0,0,0,0,15,7,2,0,5,11,0,0,9,0,0,0,25,0,0,0,0,4,0,56,0,0,0,0,0,0,15,0,0,0,0,0,0,0,0,0,12,6,0,2,0,0,0,0,0,0,0,6,0,0,0,0,8,0,0,0,0,0,14,0,0,0,0,0,0,0,0,5,0,0,0,0,29,0,0,0,0,0,0,0,11,0,0,0,0,0,0,7,0,0,16,0,0,5,0,0,0,0,0,0,0,13,0,0,0,0,0,0,0,0,0,0,0,16,0,0,0,0,0,0,0,0,0,0,0,0,0,12,0
MI.M05812_0263.001.N707---S504.T3r1,T3r1,Control,3,Spat,79,180,129,70,0,18,155,28,43,13,58,12,37,30,56,18,15,41,40,0,15,34,6,65,31,17,61,63,27,14,31,26,0,4,33,13,4,1,0,14,6,6,0,18,23,0,16,0,22,25,4,26,0,0,5,39,0,20,1,0,40,7,25,6,0,16,2,16,1,6,3,9,3,8,21,11,7,14,11,0,12,0,0,13,9,26,0,1,2,2,13,20,7,2,5,21,12,4,1,10,7,9,8,10,10,15,1,7,17,12,11,2,13,0,0,15,9,0,15,12,0,3,0,8,0,11,3,0,2,1,0,6,0,2,5,19,2,6,1,6,17,2,0,0,2,3,0,11,6,0,0,1,12,0,7,3,20,3,0,3,15,10,0,6,3,5,0,0,0,0,0,0,6,2,2,8,4,1,0,4,0,0,9,0,0,0,5,2,4,6,2,4,0,1,0,8,4,9,3,0,2,4,12,4,0,0,2,8,3,6,0,0,0,2,5,0,0,0,0,9,4,4,5,7,0,0,0,10,0,0,0,0,0,3,6,0,1,4,4,0,0,0,2,0,0,1,0,0,0,0,1,1,0,0,0,0,0,0,2,0,1,4,0,1,0,2,2,3,0,1,0,0,21,5,2,0,0,5,1,1,2,0,0,0,1,4,1,0,1,3,6,0,11,1,0,0,0,3,0,1,0,0,1,2,4,0,2,1,0,4,1,0,3,2,0,4,11,0,0,1,0,0,2,1,3,0,1,0,2,4,0,0,1,2,0,4,5,0,0,1,0,0,2,1,0,0,1,0,6,6,3,2,0,0,0,0,0,0,3,1,0,0,0,1,0,0,0,0,0,4,0,0,0,0,0,3,2,1,0,0,0,2,1,1,1,0,0,0,1,4,1,8,0,4,0,1,0,0,0,0,0,4,1,0,0,0,2,6,0,0,4,0,1,0,7,0,0,1,0,5,0,0,1,0,2,0,3,0,0,1,0,0,3,7,0,0,0,0,0,2,2,0,0,1,0,1,1,4,0,11,1,0,3,0,2,0,0,0,0,0,0,0,1,0,0,0,0,0,0,1,0,0,0,2,2,1,0,0,8,4,1,0,1,1,4,1,0,0,0,3,0,0,1,0,5,3,0,4,2,3,0,0,0,0,0,0,0,0,2,2,1,0,0,1,0,6,0,1,0,1,0,0,0,0,0,2,5,0,0,0,0,0,1,0,0,0,0,0,0,0,1,0,0,0,0,0,0,3,0,2,3,0,0,0,0,1,0,0,0,0,1,1,0,0,0,0,0,0,0,1,0,1,2,0,0,0,0,2,0,0
MI.M05812_0263.001.N707---S505.T11r1,T11r1,Low,11,Spat,160,160,251,63,0,58,49,43,29,12,34,42,2,34,92,30,10,43,27,0,27,29,3,23,18,24,274,33,16,31,15,11,1,19,17,43,8,0,0,6,1,14,0,16,4,0,11,0,27,19,1,13,0,0,5,15,2,5,10,0,6,9,31,1,0,8,9,4,0,7,15,1,14,11,31,8,16,2,6,1,6,0,1,5,8,14,11,0,2,2,20,4,3,6,6,10,5,5,3,2,9,10,8,6,3,8,0,9,6,3,14,4,4,3,1,8,4,0,6,12,1,2,3,9,1,4,0,0,0,2,0,12,0,49,48,38,3,2,0,7,7,0,0,9,0,1,0,3,6,1,0,4,2,0,2,1,4,2,0,3,10,3,4,10,0,0,0,0,3,0,4,0,4,1,1,2,2,0,0,3,22,0,9,0,0,0,3,2,2,5,8,1,0,1,2,3,2,3,1,0,9,6,13,1,0,0,2,0,0,10,1,1,0,1,1,0,6,0,0,0,11,2,0,17,0,4,0,0,2,0,2,0,3,0,1,0,0,0,0,0,0,0,0,0,0,0,0,0,0,0,3,5,0,0,0,4,0,0,1,0,1,2,0,0,0,0,0,0,0,0,0,1,18,1,0,0,0,8,0,1,4,0,0,0,1,0,0,0,0,4,2,0,3,1,0,0,2,3,1,0,2,0,0,3,2,4,0,1,0,3,1,0,2,0,2,0,2,1,0,1,1,0,3,0,3,7,0,0,0,0,0,0,0,1,0,1,3,0,0,0,0,4,4,0,0,0,0,0,0,1,2,0,0,1,0,0,4,0,0,1,0,0,0,0,3,0,0,0,0,1,0,0,0,0,0,2,0,0,2,0,0,4,2,0,8,1,0,0,2,1,1,0,0,2,3,4,3,0,2,2,0,7,1,0,0,0,0,1,0,0,1,1,1,0,1,0,0,3,1,0,0,1,0,0,0,1,6,1,0,0,0,0,0,1,0,0,0,0,0,1,0,0,2,0,0,1,0,6,0,2,3,0,0,0,0,0,0,0,0,0,0,0,0,0,0,0,1,0,0,0,2,0,0,1,0,0,3,0,3,0,2,0,0,0,4,1,0,0,0,1,0,3,3,0,3,2,1,1,1,0,0,0,1,0,0,0,0,0,1,0,0,0,0,0,0,2,0,0,0,0,0,0,0,0,1,2,0,0,0,0,0,0,1,2,0,1,0,0,0,1,1,0,2,0,2,3,0,3,0,0,0,0,0,0,0,1,0,1,0,0,0,0,0,1,0,2,0,0,0,0,0,2,0,1,0,3,0,2,0,0
MI.M05812_0263.001.N707---S506.T15r1,T15r1,High,15,Spat,127,202,130,64,4,38,105,21,38,9,92,56,27,49,55,26,15,31,23,0,26,14,11,35,17,8,0,19,10,20,30,19,7,8,27,32,14,1,0,9,3,46,0,6,21,0,22,0,2,9,8,30,184,0,19,10,0,8,8,1,10,6,7,3,0,13,11,18,0,22,9,3,11,12,20,9,16,3,4,3,7,1,0,13,1,19,4,0,0,3,53,7,5,15,3,10,2,25,10,10,5,1,5,11,3,3,0,7,5,6,6,2,9,2,0,15,5,0,8,4,4,0,5,7,3,10,7,0,3,0,3,3,2,4,6,0,6,2,0,12,0,1,0,20,2,7,0,1,3,0,0,3,3,0,12,3,6,3,0,3,3,2,5,0,2,2,7,0,0,0,1,0,4,0,6,1,3,1,0,3,0,0,2,5,1,0,3,1,2,7,2,2,0,1,0,3,2,1,2,1,2,5,10,1,0,0,1,1,4,5,3,4,0,2,3,1,1,1,1,1,2,9,0,3,0,0,0,1,4,4,27,6,1,4,5,0,0,0,2,0,0,0,1,1,5,0,1,3,26,0,2,3,0,19,0,3,0,2,1,0,1,2,0,0,0,1,0,0,0,4,1,4,1,0,1,0,0,0,3,3,3,0,0,0,0,2,1,3,0,2,4,0,1,0,0,0,5,3,4,1,0,0,0,4,1,1,0,3,0,1,0,0,1,2,1,1,3,0,1,0,0,0,0,0,1,1,0,7,0,1,1,0,1,0,0,4,1,2,0,7,14,2,1,0,1,0,0,0,0,0,3,1,0,3,0,2,1,0,2,1,0,2,0,0,4,0,0,0,1,0,2,0,0,0,0,1,0,2,3,0,0,2,0,1,1,1,0,0,1,1,0,2,0,0,2,4,2,1,3,2,0,1,1,0,5,0,3,0,1,9,0,0,0,1,4,1,1,0,0,1,2,0,1,1,0,0,0,3,0,1,0,0,3,0,2,0,0,0,0,3,3,0,1,0,0,1,2,0,0,3,3,0,0,0,2,0,0,0,0,0,0,0,0,0,0,0,1,3,0,0,0,4,2,0,4,0,4,0,1,0,3,4,0,0,1,1,0,1,0,3,0,0,2,0,2,0,0,0,5,2,0,0,2,0,0,1,0,0,1,1,1,1,0,4,7,0,0,0,0,1,0,1,8,0,2,0,1,0,0,0,0,0,1,0,0,1,1,0,0,0,7,0,2,2,2,0,0,4,0,0,2,0,0,1,0,1,0,0,0,1,0,0,1,4,0,1,2,4,0,0,0,1,0,2,1,1,0,0,0,0
MI.M05812_0263.001.N708---S505.T11r2,T11r2,Low,11,Spat,177,134,197,121,0,69,73,83,31,3,41,23,82,34,72,58,21,49,162,0,25,35,5,34,10,35,0,43,43,25,26,14,0,8,50,44,9,0,0,2,0,6,2,27,7,0,12,0,13,15,6,39,0,0,2,20,0,7,1,1,5,7,4,3,0,8,10,5,1,8,11,3,1,11,2,5,5,12,4,0,16,0,0,12,7,12,9,2,5,4,2,15,9,7,5,12,16,4,10,2,7,2,1,4,7,10,1,9,4,5,5,9,6,0,0,11,9,0,8,9,0,0,22,6,0,3,7,0,5,0,4,0,1,0,0,0,6,6,0,1,17,3,0,3,24,2,0,4,1,1,0,10,1,0,7,3,3,5,0,7,0,4,7,0,1,1,4,0,4,0,8,0,6,0,3,5,1,0,1,2,0,0,1,2,0,2,1,0,17,8,2,3,0,0,1,7,0,0,3,22,2,0,1,4,0,0,2,3,3,0,3,0,0,0,5,0,6,0,0,3,3,0,0,5,0,4,0,3,0,0,0,0,2,6,2,0,0,0,0,0,0,0,1,0,8,2,2,2,0,0,2,5,0,0,2,1,0,3,1,0,0,1,0,2,0,0,2,1,0,1,0,0,0,0,0,0,0,2,0,1,3,0,0,0,0,8,4,0,0,2,0,0,1,0,1,0,2,0,3,4,2,0,0,0,2,2,1,3,0,0,0,0,0,3,0,1,1,0,3,2,1,0,7,1,0,2,0,0,0,2,0,1,2,0,0,5,0,0,18,0,0,3,0,1,0,0,0,0,2,6,0,0,0,1,0,0,2,3,2,3,0,3,1,2,4,0,0,1,1,1,3,0,0,0,0,0,2,2,0,0,0,3,3,0,3,1,0,0,0,2,0,3,0,1,1,1,0,3,0,0,0,0,1,0,4,1,0,2,4,6,1,1,0,2,1,0,0,1,1,1,0,3,1,0,4,0,2,1,0,0,0,0,2,1,0,0,0,0,0,0,1,0,0,1,0,0,1,1,0,1,0,0,0,0,0,0,0,0,4,0,8,0,3,0,0,1,0,1,1,0,0,0,0,0,4,3,0,1,3,1,0,0,1,0,1,0,0,0,0,3,0,0,0,0,0,2,0,1,0,1,1,0,1,0,0,0,0,0,1,1,1,5,0,1,0,0,0,0,0,4,0,0,0,0,0,3,0,0,0,0,1,0,0,1,0,1,0,0,0,1,0,0,0,0,0,1,0,0,0,0,1,1,0,3,0,1,0,0,0,2,1,0,0,2,0,0,0,2,0,3,0,3,0,0,2,0,0,0,0,0
MI.M05812_0263.001.N708---S506.T15r2,T15r2,High,15,Spat,339,94,26,115,54,110,7,122,50,16,46,98,80,20,13,32,55,1,3,0,40,51,4,1,17,71,0,0,24,58,43,26,8,24,23,15,80,0,0,10,2,68,0,13,9,0,22,0,7,12,31,2,0,0,30,4,0,28,47,1,6,30,2,9,0,11,11,6,4,0,10,6,4,7,9,7,34,2,7,1,0,0,0,0,3,5,8,0,37,11,3,8,12,11,7,1,2,2,22,3,9,2,6,5,10,0,0,5,8,8,4,15,1,0,2,1,1,0,0,0,5,0,0,2,27,0,3,0,2,1,15,7,0,2,2,0,2,5,13,0,0,1,0,1,4,0,0,2,0,0,0,5,2,13,0,8,0,8,0,11,0,5,4,2,0,5,4,0,0,0,6,4,1,0,14,1,6,0,0,2,0,0,1,0,0,0,0,1,4,0,3,0,0,0,1,2,0,0,0,0,1,1,2,7,7,0,5,0,8,0,3,2,0,1,0,0,0,1,0,1,0,0,2,0,0,0,0,0,4,27,0,4,1,1,1,0,0,0,3,1,3,3,1,3,0,3,0,2,0,0,0,1,11,0,0,5,0,2,0,0,2,1,0,0,0,0,3,0,2,1,0,5,0,0,0,4,0,0,6,2,1,0,0,0,0,0,6,0,2,1,1,0,0,0,0,0,0,0,1,0,4,0,0,0,0,0,5,2,0,4,0,0,1,0,0,1,0,0,1,2,5,2,1,0,0,0,0,0,1,0,0,0,1,0,1,0,0,0,0,4,0,0,2,0,1,7,3,0,0,3,0,0,0,3,1,0,0,3,0,2,0,1,1,0,1,0,6,0,2,0,1,0,0,0,0,0,0,5,1,0,0,0,0,2,1,0,0,0,0,2,0,2,0,0,0,0,4,0,4,1,0,1,0,0,0,1,0,0,0,4,0,0,0,1,2,0,1,2,0,2,3,0,3,1,0,1,2,0,0,0,0,0,1,0,3,0,1,0,0,0,1,0,0,0,0,3,2,2,0,0,4,0,0,0,3,0,0,0,2,0,0,0,0,0,2,4,2,0,0,1,0,0,3,0,1,0,0,2,0,3,0,0,1,1,0,0,0,0,0,1,0,3,1,0,0,0,0,0,0,0,0,0,0,4,0,2,0,3,0,0,0,0,1,0,0,1,0,0,0,2,4,0,1,0,4,0,0,0,0,0,0,0,0,1,0,3,0,0,0,0,0,0,0,0,0,0,0,0,0,0,0,0,0,0,0,0,0,0,5,0,0,1,0,0,0,0,2,0,1,0,0,0,1,2,3,0,0,0,0,2
MI.M05812_0263.001.N709---S501.F1C18,F1C18,Control,1,18 dpf,165,0,43,163,0,28,0,0,4,64,0,0,0,0,0,0,0,0,0,7,0,0,0,0,0,0,0,0,14,0,0,0,4,35,0,0,0,45,10,0,14,0,40,0,0,915,0,11,0,0,0,0,0,0,0,0,20,0,0,64,0,0,0,33,20,0,0,0,0,0,0,0,0,0,0,0,0,0,11,36,0,0,11,0,0,0,0,0,0,4,0,0,0,0,16,0,0,0,0,0,0,0,0,0,0,0,0,0,0,0,0,0,0,21,39,0,0,49,0,0,75,0,0,0,0,0,0,0,0,36,0,0,0,0,0,0,0,0,0,0,0,0,0,0,0,0,0,0,0,6,15,0,0,0,0,3,0,0,23,0,0,0,0,7,0,0,0,0,0,0,0,42,0,59,0,0,0,0,0,0,0,0,0,0,22,24,0,0,0,0,0,0,21,2,0,0,0,0,9,0,0,0,0,0,0,9,0,0,0,0,0,0,2,0,10,6,0,36,50,0,0,0,6,0,16,8,5,0,0,0,0,0,2,0,0,0,0,0,0,0,0,0,5,0,0,0,0,0,0,0,0,0,0,0,0,0,0,8,0,0,0,0,2,0,0,0,0,2,0,0,34,0,0,0,0,0,7,0,0,0,0,0,0,50,0,0,0,0,0,0,0,9,0,0,25,0,0,0,0,0,0,0,0,0,0,0,0,0,0,0,0,0,0,0,0,0,0,0,31,0,0,33,0,0,0,0,0,0,15,0,0,20,16,0,1,0,0,0,0,0,0,0,0,0,25,0,0,0,0,0,0,4,0,2,0,24,0,0,0,0,24,0,0,0,0,44,0,0,0,0,0,0,0,27,0,0,0,0,0,0,0,0,0,15,0,0,0,2,0,0,0,0,0,0,0,0,0,0,0,0,21,0,0,9,0,0,0,0,0,0,0,0,0,0,0,0,0,0,8,0,0,0,0,0,0,0,0,0,0,0,13,0,0,0,0,0,0,0,0,0,0,0,0,0,0,0,0,0,0,0,0,32,5,0,0,0,26,0,0,17,0,0,0,0,0,0,0,0,3,0,0,0,0,0,0,0,0,3,0,0,0,0,0,0,0,0,0,0,2,0,0,0,0,0,0,0,0,0,0,0,0,0,0,0,0,0,0,0,0,0,0,0,0,0,0,0,0,5,9,0,0,0,0,0,0,0,0,0,1,6,0,15,0,0,0,0,0,0,0,0,0,0,0,0,0,0,0,0,0,0,0,0,4,0,10,0,0,0,0,0,0,0,6,0,0,0,0,0,0,0,0,0,0,0,0,0,0,0,0,0
MI.M05812_0263.001.N709---S504.T3r3,T3r3,Control,3,Spat,90,193,84,114,0,17,92,26,75,11,100,23,4,57,31,18,21,26,18,0,22,13,528,14,27,10,0,31,16,13,24,21,0,6,12,33,1,0,0,15,0,5,0,17,14,0,15,0,0,32,0,32,0,0,38,9,0,11,3,0,52,8,22,0,0,14,0,21,0,0,6,14,6,9,1,36,7,5,9,5,7,0,0,6,7,2,0,0,4,0,25,5,6,8,6,18,11,8,0,3,3,14,5,0,8,0,0,8,8,2,11,0,10,0,0,25,8,0,17,0,0,0,0,1,0,5,0,0,3,0,0,7,0,34,0,9,5,0,0,10,5,6,0,0,0,3,0,12,0,0,0,4,0,2,14,4,3,3,0,3,3,3,13,0,9,3,0,0,0,0,0,0,10,0,4,1,3,0,0,5,23,0,2,0,0,0,0,5,0,4,0,0,0,0,0,2,0,0,3,0,0,0,0,5,0,0,3,19,6,0,1,4,0,0,0,0,9,0,1,1,6,0,0,11,0,0,0,5,5,0,0,0,2,2,2,0,0,0,0,2,0,0,12,1,0,3,17,0,0,0,1,9,0,0,0,3,0,0,2,0,0,11,0,0,0,6,0,0,0,0,2,3,0,0,0,0,0,1,0,2,0,0,0,0,0,6,0,0,0,1,10,0,9,0,2,0,0,1,3,0,0,0,0,0,4,3,0,0,0,0,0,0,7,0,0,4,2,0,0,2,0,0,0,0,3,2,0,0,0,0,6,0,0,0,0,0,0,0,0,3,0,3,0,0,0,0,0,0,1,4,4,4,0,0,0,0,3,0,4,2,0,4,0,0,6,0,0,0,0,0,0,0,0,0,0,0,0,0,1,0,0,0,0,0,2,1,0,0,2,5,0,2,0,2,4,2,0,0,0,0,0,0,2,0,0,0,0,2,0,0,4,0,0,0,0,0,0,2,0,0,0,0,6,0,0,0,0,0,1,11,0,0,0,0,5,0,0,0,0,0,0,0,0,0,0,0,0,0,0,0,2,0,0,0,2,0,0,0,0,0,0,0,0,0,0,0,0,4,0,3,0,0,0,0,0,0,0,0,0,0,1,6,0,0,0,0,0,0,0,0,0,0,0,0,0,1,1,3,0,0,0,0,1,0,0,0,0,3,0,0,0,0,0,0,2,0,0,0,0,0,0,0,0,0,0,0,0,0,0,0,0,0,0,3,0,1,0,0,0,0,0,0,4,3,0,0,0,0,0,0,3,0,0,0,0,0,0,0,0,0,0,1,0,1,0,0,0,0,0,0,0,1,0,0,0,2,0,0,0,0
MI.M05812_0263.001.N709---S505.T11r3,T11r3,Low,11,Spat,125,133,179,118,0,18,16,12,84,10,148,27,9,49,75,36,50,24,23,0,23,11,354,16,16,5,0,43,20,18,41,11,0,6,46,63,4,0,0,18,2,22,0,21,11,0,19,0,3,23,3,33,0,0,34,28,0,16,2,3,35,5,23,8,0,15,1,21,0,0,4,2,28,8,9,20,17,17,14,4,12,0,0,15,9,1,11,0,3,1,0,9,4,6,8,18,6,9,1,10,5,9,9,1,6,0,0,11,3,4,15,2,12,0,0,7,3,0,13,0,0,0,4,5,2,2,1,1,3,1,0,2,0,5,3,4,4,0,0,0,5,10,0,3,4,1,0,1,2,0,0,3,3,0,15,7,2,0,0,0,3,4,5,0,5,5,3,0,0,0,2,0,0,0,1,7,3,0,0,0,3,0,4,0,0,0,0,4,2,2,3,1,0,0,0,1,2,0,2,0,1,2,0,1,0,0,1,11,5,0,2,6,0,0,2,0,6,1,0,1,4,0,0,12,2,0,0,3,2,1,0,4,1,4,2,0,4,0,1,0,0,0,1,0,2,0,16,3,1,0,5,10,0,0,0,3,0,0,2,0,0,1,0,0,0,1,3,0,0,3,0,1,0,2,0,0,0,2,2,3,0,0,0,0,0,2,6,0,2,2,6,0,0,0,4,0,2,1,0,0,8,0,0,1,1,6,0,2,0,1,0,0,1,0,0,0,0,0,0,0,0,0,0,0,0,1,0,0,0,6,19,0,1,4,0,0,1,0,0,0,0,1,0,0,0,0,0,0,5,0,2,2,0,0,0,0,1,0,4,1,0,1,2,0,2,0,0,1,2,0,1,0,0,0,0,2,1,3,0,2,0,0,0,5,0,0,0,0,6,0,0,0,0,0,1,2,1,0,0,0,0,0,0,1,0,0,1,1,2,0,1,0,0,2,0,0,0,1,0,0,2,1,0,0,1,0,0,0,0,4,0,0,0,0,1,0,0,0,0,0,0,0,1,2,0,0,0,0,0,2,0,0,0,0,1,0,1,0,0,0,6,0,1,0,0,0,0,1,0,1,0,2,4,3,0,1,0,1,0,0,1,0,3,0,0,3,0,0,0,0,0,1,2,0,0,0,0,3,2,1,0,0,0,0,0,0,0,0,0,0,0,0,0,0,4,0,0,0,0,0,0,0,0,0,2,0,0,0,0,0,0,0,0,0,0,0,0,0,0,0,0,0,0,0,0,1,0,0,0,0,1,0,0,0,0,0,0,0,0,0,0,0,0,0,0,0,0,1,0,1,0,0,0,0,0,1,0,3,0,0
MI.M05812_0263.001.N709---S506.T15r3,T15r3,High,15,Spat,132,158,74,190,0,22,15,4,111,12,90,16,92,4,106,55,17,102,30,0,7,5,0,65,33,3,0,39,22,11,35,39,2,9,29,21,1,1,1,27,2,10,0,39,33,1,17,0,61,5,0,4,0,0,1,22,0,11,0,3,24,8,24,5,2,13,1,9,3,0,6,1,3,10,0,9,17,18,12,4,13,0,3,9,9,9,0,0,0,15,0,4,4,6,4,10,9,9,0,10,0,25,9,14,6,14,0,23,2,4,9,0,9,4,2,2,18,0,10,7,0,1,0,2,0,25,0,0,11,1,0,1,0,2,0,0,10,2,0,1,7,5,0,13,0,0,0,2,4,0,0,1,44,0,0,3,10,3,0,0,5,7,3,1,5,5,4,0,5,1,0,5,7,0,2,4,0,2,0,3,0,0,9,9,0,0,9,8,3,8,3,2,0,0,1,3,5,18,4,0,11,2,0,6,25,2,0,10,4,0,0,0,0,0,15,0,10,0,0,12,3,0,2,0,0,8,0,2,0,0,0,0,2,3,0,0,11,2,8,0,0,2,0,0,5,2,2,0,0,1,6,0,0,0,0,0,0,4,3,0,11,0,0,0,0,5,1,0,0,6,2,0,0,5,4,0,0,2,1,0,0,0,0,0,0,1,2,8,0,0,5,1,0,1,8,0,1,5,0,0,0,0,0,1,1,2,0,1,0,2,0,0,3,1,0,2,5,0,4,5,0,0,2,0,0,3,0,0,0,0,1,1,3,8,0,9,1,0,0,0,0,6,0,0,1,1,6,0,0,4,2,1,0,0,0,0,3,0,0,0,0,0,0,0,2,1,0,3,0,2,1,0,0,3,0,1,1,0,1,0,0,2,0,2,3,1,0,0,0,3,0,3,0,1,5,0,0,0,0,4,0,0,4,0,4,1,0,7,0,0,0,0,0,2,0,0,2,1,0,0,0,10,0,0,0,0,1,0,0,0,0,0,0,2,0,2,0,0,0,0,1,1,2,0,0,0,0,6,0,0,0,0,2,0,0,0,0,0,0,0,0,0,0,0,0,0,3,2,0,1,0,2,4,2,0,5,0,0,1,0,0,3,4,0,0,1,0,0,0,1,0,1,0,0,2,2,1,1,3,3,3,0,2,0,0,0,0,0,4,0,0,2,0,0,0,0,0,0,0,1,0,0,0,0,2,1,2,0,0,0,0,0,0,0,0,0,1,0,0,0,0,0,0,0,0,2,0,0,0,3,1,2,0,0,0,2,0,0,0,1,1,0,0,0,0,1,0,0,0,0,0,0,1,0,3,3,0,3,0,0
MI.M05812_0263.001.N710---S501.F2C18,F2C18,Control,2,18 dpf,137,32,70,123,0,67,0,0,24,101,0,21,0,0,0,0,0,0,26,2,0,2,0,0,16,0,0,0,1,0,0,0,30,50,0,19,0,21,5,0,79,0,0,0,0,370,0,264,0,0,0,0,0,0,0,0,14,0,0,58,0,0,0,0,11,0,0,0,42,0,0,0,18,0,0,0,4,5,0,53,0,18,30,0,0,0,0,0,0,8,0,0,0,0,37,0,0,0,0,0,0,0,0,0,0,0,18,0,0,0,0,0,0,2,35,0,0,0,0,0,66,0,0,0,0,0,0,12,0,19,0,0,26,4,0,0,0,0,0,0,0,0,0,0,0,0,0,0,0,5,4,0,0,0,0,0,0,0,66,0,0,0,0,0,0,0,0,31,0,0,0,0,0,16,0,0,0,0,0,0,0,47,0,0,20,0,0,0,0,0,0,0,11,19,0,0,0,0,0,0,0,0,0,0,0,0,0,0,0,0,0,0,0,0,0,0,0,63,55,1,0,0,0,0,5,0,0,0,0,0,0,0,5,0,0,2,0,0,0,0,0,0,0,0,0,0,0,0,0,4,0,0,0,0,0,0,0,0,0,28,0,0,6,17,16,0,0,34,0,0,20,0,0,14,0,0,0,0,0,0,0,8,15,17,0,0,0,0,0,0,0,9,0,0,6,0,0,0,0,0,0,26,24,0,0,0,0,0,0,0,0,0,0,0,0,0,8,9,0,0,0,50,0,0,0,0,0,0,4,0,0,8,0,0,0,0,0,0,0,0,0,0,0,0,33,0,0,0,2,0,0,0,0,0,0,0,0,0,0,0,65,0,0,0,0,45,0,0,0,0,0,0,0,46,0,0,18,0,0,0,0,0,0,0,0,0,0,0,0,0,0,0,0,0,0,0,0,0,0,0,0,0,0,0,0,0,0,0,0,0,0,0,0,0,0,0,0,0,3,0,0,0,0,0,0,0,0,0,0,0,6,0,4,0,0,0,0,1,0,0,4,0,0,0,0,0,0,0,0,0,0,0,0,40,0,0,11,0,0,15,0,0,0,0,0,0,0,0,0,0,0,0,0,0,0,0,0,0,0,0,0,0,0,0,0,0,0,0,7,0,0,0,0,0,0,0,0,0,0,0,0,0,0,0,0,0,0,0,0,0,0,0,0,0,0,0,0,0,19,0,0,0,0,0,0,0,0,0,6,0,0,0,0,0,0,0,0,0,0,0,0,0,0,0,0,0,0,0,56,0,0,0,0,0,0,0,0,0,0,0,0,0,0,0,0,6,0,0,0,0,0,0,0,0,0,0,0,0,0,0
MI.M05812_0263.001.N710---S502.F4L1,F4L1,Low,4,1 dpf,89,0,13,0,0,110,0,0,0,107,0,0,0,0,0,10,1,0,8,344,0,0,0,0,16,0,0,0,12,0,0,0,66,21,0,5,15,69,112,0,45,1,80,0,0,42,3,0,7,2,43,0,0,0,0,1,176,1,0,28,0,0,0,48,48,1,1,0,19,0,0,0,0,0,0,7,0,0,0,53,0,5,152,0,0,0,1,24,0,12,0,0,0,0,6,0,0,0,0,0,0,3,0,0,0,0,29,0,0,0,0,0,0,99,21,0,0,0,0,0,18,41,0,0,0,0,0,1,0,30,0,0,13,0,0,0,0,0,0,0,0,0,11,0,0,0,0,0,0,8,17,0,0,0,0,1,0,0,4,0,0,0,0,0,0,0,0,7,5,5,0,0,0,24,4,0,0,6,7,0,0,12,0,2,9,1,0,0,0,0,0,0,9,9,4,0,0,0,5,0,0,0,0,0,5,10,0,0,0,0,0,0,11,4,0,26,0,8,2,0,0,0,6,0,11,0,8,0,0,0,0,0,0,0,0,13,0,0,0,0,0,0,8,5,2,0,0,0,0,13,0,0,0,0,8,0,12,10,0,6,0,0,37,8,6,0,0,12,0,0,2,0,0,14,4,0,2,0,0,0,0,55,4,4,1,0,0,0,0,0,0,3,0,16,1,11,0,0,0,0,0,2,5,0,0,0,0,0,8,0,8,47,0,0,5,4,3,2,0,0,0,3,0,9,0,3,5,0,0,0,0,4,0,2,8,0,0,2,4,0,0,0,0,8,4,0,0,0,0,1,0,0,4,0,0,13,0,1,1,0,0,0,0,0,0,4,0,5,0,0,0,0,0,2,0,0,0,0,0,0,0,0,1,0,0,0,0,2,0,0,8,0,1,0,0,0,0,0,0,0,0,0,0,0,0,0,0,0,0,0,0,5,0,0,0,0,0,0,2,0,0,0,0,0,0,0,0,0,0,0,0,3,0,0,0,4,10,0,1,0,7,2,2,0,2,0,0,0,3,0,0,2,0,13,0,12,3,3,11,2,0,0,1,0,2,0,0,0,3,0,6,0,0,0,0,0,0,0,0,0,0,0,0,0,0,0,0,1,2,0,5,0,3,0,0,0,3,0,0,0,0,1,0,0,15,3,3,0,0,3,0,0,0,0,0,0,0,4,2,0,0,0,1,18,0,0,0,2,6,19,8,3,0,0,3,0,0,3,0,3,0,5,0,0,4,0,0,0,5,1,0,2,0,2,7,0,0,4,0,0,0,0,0,0,7,0,0,0,0,0,0,0,0,0,0,0,15,0,2,0
MI.M05812_0263.001.N710---S503.F4L3,F4L3,Low,4,3dpf,317,0,19,0,0,21,0,0,0,204,0,0,0,0,0,0,0,0,33,29,0,1,0,0,0,0,0,0,3,0,0,0,33,8,0,0,0,41,63,0,102,6,42,0,0,1,0,0,5,0,17,0,0,0,0,18,56,0,0,71,0,0,0,41,16,0,15,0,20,0,0,0,0,0,0,0,0,0,0,145,0,9,33,0,0,0,16,23,0,0,0,0,0,0,60,0,0,0,0,0,0,9,0,0,0,0,16,0,0,0,0,0,0,47,39,0,0,0,0,0,54,0,0,0,0,0,0,1,0,59,0,0,22,5,0,0,0,0,0,0,0,0,0,0,0,0,0,0,0,142,0,0,0,0,0,0,0,0,52,7,0,0,0,0,0,0,0,3,0,6,0,0,0,42,0,0,0,8,0,0,0,10,0,0,21,0,0,0,0,0,0,0,0,21,23,1,0,0,0,0,0,0,0,0,0,0,0,0,0,0,0,0,2,0,0,26,0,28,18,0,0,0,0,0,18,0,19,0,0,0,0,0,0,0,0,11,0,0,0,0,0,0,0,10,0,0,0,0,0,2,5,0,0,0,0,0,0,0,0,31,3,0,0,34,28,0,0,90,0,0,20,0,0,0,0,0,0,0,0,0,0,6,5,35,0,0,0,0,0,0,0,16,0,0,0,0,0,0,0,0,0,41,6,0,0,0,0,0,0,0,0,17,0,0,0,0,8,0,0,0,0,31,0,0,0,0,8,0,0,0,0,32,0,0,5,0,0,0,0,0,0,0,0,0,26,0,0,0,0,0,0,0,0,0,0,0,0,0,0,0,17,0,0,0,0,45,0,0,0,0,0,0,0,18,0,0,0,0,0,0,0,0,0,0,0,0,0,9,0,0,0,0,0,0,0,0,0,0,0,0,12,0,0,0,0,0,0,0,0,0,0,5,0,0,0,0,0,0,0,0,0,0,0,0,0,0,0,0,0,0,19,0,0,0,0,0,0,6,0,0,0,0,0,0,4,0,0,0,0,0,0,2,0,0,0,0,0,0,0,13,0,0,0,48,0,0,0,0,0,0,9,0,0,0,0,0,0,0,0,0,0,0,0,0,0,0,0,1,27,0,0,0,0,0,0,0,0,0,3,0,0,0,0,2,0,0,0,0,0,6,0,0,0,0,0,0,0,6,23,0,0,0,6,0,0,0,0,18,4,8,0,0,0,0,0,0,0,0,0,0,0,31,0,0,0,0,0,0,0,0,0,0,0,0,0,0,0,0,0,0,0,0,0,0,12,0,0,0,0,0,0,0,0,0,0,0,2,0,7,0
MI.M05812_0263.001.N710---S504.T4r1,T4r1,Control,4,Spat,148,200,216,116,11,42,60,29,74,15,33,40,81,39,52,59,41,25,7,0,13,24,54,5,28,15,0,0,27,26,22,11,1,9,12,22,23,1,0,26,8,9,0,27,23,0,29,0,0,11,11,14,0,0,103,8,0,8,27,0,8,15,10,0,0,8,12,10,0,27,6,44,24,9,5,8,14,6,12,2,3,0,0,6,10,5,55,0,0,3,10,11,10,19,7,8,5,0,2,6,12,4,1,6,12,0,0,0,10,1,1,0,15,0,0,5,11,0,0,2,0,0,23,8,5,0,5,0,7,0,4,0,0,4,0,0,11,5,8,0,2,3,0,2,28,2,0,3,4,0,0,8,8,0,0,0,2,2,0,6,4,2,17,0,9,1,0,0,0,0,0,0,7,0,0,0,2,0,0,1,0,0,2,0,0,0,0,11,6,8,4,4,0,0,0,11,3,0,3,32,2,2,2,4,0,0,2,3,4,2,2,1,0,0,0,0,0,0,0,0,8,0,0,1,0,0,0,4,3,0,0,0,4,0,4,0,0,0,0,20,0,0,0,3,5,0,2,0,0,0,0,0,1,0,0,3,0,0,2,0,0,6,0,0,0,0,6,0,0,0,0,1,0,0,0,0,0,0,1,4,1,1,0,0,4,0,0,0,1,2,9,0,3,0,0,0,1,0,5,4,0,0,0,0,4,0,4,3,0,2,0,0,2,1,0,0,2,0,0,0,0,0,0,0,0,0,0,0,3,8,0,1,0,0,2,0,0,14,0,6,0,5,5,0,1,1,0,0,4,2,0,1,0,1,1,0,0,0,0,1,0,2,4,0,1,0,0,0,4,0,2,0,0,0,0,0,0,0,2,1,0,0,2,5,0,0,0,0,0,1,0,1,0,0,0,3,0,0,0,2,0,1,2,0,0,0,2,0,0,3,0,0,0,0,0,0,0,2,0,3,0,0,0,0,0,0,1,0,0,39,0,0,0,0,6,0,0,0,0,0,0,0,0,0,0,0,0,0,0,0,4,0,0,0,0,0,0,0,0,0,0,0,0,0,0,0,1,0,0,1,0,9,0,0,0,0,0,0,0,0,0,0,3,0,0,0,0,0,0,1,0,0,3,0,0,0,3,0,1,1,0,0,1,3,0,0,0,0,0,0,4,0,0,0,8,1,0,0,0,0,0,0,7,0,2,0,0,0,0,0,0,0,0,0,0,0,0,0,0,5,0,0,0,5,0,2,0,0,0,0,0,0,0,0,0,0,0,0,0,0,0,3,0,0,0,0,0,0,0,0,0,0,14,0,0,0,0,0,0,0
MI.M05812_0263.001.N710---S505.T12r1,T12r1,Low,12,Spat,135,231,154,79,24,65,67,77,45,13,30,51,12,59,35,76,34,55,16,0,25,38,31,4,15,19,0,13,12,31,11,13,0,11,15,6,19,1,0,20,4,0,2,28,18,0,18,0,4,15,4,12,0,0,27,2,1,11,13,1,12,25,15,5,1,9,8,5,0,19,1,130,9,6,44,10,12,8,10,3,16,1,0,3,15,2,30,0,3,2,0,4,6,5,2,5,12,1,3,6,5,9,8,1,13,3,2,3,6,7,3,10,0,0,0,9,6,0,0,1,0,0,13,10,1,1,19,5,1,0,1,4,0,2,5,0,4,6,1,0,0,0,0,0,12,0,0,7,14,0,0,9,2,41,0,2,0,4,0,3,3,2,4,3,3,5,4,3,3,0,1,0,1,0,2,2,4,1,2,1,0,0,3,1,0,0,4,5,0,8,8,5,0,0,0,4,2,2,3,4,2,2,2,2,1,0,0,6,2,17,0,1,0,6,0,0,0,0,0,1,3,10,0,0,0,1,0,0,14,0,0,0,1,1,6,0,3,0,0,18,0,0,0,3,5,0,7,0,0,0,0,4,6,0,5,1,0,1,2,0,1,8,0,0,0,1,1,0,3,0,1,0,0,0,1,19,0,6,3,5,0,0,0,0,6,0,3,1,8,2,3,0,3,0,0,0,14,3,13,2,0,0,0,5,4,2,0,0,0,2,1,0,0,2,0,1,2,0,0,2,1,0,0,0,6,0,0,5,1,7,1,2,0,2,1,0,4,1,0,2,0,3,3,1,0,2,0,0,0,0,1,1,0,1,1,0,1,0,0,6,0,3,0,0,2,0,0,0,2,0,5,0,0,0,0,4,0,2,1,2,0,0,2,2,3,0,0,0,0,8,0,1,0,1,1,0,2,2,2,4,0,2,2,0,0,5,7,0,2,3,0,0,1,0,1,0,2,1,0,3,0,0,0,23,2,0,2,0,1,2,0,0,0,1,0,0,0,0,0,0,0,0,1,1,0,0,1,0,0,0,3,0,0,0,1,0,0,0,0,0,0,0,0,0,0,1,4,0,0,0,0,4,0,0,1,0,0,2,4,0,4,0,0,0,0,0,0,0,0,1,0,1,0,0,4,1,1,1,2,0,0,0,2,0,0,0,0,0,1,1,0,0,0,0,0,1,0,0,2,2,3,0,0,0,2,0,0,0,0,0,0,0,0,0,0,0,0,0,0,1,0,0,2,5,0,0,0,0,0,0,1,4,0,3,0,0,0,0,0,0,1,5,0,0,0,1,0,0,1,1,0,1,2,0,0,0,0,0,0,1
MI.M05812_0263.001.N710---S506.T16r1,T16r1,High,16,Spat,123,114,274,93,0,19,55,25,42,11,55,19,6,67,94,32,15,40,31,0,13,31,2,41,30,12,76,56,30,16,9,15,1,5,41,57,8,0,0,10,3,13,0,12,19,0,22,0,26,35,5,20,0,0,6,30,0,13,11,2,16,11,59,0,2,11,0,13,1,10,21,0,20,9,18,6,1,6,7,2,8,1,0,12,7,57,7,5,0,5,0,4,5,11,5,14,14,11,2,7,1,11,5,12,4,9,0,9,5,33,7,9,5,1,0,5,6,0,14,15,0,0,0,12,1,8,5,0,9,1,1,2,0,0,19,12,2,1,0,14,3,2,0,6,0,0,0,7,3,0,0,8,4,0,6,5,9,2,0,0,12,5,0,0,3,2,9,0,0,0,1,0,9,0,1,4,3,0,0,8,0,0,6,5,0,0,7,7,0,0,3,3,1,0,0,3,11,8,0,0,5,0,10,2,0,0,2,3,2,7,0,4,0,2,0,0,0,0,0,4,2,0,0,15,0,5,0,2,1,2,0,0,2,6,3,4,2,0,3,0,0,4,0,1,0,1,2,0,0,0,7,2,0,0,0,1,0,0,1,0,4,1,0,0,0,0,3,0,1,5,0,0,15,0,2,0,0,1,1,3,0,0,0,1,2,1,2,9,0,1,6,0,1,0,1,0,4,3,2,0,3,0,0,4,2,1,1,2,0,1,5,0,0,1,0,0,1,0,0,2,0,0,4,0,0,0,0,0,1,3,0,0,4,0,0,1,7,2,0,0,0,3,1,2,0,0,2,0,5,1,2,5,0,1,0,0,2,0,0,2,0,0,0,0,0,0,0,0,1,4,0,0,0,0,2,3,2,2,0,0,0,1,2,3,2,5,0,0,0,0,3,1,0,0,1,0,0,0,0,0,0,3,0,0,0,0,3,1,1,0,2,0,3,0,1,2,4,0,3,1,1,0,0,0,0,4,4,1,0,3,0,0,0,6,0,2,0,0,0,0,2,0,0,2,0,2,4,1,0,7,0,0,2,0,1,0,0,0,0,0,1,0,0,0,0,0,0,0,0,3,0,0,4,0,0,1,4,1,2,0,0,2,2,0,6,0,0,0,0,4,0,2,0,0,4,1,2,0,1,0,2,0,4,0,0,0,0,0,0,0,2,0,0,0,0,2,0,0,1,0,0,4,0,0,1,2,1,0,0,0,0,0,1,0,0,1,1,0,0,0,0,0,0,1,1,0,0,0,0,1,1,0,0,0,0,1,0,0,1,0,3,0,0,0,0,0,0,0,0,2,0,1,0,0,2,1,0,0,1,0
MI.M05812_0263.001.N711---S501.F3C18,F3C18,Control,3,18 dpf,203,79,0,3,0,25,0,0,0,195,0,0,0,0,0,0,0,0,0,3,0,0,0,0,10,0,0,0,0,0,0,0,11,0,0,8,0,74,80,0,13,0,7,0,0,43,0,388,0,0,0,0,0,0,0,10,14,10,0,0,0,0,0,0,29,0,0,0,7,0,0,0,0,0,0,0,0,0,0,194,14,40,27,0,0,0,0,0,0,0,0,0,0,0,2,0,0,0,0,0,0,0,0,0,0,0,24,0,0,0,0,0,0,52,122,0,0,0,0,0,64,0,0,0,0,0,0,2,0,55,0,0,14,0,0,0,0,0,0,0,0,0,0,0,0,0,0,0,0,15,17,0,0,0,0,0,0,0,99,0,0,0,0,0,0,0,0,0,0,0,0,0,0,123,0,0,0,28,27,0,0,0,0,0,3,48,0,0,0,0,0,0,2,13,5,0,0,0,23,0,0,0,0,0,0,0,0,0,0,0,0,0,17,0,0,23,0,30,26,0,0,0,0,0,32,0,0,0,0,0,0,0,0,0,0,0,0,0,0,0,0,0,0,0,7,0,0,0,0,0,0,0,0,0,0,0,0,0,0,5,0,0,15,0,0,0,0,27,0,0,15,0,0,0,0,0,0,0,0,0,0,0,0,43,0,0,0,0,0,0,0,12,0,0,0,0,0,0,0,0,0,0,0,0,0,0,0,0,0,0,0,0,0,0,0,0,0,24,0,0,0,21,0,0,0,0,49,0,0,0,0,36,0,0,0,0,0,0,0,0,0,0,0,0,0,0,0,0,0,0,0,0,0,0,0,0,0,0,0,0,13,0,0,0,0,7,0,0,0,0,0,0,0,17,0,0,0,0,0,0,0,0,0,0,0,0,0,0,0,0,0,0,0,0,0,0,0,0,0,0,0,0,0,0,0,0,0,0,0,0,0,0,0,0,0,0,0,0,0,0,0,0,0,0,0,0,0,0,2,0,78,0,0,0,0,15,24,16,0,0,0,0,0,0,0,0,0,0,0,0,0,0,0,0,0,4,0,0,0,0,0,0,0,1,0,0,0,0,0,0,0,0,0,0,0,0,0,0,20,0,0,0,0,0,0,0,0,0,75,0,0,0,0,0,0,0,0,0,0,0,0,0,0,0,0,0,0,0,0,0,0,30,0,0,0,0,0,20,0,0,0,0,0,0,0,0,0,0,39,0,0,0,0,0,0,0,0,0,0,0,0,17,0,0,0,0,0,0,0,0,0,0,0,0,0,0,0,0,0,0,0,0,0,0,0,0,0,0,0,0,0,0,0,0,0,0,15,0,0,0
MI.M05812_0263.001.N711---S502.F1C1,F1C1,Control,1,1 dpf,710,0,14,0,0,62,0,0,0,113,0,0,0,0,0,7,2,0,0,11,0,0,0,1,14,0,0,0,22,0,0,0,47,0,0,19,7,67,78,0,18,5,87,0,2,6,7,0,8,3,12,8,0,0,0,4,65,5,0,23,0,0,1,43,68,2,6,0,49,0,0,0,0,0,0,10,0,0,3,46,0,15,55,0,0,0,5,0,0,6,0,0,0,0,0,0,0,2,0,2,2,9,0,1,2,0,24,0,1,0,3,2,8,20,4,0,0,0,0,0,3,18,0,2,0,1,0,0,11,24,0,2,7,2,0,0,0,1,0,0,0,0,21,0,0,0,0,0,0,64,3,0,0,0,6,3,3,2,1,8,0,2,0,0,0,0,0,18,15,33,0,26,3,21,1,0,0,11,24,0,0,8,0,3,5,0,0,0,0,0,0,0,7,3,3,1,0,2,22,0,0,4,0,0,15,31,0,0,0,0,0,0,25,5,0,21,0,0,0,0,0,3,2,0,14,2,22,0,0,0,0,0,0,0,0,12,0,0,2,0,0,0,7,10,8,0,0,0,0,21,6,0,0,0,3,0,7,5,0,0,4,0,10,4,1,2,0,8,0,2,1,20,0,0,12,0,6,0,0,0,0,1,3,0,10,1,2,0,0,0,0,18,0,17,3,15,0,2,0,0,2,0,20,0,0,0,0,0,0,0,10,3,3,3,13,7,0,11,3,0,0,0,1,14,0,0,3,0,3,0,0,0,3,0,5,0,1,0,4,0,0,0,0,2,0,0,0,0,0,3,0,1,2,0,0,4,0,2,2,0,0,0,0,0,0,1,0,7,0,0,0,0,0,0,0,2,6,0,0,0,0,0,0,0,0,0,1,17,0,0,2,2,4,0,0,0,0,0,0,1,3,0,0,0,0,0,0,0,0,0,0,18,0,0,0,0,0,0,15,0,0,0,0,0,0,0,0,0,1,0,1,0,0,0,0,3,1,0,0,0,5,2,8,0,5,0,0,0,1,0,0,3,3,6,0,7,2,2,1,0,0,0,0,0,5,0,0,0,0,0,4,0,3,0,0,0,1,2,0,0,0,2,0,0,0,0,0,6,0,0,11,0,5,2,0,0,4,0,0,0,0,4,0,6,0,8,9,0,0,5,0,0,0,0,0,0,0,2,4,0,0,0,0,0,0,1,0,0,20,2,5,9,0,0,0,0,0,5,8,1,0,5,0,0,0,0,0,0,0,1,0,9,7,2,0,0,0,0,0,0,0,0,0,0,0,3,0,0,2,0,0,0,0,0,0,0,5,0,4,0
MI.M05812_0263.001.N711---S504.T4r2,T4r2,Control,4,Spat,103,221,134,89,10,27,252,12,59,21,90,19,95,101,34,23,13,29,38,0,24,16,17,43,12,7,0,18,17,8,26,19,1,12,27,27,8,0,0,11,0,80,0,11,12,0,22,0,0,12,10,30,0,0,10,10,0,2,19,0,10,6,2,12,0,11,11,8,0,29,4,11,17,4,15,11,20,10,10,0,5,0,0,16,4,12,20,11,0,3,5,11,4,9,3,20,3,10,1,2,7,0,7,8,21,5,0,10,4,1,5,0,9,0,0,32,3,0,3,1,0,0,0,6,0,11,6,2,1,2,3,2,0,0,14,25,2,8,0,18,3,2,0,11,0,10,0,4,16,0,0,3,1,0,5,5,4,1,0,10,7,1,12,1,6,7,0,0,0,0,0,0,5,1,0,4,4,0,0,5,0,0,7,3,0,0,0,2,3,10,4,0,0,0,0,3,4,3,0,4,1,3,10,1,0,0,1,0,9,10,0,0,0,1,0,0,0,0,0,2,6,1,0,5,0,4,0,3,5,0,0,0,1,5,1,0,0,7,0,0,0,0,0,0,0,0,2,2,12,0,2,5,0,0,0,6,0,0,1,0,3,4,0,0,0,2,2,2,4,2,0,2,2,0,1,0,0,3,0,1,9,0,0,0,0,3,0,10,0,5,3,0,0,0,0,0,0,0,0,1,0,0,0,13,2,4,0,1,0,9,1,0,2,2,0,0,0,0,0,0,0,2,4,0,2,0,0,0,0,0,2,0,1,0,0,11,0,0,0,6,9,2,2,0,0,0,0,0,0,0,2,1,0,0,0,0,2,0,3,5,0,2,1,0,0,0,0,0,0,4,0,0,0,0,0,0,0,3,0,0,3,1,1,0,1,1,0,0,2,3,0,2,0,2,2,1,3,0,0,0,0,5,6,0,0,3,0,0,4,1,0,0,1,0,3,0,0,0,0,2,0,0,0,0,11,1,0,8,0,0,0,0,2,6,0,0,0,0,0,0,0,0,0,2,0,0,2,0,0,2,1,0,0,0,0,0,0,0,0,0,2,0,2,0,1,0,0,1,0,0,0,1,0,0,5,0,0,0,1,0,0,0,0,0,0,0,0,0,0,1,0,0,0,0,0,0,0,0,1,0,0,0,0,0,0,0,0,0,0,0,0,0,0,0,0,4,0,0,0,0,0,0,0,0,0,0,2,0,0,0,0,0,0,4,0,3,0,0,0,0,6,0,0,0,0,0,0,6,0,0,3,0,0,2,0,1,0,0,2,0,0,0,0,2,0,0,2,0,0,0,0,1,0,3,0,1,0,0,0,0
MI.M05812_0263.001.N711---S505.T12r2,T12r2,Low,12,Spat,129,186,190,87,17,57,96,37,47,4,87,27,82,91,32,26,15,27,61,0,21,11,30,42,12,16,0,39,21,18,38,9,3,13,53,27,9,1,0,19,0,32,0,6,12,0,23,0,1,4,35,32,0,0,21,13,2,7,17,0,29,8,3,5,0,10,8,10,2,38,3,8,2,11,26,20,11,6,6,2,8,0,0,18,2,26,6,5,2,6,3,3,7,5,2,6,4,28,4,8,4,0,6,10,9,7,0,17,4,1,14,1,15,0,1,6,9,0,2,7,0,0,0,9,1,5,7,0,2,0,0,2,0,1,4,16,0,1,0,4,2,2,0,26,5,2,0,4,4,2,0,1,2,0,18,7,7,2,0,5,2,1,4,0,4,5,0,0,0,0,0,0,3,0,2,3,5,0,0,2,0,0,0,0,0,0,4,1,5,0,6,2,0,0,0,4,4,0,5,11,4,1,8,2,0,0,3,1,8,9,2,0,0,3,0,0,0,0,0,2,3,2,0,4,1,5,0,4,1,5,2,0,0,1,6,0,0,4,1,1,0,0,0,1,3,3,1,3,3,0,5,3,1,0,0,2,0,0,2,0,0,3,0,0,0,2,2,0,0,3,0,3,2,1,1,0,0,6,0,3,3,0,0,0,1,7,1,14,1,1,2,0,2,0,2,0,4,0,1,1,0,0,0,8,0,1,1,1,0,4,0,0,0,6,0,2,0,0,0,3,0,0,5,0,2,0,0,1,0,3,2,0,3,2,0,0,2,3,0,5,9,4,0,0,0,0,0,0,1,1,1,3,0,1,0,0,0,0,1,3,0,2,0,0,5,0,0,0,0,0,1,0,0,0,0,5,0,0,0,0,0,3,2,0,0,1,0,0,4,3,1,1,0,4,1,1,0,0,9,1,0,2,4,0,0,3,1,3,4,5,0,0,0,0,3,0,0,1,0,1,1,1,0,0,5,0,0,0,1,5,0,0,5,1,0,1,0,0,0,5,0,0,0,3,0,0,3,0,0,0,2,0,1,0,3,0,0,0,0,0,0,5,2,0,1,1,1,1,0,0,0,0,0,0,0,1,2,1,0,1,2,2,1,0,2,0,0,0,0,2,0,2,0,0,2,3,2,1,1,0,0,0,2,0,0,0,0,0,0,0,2,0,0,4,0,0,0,0,0,0,1,0,0,0,0,1,2,0,0,0,0,0,2,0,0,1,0,0,0,0,2,0,0,4,0,3,0,2,0,0,1,0,0,0,0,2,0,0,0,0,0,0,0,1,0,2,0,0,0,3,0,2,0,0,0,2,0,0,0,0
MI.M05812_0263.001.N711---S506.T16r2,T16r2,High,16,Spat,150,158,132,103,0,46,86,32,50,4,31,16,73,43,65,47,24,64,102,0,14,21,23,31,29,12,0,36,61,20,32,25,0,4,38,55,9,2,2,9,0,15,0,44,12,0,15,0,30,19,12,36,0,0,35,22,0,4,5,4,12,8,10,3,0,7,6,6,2,18,15,11,19,8,5,7,13,12,8,2,10,0,0,14,9,16,10,0,2,2,0,6,5,9,2,2,16,8,3,2,1,4,9,6,7,9,0,12,17,4,5,0,3,0,0,4,4,0,15,4,0,1,2,7,1,9,4,0,3,0,1,1,0,0,0,14,2,12,3,0,13,1,0,6,2,0,0,6,1,0,0,1,4,0,5,6,6,5,0,6,12,2,2,0,8,1,1,0,0,0,2,3,5,0,4,6,3,1,0,5,4,0,10,5,0,0,3,4,3,2,0,1,0,0,0,4,3,1,2,0,1,9,3,0,0,0,4,0,7,1,0,0,0,0,4,3,3,1,0,2,3,1,0,8,0,6,0,8,2,0,0,0,1,2,1,1,3,0,4,0,0,5,0,2,16,0,1,0,0,0,2,5,0,0,0,4,0,0,1,0,2,1,0,0,0,1,5,0,0,3,0,2,0,0,0,0,0,5,1,0,0,0,1,0,2,9,3,4,0,1,0,1,5,0,2,0,0,0,1,20,0,0,0,2,2,0,1,4,0,4,1,0,6,1,0,3,1,0,2,2,0,0,8,0,0,1,0,0,0,11,0,0,1,2,0,1,2,3,0,1,0,6,3,1,0,1,1,0,7,1,2,1,0,1,0,0,0,0,2,3,0,3,1,1,0,3,0,0,0,8,0,6,0,0,20,2,5,1,0,3,0,5,3,0,0,2,0,0,5,2,0,1,0,1,1,2,0,0,1,1,0,2,3,0,0,0,3,3,1,5,3,0,0,0,3,0,1,1,0,3,3,0,0,0,1,0,4,1,1,0,0,0,0,1,0,2,0,0,0,0,0,1,0,1,0,0,3,2,0,0,2,0,0,0,0,0,0,0,0,0,1,0,0,0,0,0,0,1,0,0,0,2,0,0,3,0,1,1,1,0,1,0,0,0,4,0,0,1,0,0,0,4,0,0,1,0,0,0,0,1,2,0,0,0,0,0,0,0,1,3,0,9,0,0,0,0,0,0,0,0,0,0,0,0,2,3,2,0,0,0,0,0,2,2,0,4,1,0,0,0,0,0,0,0,0,2,0,0,0,0,1,0,0,0,0,5,0,0,0,6,0,0,0,1,0,0,4,1,0,3,0,9,0,1,0,3,0,0,0,0
MI.M05812_0263.001.N712---S501.F4C18,F4C18,Control,4,18 dpf,68,0,94,43,0,30,0,1,6,29,0,1,0,0,0,0,0,0,3,2,0,0,0,0,13,0,0,0,1,0,0,0,0,11,0,0,0,6,0,0,14,0,9,0,0,667,0,1234,0,0,37,0,0,0,0,1,1,0,0,8,0,0,4,8,10,0,0,0,2,0,0,0,5,0,0,0,0,0,0,24,0,0,2,0,0,0,0,0,0,0,0,0,0,0,24,0,0,1,0,0,0,0,0,0,0,0,0,0,0,0,0,0,0,12,41,0,0,0,0,0,58,10,0,0,0,0,0,0,0,19,0,0,3,0,0,0,0,0,0,0,0,0,6,0,0,0,0,0,0,1,27,0,0,0,0,0,0,0,34,0,0,0,0,0,0,0,0,2,0,9,0,0,0,27,0,0,0,7,2,0,0,0,0,0,37,0,0,0,0,0,0,0,0,0,7,0,0,0,2,0,0,1,0,0,0,3,0,0,0,0,0,0,5,0,0,7,0,35,19,0,0,0,22,0,8,0,0,0,0,0,0,0,14,0,0,0,0,0,0,0,0,0,0,0,0,0,0,0,0,0,0,0,0,0,0,0,0,0,0,8,0,0,0,2,0,0,0,4,0,0,12,0,0,0,0,0,0,0,0,0,0,8,0,13,0,0,0,0,0,0,0,1,0,1,0,0,0,0,0,0,0,14,0,0,0,0,0,0,0,0,7,0,0,0,0,0,0,0,0,0,0,17,0,0,0,2,0,0,9,0,0,0,0,0,0,0,0,0,0,0,0,0,0,0,11,0,0,0,0,0,0,0,0,0,0,0,0,0,0,0,10,0,0,0,0,0,0,0,0,0,0,0,0,8,0,0,0,0,0,0,0,0,0,0,0,0,0,0,0,0,0,0,0,0,0,0,0,0,0,0,0,0,0,0,0,0,0,0,0,0,0,3,0,0,0,0,0,0,0,0,0,0,0,0,0,0,0,0,0,0,12,0,2,0,0,0,0,3,0,0,1,1,0,0,0,0,0,0,1,0,0,6,0,0,0,0,1,0,0,8,0,0,0,26,0,0,0,0,13,0,0,0,0,0,0,0,0,0,2,0,0,0,0,0,0,0,0,0,6,0,0,0,0,0,0,0,0,0,0,0,0,0,0,1,0,3,0,0,0,0,0,0,0,0,0,0,0,0,2,0,0,0,0,0,0,0,0,0,4,1,0,0,0,0,0,0,0,0,0,0,0,0,0,0,0,0,0,0,0,0,0,0,0,0,0,0,0,0,0,0,0,0,0,0,0,0,0,0,0,0,0,0,0,0,0,0,0,0,0,0
MI.M05812_0263.001.N712---S502.F2C1,F2C1,Control,2,1 dpf,140,0,30,3,0,71,0,0,0,469,0,0,0,0,0,9,2,0,1,12,2,0,0,1,47,0,0,1,19,0,0,0,49,0,0,17,13,76,93,0,26,4,129,2,1,13,7,0,15,2,14,2,0,0,0,6,108,2,0,109,0,0,6,32,72,3,3,2,46,0,0,0,0,0,0,2,0,1,1,40,0,6,12,3,0,0,6,0,0,9,0,0,0,0,4,0,0,0,0,1,3,10,0,1,0,0,40,0,0,0,0,10,3,14,4,0,3,0,0,1,1,59,0,0,0,0,0,0,3,27,0,0,7,0,0,0,0,0,0,0,0,0,53,0,0,0,0,1,0,13,2,0,0,0,1,1,1,4,2,2,0,3,0,0,1,0,0,14,17,23,0,12,2,8,3,0,0,22,16,0,0,5,0,9,5,2,1,0,0,0,0,0,20,6,1,0,1,0,11,0,0,2,0,0,7,35,0,0,0,0,0,0,28,4,0,17,0,1,0,1,0,0,4,0,9,2,18,0,0,0,0,0,0,0,0,17,0,0,0,0,0,0,3,12,11,0,0,1,0,33,2,0,0,0,1,0,14,7,0,0,2,0,1,4,4,2,0,14,0,1,2,3,0,5,6,0,14,0,0,2,0,1,4,0,9,0,2,0,0,0,0,27,0,13,3,22,0,1,0,0,0,5,16,0,0,0,0,0,1,0,8,0,2,3,9,1,0,18,2,2,0,0,0,15,0,2,10,0,0,0,0,1,4,0,8,0,0,0,6,0,0,0,0,3,0,0,0,0,0,1,0,3,8,0,0,5,0,2,3,0,0,1,0,0,0,0,0,6,0,0,0,0,0,1,0,1,8,0,3,0,0,0,2,0,0,0,0,13,0,0,7,1,8,0,0,0,0,0,0,1,3,0,2,0,0,0,1,0,0,0,0,16,0,4,0,0,0,0,11,0,0,0,0,0,0,0,0,0,0,0,0,0,0,0,0,6,2,15,2,0,10,3,6,0,9,0,0,0,0,0,0,1,1,4,0,9,3,0,1,0,0,0,0,0,0,0,0,0,0,0,3,0,0,1,0,0,2,0,0,0,0,4,0,0,0,0,0,3,0,0,11,0,0,0,0,0,1,0,0,0,0,4,0,6,2,6,8,1,0,2,1,0,0,0,0,0,0,4,7,0,0,0,0,0,0,0,0,0,3,1,0,15,0,0,0,0,0,7,4,1,0,4,0,0,3,0,0,4,4,2,0,2,5,1,1,0,0,0,0,0,0,0,0,1,2,0,0,0,0,0,0,0,0,0,0,0,4,0,8,0
MI.M05812_0263.001.N712---S505.T12r3,T12r3,Low,12,Spat,257,188,31,125,70,76,3,68,36,30,6,108,88,43,23,9,81,0,3,0,63,30,12,5,12,43,0,1,14,42,20,37,13,25,11,13,39,4,0,15,0,34,0,17,9,0,16,0,1,15,24,3,0,0,117,3,0,13,20,1,4,29,4,6,2,8,26,4,4,2,3,0,3,6,1,9,22,1,13,2,2,0,0,13,3,3,8,0,13,4,0,12,12,8,6,0,7,2,5,5,12,2,23,1,14,3,0,9,12,50,3,7,2,0,0,0,4,0,0,2,0,0,0,6,5,0,4,0,5,0,12,6,0,0,0,0,4,19,8,0,0,0,0,0,0,0,0,6,0,0,0,18,0,0,0,5,0,2,0,19,1,12,5,20,0,3,4,0,0,0,7,3,5,0,1,2,9,0,0,3,0,0,1,2,0,0,5,2,12,0,4,1,0,0,0,0,2,2,2,0,3,1,0,4,0,0,5,1,5,0,1,5,0,4,0,0,0,0,0,0,0,0,1,0,1,0,0,4,12,26,0,0,2,0,2,0,0,0,8,0,6,14,0,5,0,1,0,0,0,0,0,4,0,0,0,6,0,2,3,0,8,0,0,1,0,0,2,0,3,0,3,1,0,0,2,14,0,0,5,8,0,0,0,1,2,1,0,0,4,0,3,0,3,0,1,0,1,6,4,2,10,0,0,3,1,4,8,0,0,0,1,0,2,1,0,0,2,0,0,4,2,0,2,2,0,0,0,0,0,0,0,0,1,1,0,0,0,0,0,3,0,3,1,0,0,5,2,3,1,2,0,0,0,3,9,0,2,3,0,1,0,0,1,0,1,0,4,0,9,0,4,0,0,0,0,1,2,0,0,0,0,0,0,2,0,4,4,0,0,2,0,2,0,0,0,1,4,0,0,4,0,2,2,3,0,3,0,0,3,2,0,0,0,0,0,0,0,1,0,1,1,0,5,0,0,1,0,4,1,0,0,0,3,0,6,0,0,0,0,0,0,0,0,3,0,2,0,0,2,0,0,0,0,0,0,0,0,0,1,0,4,0,1,0,1,3,5,0,0,0,0,0,1,0,2,0,4,1,0,7,0,0,0,0,0,2,0,0,0,0,0,0,1,0,0,0,0,0,0,2,0,0,4,1,0,4,0,3,0,0,0,0,0,0,0,0,0,0,0,0,2,0,0,0,5,0,0,0,0,0,1,0,0,0,0,2,0,0,0,0,0,0,2,2,0,0,0,0,0,0,3,0,0,0,0,0,0,0,1,0,2,4,0,0,0,0,0,0,8,0,0,0,0,3,0,0,0,0,0,5
MI.M05812_0263.001.N712---S506.T16r3,T16r3,High,16,Spat,243,114,71,128,24,73,17,97,57,17,85,69,55,23,24,25,48,20,11,0,34,46,214,10,17,50,0,19,24,34,34,23,5,10,25,14,42,2,0,17,4,42,0,20,23,0,22,0,3,16,23,19,0,0,21,6,0,17,30,2,7,13,13,3,0,7,6,20,0,0,5,8,12,5,3,19,6,11,5,1,2,0,0,4,8,2,10,2,14,7,2,15,12,7,9,0,7,3,17,6,13,6,2,0,3,2,0,5,4,5,6,8,6,0,0,5,6,0,8,1,0,1,0,1,12,2,3,0,4,0,12,8,0,3,2,0,2,4,10,0,2,4,0,1,3,1,0,1,0,0,0,6,1,8,4,7,2,4,0,4,1,8,6,0,4,3,1,0,0,0,1,0,3,0,3,3,1,0,0,3,0,0,5,0,0,0,2,3,10,0,2,2,0,0,0,2,2,2,0,1,0,2,1,7,3,0,2,14,3,0,6,0,0,0,0,0,4,0,0,1,6,3,4,8,0,0,0,4,0,5,0,3,1,3,3,0,4,0,4,0,1,3,0,1,0,2,7,0,0,0,2,0,8,0,0,3,0,1,2,0,2,2,0,0,0,2,1,0,1,2,0,1,0,0,0,4,0,1,3,10,0,0,0,0,0,4,0,0,1,2,9,0,0,0,5,0,1,0,1,1,4,0,0,0,2,1,2,2,0,3,2,0,2,1,0,2,1,0,5,1,6,0,0,0,0,1,0,0,1,0,14,0,0,3,0,0,1,5,0,3,0,3,1,0,0,3,0,0,0,0,5,0,0,1,4,0,1,2,1,1,0,2,3,0,3,0,2,0,0,0,1,0,0,0,0,3,0,0,0,1,0,0,0,0,0,1,0,0,4,1,0,1,0,1,0,1,1,0,0,2,0,2,0,2,0,1,1,3,0,0,1,2,1,0,0,0,4,2,0,0,3,0,4,0,0,1,0,1,0,5,0,0,0,0,6,0,0,0,0,0,3,0,0,3,0,4,0,2,0,0,0,0,0,0,2,0,0,0,2,0,0,0,1,0,0,3,4,0,1,0,0,0,0,0,0,2,0,2,1,2,0,0,0,0,0,0,0,0,0,1,0,2,0,0,1,0,0,1,1,1,0,0,1,0,0,2,0,0,0,1,1,0,0,0,0,0,0,0,0,2,0,2,1,0,0,0,2,0,0,0,0,0,0,1,0,1,2,0,0,0,0,0,0,1,0,2,0,0,0,0,0,0,0,0,0,0,0,0,0,0,1,0,7,0,0,0,0,0,2,2,0,0,1,0,3,0,0,0,0,2
MI.M05812_0263.001.N714---S502.F3C1,F3C1,Control,3,1 dpf,131,0,26,0,0,54,0,0,0,174,0,0,0,0,4,21,5,0,0,72,0,0,0,0,12,0,0,2,24,0,0,0,49,0,0,20,21,53,76,3,21,6,268,0,0,1,4,0,15,1,28,7,0,0,0,15,61,13,0,45,0,0,0,40,22,2,4,1,48,0,0,0,0,0,0,9,2,0,9,17,0,185,14,2,0,0,9,30,0,14,0,0,0,0,9,0,1,2,0,3,0,14,0,1,0,0,15,0,2,0,0,2,8,6,12,0,5,0,0,0,7,55,0,0,0,0,0,4,7,2,0,0,0,0,0,0,0,0,0,0,0,0,40,3,0,0,0,2,0,15,0,0,0,0,9,0,7,6,2,0,0,2,0,0,0,0,0,49,18,70,0,0,0,7,0,0,0,16,50,0,0,7,0,13,2,0,0,0,0,0,0,0,4,4,2,1,0,0,17,0,0,3,0,0,6,34,0,0,0,0,0,0,17,3,0,4,0,0,3,0,0,0,4,0,6,8,22,0,0,0,0,0,1,0,0,8,0,0,0,0,0,0,7,2,13,0,0,2,0,41,2,0,0,0,5,0,15,4,0,2,1,0,2,4,0,1,0,5,0,0,3,7,0,0,12,0,13,0,1,0,0,1,5,0,11,0,3,0,0,0,0,22,0,21,0,26,0,0,0,0,1,1,8,0,0,0,0,0,0,0,16,0,0,1,21,4,0,5,2,0,1,0,0,17,0,0,2,0,2,0,0,1,7,0,21,0,0,0,4,0,0,0,0,0,1,0,0,0,0,3,0,3,4,0,0,0,0,2,0,0,0,0,0,0,0,1,0,0,0,0,0,0,0,0,0,0,12,0,0,0,0,0,0,0,0,0,0,18,0,0,13,1,5,0,0,0,0,0,0,2,6,0,0,0,0,0,3,0,0,0,1,15,0,5,0,0,0,0,9,0,1,0,0,0,0,0,0,0,0,0,1,0,0,0,0,6,2,3,0,0,11,3,16,0,17,0,0,0,31,0,0,15,0,1,0,1,5,2,0,0,0,0,0,0,13,0,0,0,0,0,7,0,0,5,0,0,1,0,0,0,0,4,0,0,0,3,0,4,0,0,3,0,0,0,0,0,5,0,0,1,0,0,0,4,0,3,10,3,0,2,0,0,0,1,0,0,0,3,11,0,0,0,0,0,0,0,0,3,4,3,5,6,0,0,0,0,0,4,22,1,0,0,0,0,6,0,0,2,0,8,0,4,3,3,0,0,0,0,0,0,0,0,0,0,10,0,0,0,0,0,0,0,0,0,0,0,2,0,7,0