Sample.ID,Treatment,Age,Family,ASV1,ASV3,ASV6,ASV7,ASV8,ASV9,ASV10,ASV11,ASV13,ASV14,ASV15,ASV16,ASV17,ASV18,ASV19,ASV21,ASV22,ASV23,ASV26,ASV27,ASV28,ASV29,ASV30,ASV31,ASV32,ASV33,ASV34,ASV35,ASV36,ASV38,ASV39,ASV40,ASV41,ASV42,ASV43,ASV44,ASV45,ASV46,ASV47,ASV48,ASV49,ASV51,ASV52,ASV53,ASV54,ASV55,ASV57,ASV59,ASV61,ASV62,ASV63,ASV64,ASV66,ASV67,ASV68,ASV69,ASV71,ASV73,ASV74,ASV75,ASV77,ASV78,ASV79,ASV82,ASV83,ASV84,ASV85,ASV86,ASV87,ASV88,ASV89,ASV91,ASV92,ASV93,ASV94,ASV95,ASV96,ASV97,ASV98,ASV99,ASV100,ASV103,ASV104,ASV105,ASV106,ASV107,ASV109,ASV110,ASV111,ASV112,ASV114,ASV115,ASV116,ASV117,ASV118,ASV119,ASV120,ASV123,ASV125,ASV126,ASV128,ASV129,ASV130,ASV131,ASV133,ASV134,ASV135,ASV136,ASV137,ASV138,ASV139,ASV140,ASV143,ASV145,ASV146,ASV147,ASV148,ASV149,ASV151,ASV152,ASV153,ASV155,ASV156,ASV157,ASV159,ASV160,ASV161,ASV162,ASV164,ASV166,ASV169,ASV171,ASV172,ASV174,ASV175,ASV176,ASV177,ASV178,ASV179,ASV180,ASV181,ASV182,ASV183,ASV184,ASV185,ASV186,ASV188,ASV189,ASV190,ASV191,ASV193,ASV194,ASV195,ASV196,ASV198,ASV200,ASV201,ASV202,ASV203,ASV204,ASV206,ASV207,ASV208,ASV209,ASV211,ASV214,ASV217,ASV218,ASV219,ASV220,ASV221,ASV222,ASV223,ASV224,ASV225,ASV226,ASV228,ASV231,ASV232,ASV233,ASV234,ASV235,ASV236,ASV237,ASV239,ASV240,ASV241,ASV242,ASV243,ASV244,ASV245,ASV246,ASV248,ASV249,ASV250,ASV253,ASV254,ASV255,ASV256,ASV257,ASV258,ASV261,ASV262,ASV264,ASV267,ASV268,ASV269,ASV270,ASV271,ASV272,ASV275,ASV276,ASV277,ASV278,ASV279,ASV281,ASV282,ASV284,ASV286,ASV287,ASV288,ASV289,ASV290,ASV291,ASV292,ASV293,ASV294,ASV295,ASV297,ASV298,ASV299,ASV301,ASV302,ASV303,ASV304,ASV305,ASV306,ASV307,ASV309,ASV310,ASV311,ASV312,ASV313,ASV314,ASV315,ASV316,ASV317,ASV318,ASV319,ASV320,ASV323,ASV325,ASV327,ASV328,ASV329,ASV330,ASV332,ASV333,ASV334,ASV335,ASV336,ASV337,ASV338,ASV340,ASV341,ASV342,ASV343,ASV344,ASV345,ASV346,ASV347,ASV348,ASV350,ASV351,ASV353,ASV354,ASV355,ASV356,ASV357,ASV360,ASV362,ASV364,ASV365,ASV367,ASV368,ASV369,ASV371,ASV373,ASV374,ASV375,ASV376,ASV377,ASV378,ASV379,ASV380,ASV381,ASV382,ASV383,ASV385,ASV386,ASV387,ASV389,ASV390,ASV393,ASV395,ASV397,ASV398,ASV399,ASV400,ASV401,ASV402,ASV403,ASV404,ASV405,ASV406,ASV407,ASV408,ASV409,ASV410,ASV411,ASV412,ASV414,ASV417,ASV418,ASV420,ASV421,ASV422,ASV424,ASV426,ASV427,ASV428,ASV431,ASV432,ASV433,ASV435,ASV437,ASV440,ASV441,ASV442,ASV443,ASV444,ASV447,ASV450,ASV451,ASV456,ASV462,ASV464,ASV466,ASV468,ASV471,ASV474,ASV477,ASV479,ASV480,ASV483,ASV486,ASV487,ASV490,ASV492,ASV496,ASV500,ASV502,ASV504,ASV506,ASV507,ASV510,ASV511,ASV517,ASV523,ASV527,ASV531,ASV535,ASV538,ASV539,ASV541,ASV542,ASV544,ASV545,ASV548,ASV549,ASV551,ASV552,ASV556,ASV563,ASV568,ASV576,ASV577,ASV578,ASV579,ASV581,ASV585,ASV597
T1-1,Control,Day 01,1,708,321,0,16,164,116,96,22,28,0,49,0,143,0,80,73,0,0,24,41,21,0,89,0,0,96,0,59,0,28,20,0,0,0,0,113,36,46,35,0,0,37,0,16,0,25,0,0,17,0,0,0,23,12,15,19,0,19,28,0,0,33,0,0,0,17,34,0,56,0,30,20,19,45,0,0,52,0,11,0,0,5,0,16,0,0,0,0,0,0,23,25,32,20,0,12,3,17,0,38,23,0,16,10,0,0,36,31,0,0,40,0,0,17,29,22,0,22,11,11,0,0,23,0,16,0,0,0,20,0,0,0,8,9,0,0,10,0,12,17,19,15,0,22,18,0,0,0,0,0,0,0,9,0,0,0,0,0,20,13,0,3,0,0,12,20,0,0,30,11,0,0,0,0,0,0,0,11,0,20,0,22,0,8,21,0,0,0,6,0,32,11,0,0,22,16,0,0,9,9,98,13,0,0,0,4,5,0,14,0,11,10,14,0,0,0,18,0,0,13,0,0,0,0,4,0,0,0,7,0,4,17,0,0,0,0,0,0,0,0,0,0,0,0,0,22,0,21,0,13,14,28,17,0,0,4,22,8,0,0,0,0,0,0,0,6,0,14,18,0,0,0,0,0,12,5,0,0,0,0,0,0,0,0,1,0,0,0,22,0,0,30,0,0,0,0,0,0,0,12,0,0,10,2,0,28,0,0,15,21,0,9,0,0,0,12,0,4,19,0,0,0,0,0,0,0,0,0,0,0,0,0,0,0,0,0,9,0,0,13,0,0,0,15,0,19,0,4,0,0,22,0,0,0,0,0,0,0,0,0,0,0,0,0,0,0,4,0,0,0,6,0,0,10,0,12,0,0,0,0,0,0,0,0,0,0,0,0,18,0,0,0
T1-15,Control,Day 15,1,864,454,0,0,160,179,120,33,17,0,43,0,56,0,0,148,0,0,140,22,0,0,0,0,0,78,0,132,0,80,11,0,15,0,0,25,34,22,0,0,0,0,0,40,0,26,0,0,38,0,0,0,50,0,0,73,0,8,61,0,0,14,9,25,0,25,6,0,71,0,50,0,0,19,0,0,116,0,20,0,0,0,0,11,0,0,0,0,0,0,30,19,20,36,0,0,141,30,0,0,32,0,19,0,0,0,0,170,0,0,16,0,0,1,0,0,0,0,66,40,0,3,0,0,11,0,0,0,0,0,0,0,0,21,0,0,0,0,0,25,0,12,0,0,22,0,13,14,66,0,0,0,0,0,0,0,0,0,35,21,0,30,0,0,0,5,0,0,0,13,0,0,30,10,8,0,0,0,0,0,0,0,0,13,0,0,0,0,0,0,0,12,0,0,0,0,0,0,0,0,0,0,0,0,0,0,0,0,0,0,8,0,0,5,0,0,0,0,0,0,0,0,0,0,0,0,0,0,15,0,0,29,0,0,0,0,0,0,0,0,0,0,0,0,0,0,0,73,0,0,0,0,0,0,0,0,25,0,0,12,0,0,0,0,0,0,0,0,0,0,0,15,0,0,0,12,0,0,9,0,0,0,0,0,0,0,0,0,4,0,0,0,0,0,0,0,0,0,0,0,0,12,16,82,0,0,0,0,0,0,0,0,0,0,0,0,0,13,0,0,0,0,0,0,18,0,0,0,0,0,0,0,0,0,0,0,10,0,0,0,0,0,0,0,0,0,0,0,0,0,0,0,0,0,0,0,0,0,0,0,0,0,0,0,0,0,0,0,0,0,0,0,0,10,0,0,0,0,0,0,0,0,0,0,0,0,0,0,11,0,0,0
T1-3,Control,Day 03,1,797,446,0,31,1445,389,48,9,29,0,49,0,53,25,22,0,0,0,0,15,0,0,32,0,0,673,0,5,0,0,51,0,0,0,0,26,3,15,20,0,0,0,0,12,0,25,0,0,5,0,0,0,0,0,2,0,9,0,0,0,48,0,0,0,0,9,0,0,0,8,36,0,0,0,0,0,0,0,8,0,0,0,0,0,0,32,0,0,0,0,0,5,0,0,0,0,0,5,0,18,0,0,0,0,0,27,0,0,3,0,15,0,0,2,0,0,0,0,9,5,0,0,0,0,0,0,0,0,0,0,0,0,0,0,0,0,0,0,0,0,0,0,0,0,0,25,3,0,15,0,0,0,0,0,0,0,0,2,0,0,0,0,0,0,5,0,0,0,0,1,0,0,6,0,0,0,0,0,0,0,0,12,0,0,0,0,0,0,0,0,0,0,14,0,0,5,0,0,0,0,0,0,0,0,0,0,0,0,0,0,0,0,0,0,0,0,0,0,0,0,0,0,0,0,0,0,0,0,0,0,0,0,0,0,0,0,0,0,0,0,0,0,0,0,0,0,0,0,0,0,0,0,0,0,0,1,0,0,0,0,0,0,0,0,0,0,0,0,0,0,0,0,0,4,0,0,0,27,0,0,14,0,0,0,0,0,0,0,0,0,0,7,0,0,0,0,0,0,0,0,0,0,0,9,0,0,16,0,0,0,0,0,0,0,0,0,0,0,0,0,0,0,5,0,0,0,3,0,0,0,0,0,1,4,0,0,0,0,0,0,0,0,0,0,0,0,0,0,0,0,0,0,0,0,0,8,0,0,0,0,5,0,0,0,0,0,0,0,0,0,0,0,0,0,0,0,0,0,0,0,0,0,0,0,0,0,0,0,0,0,0,0
T1-6,Control,Day 06,1,1307,603,0,67,60,197,120,0,73,0,51,0,54,32,22,0,0,0,171,45,0,0,0,5,0,23,0,30,29,99,61,30,32,0,0,22,19,32,0,0,0,0,0,35,0,21,0,0,37,0,0,0,90,0,10,18,0,14,18,0,496,13,0,31,0,15,21,0,20,0,15,0,0,0,0,0,0,0,17,0,0,0,0,36,0,24,0,0,0,0,5,23,12,6,0,24,0,31,0,18,0,0,5,19,29,7,0,0,14,0,0,0,0,0,0,0,0,0,0,0,0,0,0,0,4,10,0,0,0,0,0,0,0,0,0,0,0,0,0,0,0,14,0,10,18,0,0,18,0,0,0,0,24,0,0,0,0,4,0,10,0,0,0,0,0,12,0,0,0,0,0,0,0,0,0,0,0,0,0,0,0,0,0,13,0,0,0,0,0,0,0,10,0,0,0,0,0,0,0,0,0,14,0,0,0,0,0,0,0,16,0,0,0,14,0,0,0,0,0,10,0,0,0,0,0,0,0,0,0,0,4,0,0,0,18,0,0,0,0,0,0,0,0,0,0,0,0,21,0,0,0,0,6,0,0,0,0,0,0,0,0,6,0,0,0,0,0,0,0,4,0,0,0,0,0,7,0,0,0,0,0,0,0,0,3,0,0,0,0,0,0,0,0,0,0,0,0,0,0,0,0,0,0,7,4,0,8,0,0,0,14,0,0,0,0,0,0,0,0,0,0,0,0,0,0,0,0,0,0,9,0,0,0,0,0,0,0,0,0,0,0,0,0,0,0,0,0,0,0,0,0,0,0,0,18,2,0,0,0,0,0,0,6,0,0,0,0,0,0,0,0,0,0,12,0,0,0,0,0,0,0,0,0,0,0,0,0,0,0,0,0,0
T1-S-1,Control,Spat,1,100,51,457,0,14,0,19,138,0,248,0,125,0,0,0,10,163,163,0,0,0,72,0,69,71,3,38,4,0,18,4,0,0,65,4,5,0,0,0,22,72,0,28,8,85,0,38,123,0,0,84,57,0,0,0,17,39,3,6,110,0,0,37,9,32,0,9,112,0,27,10,5,0,0,0,52,6,17,1,29,0,0,37,11,38,0,20,31,24,0,0,0,6,15,31,0,0,0,14,0,0,13,0,0,0,0,3,0,0,30,0,0,23,0,0,0,39,0,0,0,31,10,0,23,0,0,51,24,0,36,0,19,0,0,28,22,0,10,0,0,0,0,11,0,0,0,0,0,0,20,13,11,0,7,8,26,0,11,0,0,0,0,13,0,14,0,0,5,0,0,9,8,0,7,0,14,22,0,12,0,22,0,19,7,0,20,0,13,22,0,0,4,14,13,0,0,15,0,0,0,2,3,0,0,21,15,16,6,0,0,0,0,0,0,12,13,0,6,0,0,6,19,11,11,14,0,9,15,0,7,0,0,0,6,0,13,0,0,0,5,9,14,20,6,0,0,14,0,0,0,4,0,0,16,11,1,0,0,15,0,7,0,6,0,11,5,15,0,6,0,10,0,8,0,0,0,9,0,0,12,0,8,12,15,0,0,20,0,0,0,2,0,8,0,1,9,0,6,0,0,18,0,2,0,0,0,0,9,0,0,0,0,5,15,16,6,0,0,0,15,8,4,17,4,0,9,0,8,3,0,0,0,0,5,0,20,0,0,11,0,8,9,0,0,1,0,8,5,11,0,0,8,13,3,0,0,0,11,13,0,10,3,4,0,0,0,0,6,0,13,0,0,4,0,0,0,0,5,2,13,0,3,0,4,0,0,0,1,0,0,7,0
T1-S-2,Control,Spat,1,111,69,301,10,30,11,68,158,4,181,0,183,0,0,9,19,183,86,0,0,0,26,0,82,130,0,63,22,0,12,0,0,19,91,0,12,0,0,0,33,76,0,36,4,65,0,16,147,0,0,62,58,0,0,28,0,34,0,0,228,0,0,33,32,42,0,0,46,0,27,0,0,0,0,0,16,0,40,12,33,0,0,35,0,20,0,13,34,25,0,0,0,0,19,39,0,0,0,20,0,0,29,4,0,0,0,0,0,0,28,0,0,26,0,0,0,21,0,0,0,29,24,0,14,0,0,123,0,0,15,9,30,30,4,42,26,0,19,0,0,0,0,21,0,0,0,0,0,0,30,18,6,0,0,13,10,13,13,0,0,0,0,0,0,0,0,0,0,0,0,14,0,0,0,0,12,11,0,0,0,12,0,0,4,0,17,0,18,17,0,0,0,0,8,0,15,16,0,0,5,0,0,0,0,26,17,0,0,0,0,0,0,0,0,0,0,0,9,0,0,7,20,17,22,16,0,15,0,0,16,0,0,0,12,0,20,0,24,9,0,24,4,32,10,12,0,10,0,0,0,20,0,0,0,32,0,0,0,9,0,9,0,0,0,0,0,0,0,0,0,15,0,0,0,0,0,13,0,0,5,0,6,0,6,0,34,0,0,0,0,0,0,13,0,24,0,0,18,0,0,0,0,0,0,0,0,0,0,20,0,0,0,0,0,6,0,0,0,0,0,0,0,39,0,0,8,0,9,19,0,0,0,0,3,0,0,0,0,8,0,16,3,0,0,7,0,18,2,0,6,0,0,0,2,0,0,0,7,17,0,4,0,0,0,0,0,0,0,0,15,0,3,6,0,0,0,0,0,9,4,0,0,0,0,0,0,0,0,0,0,2,0
T13-1,Control,Day 01,3,79,57,0,0,71,59,57,25,48,0,63,0,134,0,98,24,0,0,0,110,85,0,131,0,0,42,0,66,0,10,50,0,0,0,0,171,39,70,131,40,0,41,0,0,0,32,0,15,0,0,0,0,0,45,27,0,0,31,0,0,0,41,0,0,0,47,49,0,131,0,27,74,0,83,0,0,0,0,0,0,0,24,0,41,0,0,0,0,0,0,0,31,8,0,0,21,0,0,0,162,34,0,11,0,54,0,127,0,51,0,72,0,0,32,46,0,0,0,0,0,0,0,0,0,10,0,0,0,55,0,0,0,0,0,0,0,21,0,78,0,32,0,0,13,0,0,0,0,0,0,0,0,0,0,0,0,0,0,0,16,0,0,0,0,0,64,120,0,0,57,0,0,0,7,46,0,0,0,0,0,0,16,0,0,28,0,0,0,0,28,32,0,0,0,49,0,0,0,16,34,0,0,0,0,0,0,0,0,0,0,0,44,0,25,0,0,0,0,0,0,0,0,0,0,0,0,0,0,0,0,0,0,32,8,51,0,0,0,0,0,0,0,0,0,0,88,0,0,0,20,0,0,0,0,0,7,54,87,0,0,0,0,0,34,0,38,0,21,37,0,0,0,0,0,15,2,0,0,0,0,0,0,0,0,0,0,0,0,0,19,0,12,0,0,0,0,0,0,0,0,9,0,16,0,0,0,0,0,0,24,0,0,0,0,0,0,0,0,0,0,0,0,0,0,0,0,0,0,0,0,55,0,0,0,0,0,0,0,0,27,0,0,0,0,0,36,0,0,0,0,53,0,0,0,0,0,0,0,0,0,0,0,47,0,0,0,0,34,0,0,5,0,0,0,0,19,0,0,0,0,0,0,0,0,0,0,0,0,0,0,0,0
T13-15,Control,Day 15,3,1174,561,0,8,29,48,108,56,44,0,59,0,113,0,0,232,0,0,35,23,0,0,0,26,0,0,0,140,0,58,0,0,19,0,0,25,16,73,21,8,0,0,0,47,0,19,0,0,39,0,0,0,0,0,33,90,0,0,130,0,0,0,0,0,0,35,0,0,49,0,39,0,0,8,0,0,119,0,13,0,0,0,0,0,0,0,0,0,0,0,42,10,29,27,0,0,79,29,0,0,9,0,11,0,0,0,0,19,6,0,0,0,0,0,0,0,0,0,25,29,0,12,47,0,11,0,0,0,0,0,0,0,0,35,0,0,0,38,0,39,0,8,0,37,24,6,11,0,0,0,0,0,0,0,0,0,0,0,20,36,0,57,0,0,10,12,0,46,13,5,0,0,0,10,42,0,0,0,0,0,0,0,0,0,0,0,12,0,0,8,0,15,0,0,0,5,0,0,0,0,0,0,0,0,0,5,0,0,0,11,0,0,0,0,0,0,0,0,7,0,0,0,0,0,10,0,0,0,0,0,0,22,0,0,16,0,0,0,0,0,0,0,0,0,0,0,0,0,0,0,0,0,0,0,0,5,0,0,0,0,1,0,0,0,0,0,0,7,0,0,0,0,0,0,0,0,0,0,0,0,0,0,0,0,0,0,0,0,0,0,0,0,0,0,0,0,0,0,0,0,0,0,15,0,0,0,0,12,0,0,0,13,14,0,0,24,0,8,0,0,0,0,0,0,0,0,0,0,0,0,0,0,0,0,0,0,10,0,0,0,0,0,0,0,0,0,0,0,23,0,0,14,0,0,0,4,25,0,0,0,0,0,0,12,0,0,0,0,0,0,0,0,0,0,0,0,10,0,0,0,0,0,0,0,0,0,0,0,19,0,0,0
T13-2-2,Control,Spat,3,128,84,380,15,13,19,30,135,8,197,7,132,0,0,0,27,227,181,0,0,0,305,0,98,45,0,66,21,0,6,0,0,0,103,0,0,0,29,7,40,128,0,99,0,57,0,146,13,0,0,47,37,0,0,15,0,46,0,0,0,0,0,29,32,47,0,6,41,0,26,0,0,0,0,0,63,0,34,0,57,0,0,15,11,33,0,43,42,25,0,0,0,0,10,41,0,0,0,40,0,0,34,3,0,0,0,0,0,0,25,0,0,24,0,0,0,26,0,0,0,41,30,0,0,0,0,0,0,0,0,20,10,61,5,28,27,0,0,0,0,0,0,27,0,0,0,0,0,0,22,13,0,0,15,11,25,0,18,0,0,0,0,0,32,0,0,0,0,0,0,11,28,0,0,0,23,35,0,0,0,16,0,25,0,0,18,0,3,0,0,0,0,0,3,0,0,0,11,0,0,0,9,0,0,9,12,0,16,0,0,12,0,0,0,0,12,0,15,0,0,11,7,4,12,0,0,0,0,0,7,0,0,3,0,0,0,0,29,19,0,0,10,0,12,0,0,7,0,0,0,0,0,0,0,23,0,0,0,43,0,16,0,3,0,0,0,0,0,0,0,0,0,0,0,0,0,0,0,0,15,0,6,7,19,0,12,0,12,0,0,0,0,0,0,0,0,0,6,0,0,0,0,0,0,0,0,0,0,0,0,0,0,0,0,0,0,0,0,0,0,0,0,0,0,0,7,0,7,4,0,0,0,0,0,0,0,0,16,0,0,13,0,0,0,9,0,12,5,0,0,0,0,7,3,0,0,0,0,0,0,16,16,3,6,0,0,0,0,0,0,0,0,0,0,0,0,0,0,0,7,0,0,0,0,0,0,0,0,0,3,0,0
T13-3,Control,Day 03,3,856,390,0,60,22,104,41,35,259,0,46,0,47,45,9,22,0,0,0,69,11,0,78,0,0,0,0,0,0,0,146,141,13,0,0,0,81,56,0,0,0,0,0,71,0,68,0,0,63,0,0,0,0,0,18,15,0,51,11,0,0,32,0,39,0,39,42,0,32,0,0,0,0,0,0,0,0,0,0,0,0,0,0,0,0,72,0,0,0,0,17,0,33,0,0,24,0,1,0,0,0,0,60,26,0,37,0,0,27,0,0,0,0,35,17,104,0,46,0,0,0,12,0,0,65,0,0,0,0,0,0,0,0,0,13,0,21,0,0,0,0,57,0,30,18,33,26,15,28,0,0,0,0,0,0,0,0,0,0,35,0,0,0,0,7,0,0,11,0,23,0,0,0,0,0,0,0,0,0,20,0,0,0,0,0,0,0,0,0,0,0,0,0,0,0,0,0,0,63,0,0,8,0,0,0,0,0,0,0,17,33,0,0,15,0,0,0,0,0,20,0,0,0,0,7,0,0,0,6,0,15,0,0,0,0,0,26,19,0,0,0,0,0,0,0,0,0,0,0,25,0,0,0,0,0,0,0,0,0,0,0,12,0,0,0,0,0,9,0,45,0,0,0,24,0,8,0,13,0,0,42,0,0,0,0,0,0,0,0,0,0,23,0,68,0,0,21,0,0,0,0,0,0,0,0,0,10,0,0,0,0,0,0,0,0,0,0,0,0,0,0,0,0,0,0,0,21,0,0,0,0,0,0,0,0,0,25,0,0,0,0,0,0,0,0,0,0,0,0,0,0,0,0,0,0,18,30,0,0,0,0,0,0,0,0,0,0,0,31,0,58,0,0,0,0,0,21,0,0,0,0,0,0,0,0,0,0,0,0,0,0,0
T13-6,Control,Day 06,3,522,232,0,34,30,32,95,16,119,0,73,0,41,0,0,39,0,0,70,149,0,0,12,0,0,0,0,24,729,114,11,55,17,0,0,0,94,46,20,0,0,8,0,43,0,68,0,0,47,0,0,0,36,0,7,40,0,66,16,0,24,81,0,30,0,31,22,0,21,0,28,0,0,0,353,0,0,0,28,0,0,0,0,0,0,0,0,0,0,0,20,5,0,3,0,55,0,64,0,0,23,0,40,67,0,5,0,11,44,0,0,0,0,32,0,0,0,53,20,0,0,0,0,0,23,0,0,0,0,0,0,0,0,5,0,0,39,0,0,0,0,9,0,0,0,0,10,12,0,0,0,0,28,0,0,0,0,0,0,11,0,0,0,0,0,0,11,0,22,9,0,0,30,24,24,0,0,0,0,0,0,0,0,13,0,0,0,0,0,0,0,0,0,0,0,0,0,0,15,0,0,7,0,38,0,0,4,0,0,31,17,0,0,4,0,0,0,0,0,13,0,0,0,0,0,0,0,0,8,0,0,0,0,0,0,0,0,8,0,0,0,0,0,0,0,0,0,0,0,0,0,0,28,0,0,0,0,0,0,0,0,0,0,0,0,0,0,11,19,0,0,21,0,0,0,10,0,0,0,0,10,0,0,0,0,0,0,0,19,7,0,10,0,13,0,0,0,0,0,0,0,45,0,0,0,16,0,0,0,0,0,0,14,0,0,0,0,6,0,0,0,0,0,0,0,0,0,0,0,0,0,0,0,0,0,0,0,0,0,0,0,0,0,0,0,0,0,0,0,0,0,0,0,6,22,0,0,0,0,0,0,0,0,0,0,11,0,0,0,0,0,0,0,0,0,0,10,0,0,0,0,0,0,0,0,0,0,0,0,0,0,0
T13-S-1,Control,Spat,3,124,72,338,19,36,26,75,101,10,148,16,282,15,0,0,25,199,153,0,0,9,206,0,47,46,0,87,27,0,16,0,0,0,141,0,0,10,0,32,63,105,0,53,2,53,0,110,30,0,0,25,27,0,0,32,20,54,0,0,0,0,0,0,22,34,0,0,36,0,22,0,22,0,17,0,16,0,25,0,27,0,0,25,8,15,8,26,19,39,0,0,0,0,9,30,0,0,0,55,0,0,19,0,0,0,0,27,0,0,24,0,0,18,0,0,0,15,0,0,0,30,19,0,33,0,0,0,15,0,10,12,18,40,3,0,21,0,0,0,0,0,0,47,0,0,0,0,0,0,34,23,13,0,15,18,10,0,4,0,0,0,2,18,0,0,0,11,0,0,0,26,24,0,0,0,29,17,0,51,11,29,0,0,8,0,19,0,9,24,0,0,0,0,4,0,0,12,6,0,14,0,0,0,0,16,7,10,0,0,0,0,0,0,0,0,0,0,0,0,0,5,9,0,9,8,0,21,0,0,0,0,0,22,8,0,17,0,0,0,21,0,10,13,0,0,0,4,0,0,0,0,0,0,8,18,0,0,0,26,0,13,0,4,0,0,0,0,0,0,0,4,0,0,0,0,0,0,0,0,16,0,10,4,0,0,0,0,0,3,0,0,0,12,0,0,0,0,6,19,0,10,0,0,0,0,0,0,6,0,0,0,0,0,4,0,0,0,0,0,0,11,25,0,0,0,4,0,0,11,0,0,0,0,7,0,0,0,0,0,0,13,0,0,0,0,0,14,5,0,0,0,0,30,0,0,0,0,13,0,0,34,3,0,0,0,0,27,0,0,0,0,0,0,0,0,0,0,0,0,13,16,4,0,8,0,0,0,0,0,0,6,0
T14-1,Probiotics,Day 01,3,31,24,0,413,55,17,52,23,34,0,50,0,59,166,140,16,0,0,7,37,43,0,250,15,0,21,29,0,0,1,11,0,197,0,0,64,0,46,509,0,0,65,0,0,0,3,0,0,11,0,0,0,0,19,0,0,0,17,0,0,0,7,12,0,17,11,10,0,35,0,12,183,0,11,0,0,0,0,0,0,0,21,0,0,0,0,0,0,0,97,27,13,0,0,0,14,0,0,0,40,9,0,0,45,0,0,110,0,1,0,34,0,0,5,274,0,0,0,0,0,0,0,0,0,3,0,0,0,25,0,0,0,26,0,0,0,0,0,23,0,29,0,0,15,0,0,10,0,0,0,0,0,24,0,0,0,0,0,0,5,0,0,0,0,0,14,95,0,0,0,0,0,0,0,14,0,0,0,0,8,0,0,0,0,26,0,0,0,3,9,14,17,0,0,39,0,0,0,0,72,0,0,0,0,0,0,0,0,15,0,8,48,95,0,0,0,0,0,0,0,0,0,0,0,0,0,0,0,0,0,0,0,0,0,0,0,12,0,0,0,0,0,0,0,0,73,0,0,0,0,5,21,0,0,0,8,15,0,0,0,0,0,0,58,0,71,0,16,19,0,0,2,0,0,27,0,0,0,0,0,0,0,0,0,0,0,0,0,0,31,0,0,0,0,0,0,0,0,0,63,0,0,0,0,0,31,0,0,0,3,0,0,0,0,0,0,0,0,0,0,0,0,0,0,0,0,6,0,0,0,47,0,0,0,0,0,0,0,0,12,0,0,0,0,0,46,0,4,0,0,0,0,0,6,0,0,0,0,0,17,0,0,9,0,0,0,6,0,0,0,0,0,0,0,0,0,0,0,0,0,0,0,0,0,0,0,0,0,0,0,0,0
T14-15,Probiotics,Day 15,3,1012,486,0,33,27,58,137,45,46,0,45,0,61,30,0,254,0,0,9,21,0,0,0,16,0,0,0,107,0,59,0,12,15,0,0,0,20,0,9,0,0,0,0,62,0,38,0,0,66,0,0,0,0,0,44,90,0,0,128,0,0,0,0,36,0,42,0,0,28,0,22,0,11,10,0,0,87,19,16,0,0,0,0,12,0,0,0,0,0,0,12,20,21,35,0,0,49,32,0,0,19,0,0,0,39,0,0,19,11,0,0,0,0,0,0,0,0,0,45,65,0,0,57,0,5,0,0,0,0,0,0,0,0,0,16,0,0,27,0,53,0,25,0,31,43,0,20,13,0,0,0,0,0,1,0,0,0,0,0,44,0,81,0,0,0,0,0,40,0,0,0,0,32,1,0,0,0,0,0,10,0,0,0,8,14,0,0,0,8,10,0,12,0,0,0,0,0,0,8,0,0,0,0,0,0,0,0,0,0,0,19,0,0,17,0,0,42,0,0,15,0,4,0,0,1,0,0,0,0,0,0,25,0,0,22,0,4,0,0,0,0,0,0,0,0,0,0,0,0,0,0,0,0,0,0,10,0,0,0,0,0,0,0,0,0,0,0,0,0,0,0,0,0,0,0,10,0,35,21,0,0,0,0,0,0,0,0,0,0,0,0,0,0,0,0,17,26,0,0,0,0,0,13,0,12,0,2,15,14,0,0,0,0,0,0,27,0,13,33,0,0,0,0,0,0,0,0,0,0,38,0,0,0,5,0,0,15,0,0,0,0,0,0,0,0,0,9,0,0,0,0,0,0,0,0,2,19,0,0,0,0,0,0,15,0,0,5,0,0,0,0,0,6,0,3,0,5,0,0,0,0,0,0,0,0,0,0,0,0,0,0,0
T14-2-2,Probiotics,Spat,3,109,59,252,0,20,0,60,164,8,105,0,101,0,0,0,21,145,157,0,0,0,317,0,83,58,0,54,0,8,33,0,0,0,69,19,0,0,0,0,21,78,0,99,0,56,0,183,54,0,0,90,66,0,0,5,55,0,0,0,0,0,0,52,21,0,0,0,149,0,33,0,0,0,0,0,74,0,63,0,19,0,0,0,5,38,0,36,32,59,0,0,0,0,0,35,0,0,0,48,0,0,14,0,0,0,0,0,0,0,24,0,0,32,0,0,0,28,0,0,0,39,27,0,0,0,0,0,4,0,0,13,24,0,9,40,36,0,0,0,0,0,0,41,0,0,0,0,0,0,28,23,0,0,30,41,20,0,18,0,0,0,0,0,0,0,0,0,34,0,0,26,0,0,0,0,24,27,0,35,0,40,0,0,0,0,0,0,15,0,0,0,0,13,0,0,0,0,0,0,0,0,8,14,0,10,8,9,9,0,0,0,0,0,0,0,5,0,0,11,0,0,22,8,25,0,0,0,0,0,0,0,0,0,13,0,17,0,0,38,0,0,0,0,11,20,0,10,0,0,0,0,0,0,19,37,0,0,0,12,0,13,0,0,0,28,0,0,0,0,0,5,0,0,0,0,0,0,0,0,30,0,7,8,15,0,26,0,0,0,0,0,0,0,0,18,0,0,9,28,0,0,0,0,0,0,0,0,0,0,0,0,0,0,4,0,23,0,0,0,25,0,16,0,0,0,0,0,0,0,8,0,0,0,26,0,16,0,0,0,0,0,12,0,0,0,0,0,0,0,33,0,10,0,0,0,0,0,0,0,0,17,20,0,0,0,0,0,0,0,0,0,0,13,0,0,0,0,0,0,22,0,0,0,2,0,0,0,0,0,0,0,0
T14-3,Probiotics,Day 03,3,420,231,0,87,30,39,71,12,417,0,126,0,73,52,10,58,0,0,0,117,0,0,48,0,0,0,44,0,0,0,49,228,21,0,0,57,98,81,40,0,0,0,0,35,0,75,0,0,16,0,0,0,23,0,0,0,52,55,0,0,0,39,0,63,0,64,75,0,29,0,24,0,0,0,0,0,0,0,0,0,0,0,0,0,0,0,0,0,0,0,15,25,0,0,0,58,0,0,0,0,26,0,28,29,82,41,9,7,28,0,0,0,0,49,0,69,0,52,6,3,0,0,0,0,64,0,0,0,0,0,0,0,0,0,0,0,0,20,0,0,0,75,0,0,24,26,9,0,0,0,0,0,0,0,0,0,0,0,0,0,0,11,0,0,66,9,0,45,36,8,0,0,6,57,0,0,0,0,0,24,0,21,0,0,0,0,25,0,0,7,0,0,0,0,0,0,0,0,21,0,0,0,0,0,0,0,30,0,0,0,11,0,0,30,0,0,0,0,0,0,0,0,0,0,0,0,0,0,0,0,27,0,0,0,0,0,0,0,0,0,0,0,0,0,0,0,0,0,0,36,0,0,0,0,0,16,0,0,0,0,0,0,0,0,0,0,0,0,0,13,0,0,0,24,0,0,0,51,0,0,30,0,0,0,10,0,0,0,0,0,0,0,0,33,0,0,0,0,0,0,0,0,0,0,0,0,27,0,0,0,78,0,0,0,0,0,0,9,0,0,0,0,0,0,0,0,0,0,0,0,0,54,0,0,0,0,0,0,0,0,0,0,0,0,0,12,0,0,0,0,0,0,0,0,0,0,0,0,0,0,0,0,0,0,0,0,0,0,47,0,55,0,0,0,15,0,10,0,0,0,0,0,0,0,0,0,0,0,0,0,0,0
T14-6,Probiotics,Day 06,3,440,239,0,23,48,16,76,21,146,0,120,0,77,0,0,96,0,0,49,279,0,0,0,0,0,0,0,13,55,126,26,53,38,0,0,0,178,83,0,0,0,0,0,25,0,69,0,0,24,0,0,0,0,0,0,36,0,137,0,0,0,129,0,0,0,45,74,0,0,0,50,15,0,11,17,0,0,0,27,0,0,0,0,0,0,0,0,0,0,0,13,29,28,10,0,55,0,82,0,0,45,0,28,67,33,5,0,0,34,0,0,0,0,57,22,73,0,88,17,38,0,0,0,0,35,0,0,0,0,0,0,0,0,0,0,0,50,0,0,0,0,26,0,0,31,0,34,50,0,0,0,0,53,0,0,0,0,0,0,52,0,0,0,0,0,0,0,3,22,11,0,0,30,20,2,0,0,0,0,0,0,0,0,0,0,0,12,0,0,30,0,14,0,0,0,0,0,0,25,0,0,24,0,61,0,0,0,0,0,8,12,0,0,0,0,0,0,0,51,26,0,0,0,0,0,0,0,0,11,0,27,0,0,0,0,0,0,0,0,0,0,0,0,0,0,0,0,0,0,0,0,17,31,0,0,6,0,0,0,0,0,0,0,0,0,0,0,0,0,35,0,29,0,0,0,0,0,0,0,0,0,0,0,0,0,0,0,0,0,0,0,9,0,0,0,0,0,0,0,0,0,35,0,3,20,0,21,0,0,0,0,0,0,0,0,0,0,19,0,0,0,0,0,0,0,0,0,0,0,0,0,0,0,13,0,0,0,0,0,0,0,0,0,0,0,0,0,0,0,0,0,0,0,0,29,0,0,0,0,0,0,0,0,0,0,46,3,14,0,0,10,0,0,0,10,0,0,0,3,0,0,0,0,0,0,0,0,0,0,0,0,0
T14-S-1,Probiotics,Spat,3,100,43,219,0,19,0,26,159,9,126,0,405,0,0,0,12,163,149,0,0,16,359,0,101,61,0,58,13,0,7,0,0,14,205,0,6,0,0,0,24,68,0,57,7,53,0,162,40,0,0,40,57,0,0,16,20,9,0,9,58,0,0,28,25,31,4,0,27,0,25,0,0,0,0,0,32,0,27,5,8,11,0,15,0,17,0,19,33,37,0,0,0,2,12,26,0,0,0,31,0,5,20,0,0,0,0,0,0,0,20,0,0,20,0,0,0,30,2,0,0,17,14,0,6,0,0,30,11,0,11,19,30,0,0,14,12,4,13,0,0,0,0,48,0,0,3,0,0,0,22,23,9,0,32,18,12,33,15,0,0,0,0,13,0,0,0,0,22,0,0,11,23,0,0,0,14,35,0,13,0,5,0,0,0,0,11,0,9,3,0,0,0,14,7,0,1,0,7,0,3,0,0,7,0,11,0,0,12,0,0,0,0,10,0,28,8,0,4,0,0,7,7,9,12,6,0,10,0,0,0,0,0,0,6,0,10,0,9,19,8,0,12,16,0,0,0,0,0,0,0,0,0,0,13,0,0,0,0,7,0,17,0,8,0,11,0,9,0,0,0,9,0,1,0,0,0,15,0,0,7,0,6,5,11,0,4,0,10,0,0,18,0,8,0,0,14,0,10,29,0,7,0,0,0,0,0,0,0,0,0,0,0,0,3,14,0,0,0,0,27,9,21,0,11,0,6,0,1,4,0,0,0,0,8,0,0,0,12,0,0,4,5,5,0,8,0,0,4,0,16,0,0,2,0,0,0,0,0,0,0,5,3,0,0,0,0,20,0,0,0,0,9,0,0,0,0,0,0,0,0,18,3,0,0,6,14,0,0,0,0,1,0
T15-15,Probiotics + HT,Day 15,3,1079,523,0,29,51,26,130,27,45,0,39,0,48,0,0,142,0,0,23,37,0,0,0,25,0,32,0,90,0,25,28,0,14,0,0,22,50,54,18,0,0,0,0,42,0,55,0,0,45,0,0,0,0,0,50,32,0,12,81,0,0,0,0,50,0,28,28,0,59,0,25,0,25,0,0,0,48,36,18,0,0,0,0,15,0,0,0,0,0,0,32,32,37,16,0,0,272,3,0,0,39,0,13,0,46,0,0,26,0,0,0,0,0,10,0,29,0,0,19,38,0,5,37,0,8,0,0,0,0,0,0,0,0,22,0,0,0,0,0,18,0,13,0,0,0,0,16,41,15,0,0,0,0,0,0,0,0,6,16,15,0,30,0,0,0,9,0,10,0,20,0,0,23,11,51,0,0,0,0,0,0,0,0,0,0,0,0,0,0,24,0,22,0,0,0,0,0,0,17,0,0,0,0,0,0,0,0,0,0,0,9,45,0,0,0,0,65,0,0,0,0,0,0,0,0,0,0,0,13,0,0,0,0,0,0,0,0,0,0,0,0,0,0,0,6,0,0,0,0,0,0,0,0,0,0,0,0,0,0,0,0,0,0,0,0,0,0,0,0,0,0,0,0,0,0,18,0,0,12,0,0,0,0,0,10,0,0,0,0,0,0,5,0,0,0,0,0,0,0,0,0,0,13,0,0,8,0,9,0,0,0,0,0,0,0,0,0,13,99,0,0,0,0,0,21,0,0,0,0,0,0,0,0,0,0,0,0,0,0,0,0,0,0,0,0,0,0,0,0,0,0,0,0,2,24,0,0,0,4,0,0,0,0,0,0,0,5,0,0,0,0,0,0,0,0,0,0,30,0,0,0,0,0,0,0,0,0,0,0,0,0,0
T15-2,Probiotics + HT,Day 01,3,45,21,0,577,52,45,49,16,17,0,301,0,83,271,244,0,0,0,35,41,350,0,135,0,0,22,0,7,0,0,0,0,42,0,0,89,31,40,0,0,0,94,0,11,0,19,0,0,0,0,0,0,0,171,3,0,0,19,0,0,0,12,0,0,0,28,16,0,0,0,0,217,0,51,0,0,0,0,0,0,0,115,0,27,0,0,0,0,0,30,18,24,0,0,0,0,0,0,0,37,23,0,8,0,0,0,35,0,14,0,39,0,0,10,17,0,0,0,0,0,0,0,10,0,6,9,0,0,26,0,0,0,0,0,0,0,0,0,54,33,168,10,0,0,0,0,0,0,0,0,0,0,0,0,0,0,0,0,6,0,0,0,0,0,0,0,0,0,9,0,0,0,0,0,0,0,0,65,0,56,0,45,0,8,19,0,0,0,0,5,41,4,0,0,54,0,0,0,3,0,0,0,0,0,0,0,0,0,36,10,0,87,80,0,0,0,0,0,0,0,0,0,0,0,0,0,0,0,0,0,0,0,0,0,0,0,0,0,0,0,0,0,0,0,0,0,0,8,7,0,2,7,0,0,0,0,0,0,0,0,0,0,0,39,0,0,0,9,0,2,0,0,0,0,43,0,0,0,0,0,0,0,0,0,0,0,0,0,0,24,0,0,0,0,0,0,0,0,0,0,0,0,0,0,0,0,0,0,5,29,0,22,0,0,0,0,0,0,0,0,0,0,0,0,0,0,0,0,0,0,0,0,0,0,0,0,0,0,0,7,0,0,15,0,0,0,0,0,0,0,32,0,0,0,0,0,0,0,0,0,0,0,0,0,0,0,0,12,0,0,0,0,0,0,0,0,0,0,0,0,0,0,0,0,0,0,0,0,0,0,0,0
T15-3,Probiotics + HT,Day 03,3,318,138,0,115,24,41,95,0,422,0,114,0,49,73,0,104,0,0,0,105,28,0,0,0,0,0,76,0,0,0,127,178,9,0,0,48,100,81,35,0,0,0,0,11,0,79,0,0,29,0,0,0,2,0,31,0,16,69,40,0,0,79,0,0,39,64,49,0,0,0,32,40,0,7,0,0,0,12,16,0,0,0,0,0,0,63,0,0,0,0,32,35,6,0,0,51,0,13,0,0,23,0,38,59,63,36,0,0,49,0,43,0,0,10,19,38,0,78,0,0,0,0,0,0,33,16,0,0,0,0,0,0,0,0,0,0,38,0,0,0,0,33,0,0,0,17,23,16,0,0,0,0,0,0,0,0,0,0,0,0,0,20,0,0,49,12,0,0,19,3,0,0,0,47,0,0,0,0,0,0,0,0,0,0,0,0,0,0,0,18,0,0,0,0,0,11,0,0,9,0,0,0,0,48,0,0,25,0,0,14,28,0,0,21,0,0,0,0,0,0,0,0,0,0,0,0,0,0,0,0,43,0,0,0,0,0,17,0,0,0,0,0,0,5,22,0,0,0,0,27,0,0,26,0,0,8,0,0,0,0,0,0,0,0,0,0,0,0,0,29,0,0,0,21,0,14,0,20,0,0,0,0,0,0,12,0,0,0,0,0,0,0,0,32,0,0,0,0,0,14,0,0,0,0,0,0,8,0,0,0,0,0,0,0,0,0,0,0,0,0,0,0,0,0,0,0,42,0,0,10,0,7,0,0,0,0,0,0,0,0,0,0,0,0,0,0,0,0,14,0,0,0,0,49,0,0,0,0,0,47,0,0,0,0,0,0,0,17,17,0,0,0,0,0,30,0,30,28,0,0,0,0,0,0,0,0,0,0,18,0,0,0
T15-6,Probiotics + HT,Day 06,3,1320,629,0,79,107,84,217,0,82,0,128,0,144,0,0,60,0,0,101,33,0,0,0,0,0,0,0,54,53,174,34,34,37,0,0,16,29,38,38,0,0,0,0,58,0,0,0,0,85,0,0,0,60,0,0,68,0,39,34,0,23,0,0,41,0,27,13,0,0,0,23,0,0,0,0,0,0,0,75,0,0,0,0,0,0,0,0,0,0,0,24,0,33,0,0,0,0,57,0,0,0,0,13,0,0,29,0,0,8,0,0,0,0,0,0,0,0,0,0,24,0,0,0,0,0,0,0,0,0,0,0,0,0,0,0,0,0,0,0,0,0,17,0,0,0,0,16,0,0,0,0,0,121,0,0,0,23,0,0,17,0,0,0,0,0,0,0,0,29,0,0,0,37,0,0,0,0,0,0,0,0,0,0,0,0,0,0,0,0,0,0,25,0,0,0,0,0,0,0,0,0,0,0,0,0,0,0,0,0,18,0,0,0,0,0,0,0,0,0,0,0,0,0,0,0,0,0,0,0,0,0,0,0,0,46,0,0,0,0,0,0,0,0,0,0,0,0,0,0,0,17,0,0,0,0,0,0,0,0,0,0,0,0,0,0,0,0,19,0,0,0,0,0,0,0,9,0,0,0,0,0,0,0,0,0,0,0,0,0,0,0,0,0,0,0,0,0,0,0,0,0,0,0,0,0,0,0,0,0,0,0,0,0,0,0,0,0,0,0,0,0,0,0,0,0,0,0,0,0,0,0,20,0,0,0,0,0,0,0,0,0,0,0,0,0,0,0,10,0,0,0,0,0,0,0,3,0,0,0,0,0,0,0,0,0,0,0,0,6,0,0,0,0,0,0,0,0,0,0,0,0,0,0,0,0,0,0,0,0,0,0,0
T15-S-2,Probiotics + HT,Spat,3,128,63,471,14,31,20,71,184,15,222,9,30,0,0,20,37,162,93,0,0,0,33,0,89,10,17,72,17,0,4,10,0,49,9,155,3,0,0,0,44,80,0,83,10,28,0,16,177,0,0,25,33,0,0,122,0,57,0,0,0,0,0,63,34,49,0,0,5,7,48,6,0,0,0,0,32,0,38,15,28,61,0,36,21,64,0,39,26,10,26,0,0,0,7,22,7,0,0,17,0,0,38,0,6,0,0,0,0,0,20,0,0,23,0,0,0,19,0,0,0,0,9,0,25,2,0,0,15,5,30,34,6,40,43,22,24,0,17,0,0,0,0,10,0,0,0,0,0,0,7,10,15,0,7,31,28,19,0,0,0,0,0,20,6,11,0,0,14,0,0,12,11,0,0,0,15,0,0,21,0,4,4,26,0,0,0,66,15,23,0,0,0,24,10,0,0,22,10,0,0,0,0,3,0,3,10,5,19,0,0,0,0,0,0,12,0,12,17,0,0,9,0,22,8,6,0,0,0,0,0,0,0,0,0,17,29,0,0,0,21,3,0,0,12,3,0,1,3,0,0,0,0,0,10,7,6,0,0,0,0,9,0,4,0,0,0,0,0,0,0,6,0,6,0,0,6,0,0,0,0,0,0,0,0,0,0,0,4,0,0,12,0,0,0,3,21,0,3,8,0,14,0,0,0,25,0,0,8,0,0,0,0,0,0,8,0,5,0,0,0,2,0,0,4,0,0,0,6,1,0,0,0,0,2,0,0,0,3,0,0,0,0,0,0,7,0,0,0,0,0,0,0,0,0,0,0,0,0,1,0,0,7,0,0,0,0,0,0,0,0,0,6,0,0,0,0,0,0,0,0,13,3,3,15,0,0,0,6,0,0,6,0
T2-1,Probiotics,Day 01,1,57,0,0,1109,197,55,29,61,8,0,49,0,95,504,210,0,0,0,0,38,41,0,290,0,0,76,36,39,0,0,37,0,0,0,0,136,22,0,28,0,0,96,0,10,0,16,0,0,0,0,0,0,0,17,6,0,0,16,0,0,0,0,0,36,0,16,19,0,63,0,0,29,21,41,0,0,0,0,0,0,0,0,0,7,0,0,0,1,0,0,12,0,0,0,0,0,0,0,0,40,15,0,4,0,30,0,69,0,0,0,70,0,0,7,0,0,0,0,0,0,0,0,0,0,0,36,0,0,31,0,0,0,12,0,0,0,0,0,0,0,13,4,0,0,0,0,0,0,0,0,0,0,26,0,0,0,0,0,11,0,0,0,0,0,0,28,49,0,0,7,0,0,0,0,0,0,0,0,0,24,0,10,0,0,32,0,0,0,7,0,26,9,0,0,0,0,0,0,3,18,0,14,0,0,0,0,0,0,14,0,6,0,0,26,0,0,0,0,0,0,0,0,0,0,0,0,0,0,0,0,0,0,0,0,7,0,0,0,0,0,0,0,0,0,0,16,0,9,0,0,10,40,0,0,0,0,45,19,0,0,0,0,0,0,0,24,0,20,24,0,0,0,0,0,14,0,0,0,0,0,0,0,0,0,0,0,0,0,0,5,0,0,0,0,0,0,0,0,0,0,0,0,0,0,0,29,0,0,0,18,0,22,0,0,0,0,0,0,0,0,0,0,0,0,0,0,4,0,0,0,26,0,0,0,0,0,0,0,0,13,0,0,0,25,0,21,0,0,5,0,34,0,0,0,0,0,0,0,0,0,0,0,0,2,0,0,0,13,0,0,0,10,0,0,0,39,0,0,0,0,0,0,0,0,0,0,0,0,0,0,0,0
T2-15,Probiotics,Day 15,1,670,353,0,0,67,141,134,35,11,0,34,0,0,0,0,153,0,0,42,18,0,0,0,0,0,26,0,184,0,35,0,0,57,0,0,11,15,28,0,0,0,0,0,44,0,0,0,0,38,0,0,0,35,0,56,56,0,8,96,0,0,0,0,0,0,29,0,0,69,0,24,0,626,13,0,0,109,43,18,0,0,0,0,0,0,0,0,0,0,27,17,12,25,42,0,0,32,0,0,0,0,0,4,0,0,0,0,87,7,0,0,0,0,0,0,0,0,0,64,27,0,3,0,0,0,0,0,0,0,0,0,0,0,0,0,0,0,0,0,30,0,0,0,0,39,9,12,0,32,0,0,0,0,0,0,0,0,0,137,24,289,18,0,0,0,10,0,4,0,4,0,0,0,5,0,0,0,0,0,0,0,0,0,0,0,0,0,0,0,0,0,14,0,0,0,0,0,0,0,0,0,0,0,0,0,0,0,0,0,0,0,0,0,0,0,0,15,0,0,0,0,0,0,0,10,0,0,0,0,0,0,49,0,0,0,0,0,0,0,0,0,0,0,0,0,0,0,27,0,0,0,0,0,0,0,0,0,0,0,0,0,0,0,0,0,0,0,0,0,0,0,13,0,0,0,0,0,0,110,0,0,0,0,0,0,0,0,0,0,0,0,0,0,0,0,0,0,0,0,0,0,10,5,0,13,0,0,0,0,0,34,0,0,0,0,21,0,0,0,0,0,0,0,0,29,0,0,0,0,0,0,0,0,0,40,0,0,0,0,0,0,0,0,0,0,0,0,0,0,0,0,0,0,0,0,4,0,0,0,0,0,0,0,0,0,13,0,0,0,0,0,0,0,7,0,0,6,0,0,0,0,0,0,0,0,0,0,0,0,0,0,0
T2-3,Probiotics,Day 03,1,1256,639,0,94,31,337,108,21,42,0,192,0,119,49,29,29,0,0,0,13,0,0,89,0,0,33,0,0,0,0,159,8,29,0,0,34,0,0,23,0,0,16,0,54,0,10,0,0,50,0,0,0,0,0,35,0,0,2,0,0,35,0,0,45,0,5,0,0,0,33,24,6,0,0,0,0,0,0,22,0,0,0,0,4,0,75,0,0,0,19,0,0,0,0,0,0,0,8,0,0,0,0,0,0,0,58,0,4,0,0,0,0,0,0,12,0,0,0,15,19,0,0,0,16,0,24,0,0,24,0,0,0,0,0,0,0,0,14,0,15,0,0,0,30,28,43,0,0,53,0,0,0,0,0,0,0,0,0,0,13,0,9,0,0,11,0,0,4,0,0,0,0,36,3,0,0,0,0,0,2,0,0,0,0,0,0,0,0,0,0,0,0,0,17,0,6,0,0,2,0,0,9,0,0,0,0,0,0,0,12,0,0,0,0,0,0,11,0,3,0,0,0,0,0,0,0,6,0,0,0,0,0,0,0,0,0,51,14,0,0,0,0,0,0,0,0,0,0,10,0,0,0,3,0,0,6,0,3,0,28,0,0,0,0,0,0,0,0,0,0,0,0,0,14,0,0,0,17,0,0,26,0,0,0,0,0,0,0,0,6,0,0,6,0,0,0,15,0,0,0,0,0,0,0,0,0,11,0,8,0,25,0,3,0,0,16,0,0,0,0,0,0,0,0,23,0,0,0,0,0,0,0,0,0,0,0,0,0,0,0,0,0,29,17,0,0,0,2,0,0,0,0,0,0,0,5,29,0,0,0,0,0,0,8,0,0,0,0,2,0,0,0,0,0,0,0,0,0,0,0,0,0,0,0,0,0,0,0,5,0,0,0
T2-6,Probiotics,Day 06,1,808,430,0,27,71,187,93,7,166,0,79,0,49,0,0,27,0,0,151,55,0,0,0,0,0,41,38,30,73,327,63,76,18,0,0,22,50,37,2,0,0,0,0,41,5,34,0,0,41,0,0,0,81,0,17,25,0,34,0,0,186,41,0,0,0,17,22,0,0,0,32,0,0,0,26,0,0,0,41,0,0,0,0,33,0,35,0,0,0,0,2,23,21,25,0,23,0,70,0,0,12,0,21,21,0,11,0,16,35,0,17,0,0,14,0,28,0,24,21,37,0,6,0,0,25,0,0,0,12,0,0,0,0,2,0,0,32,0,0,0,0,0,0,8,19,8,7,18,0,0,0,0,47,0,0,0,0,0,0,0,0,0,0,0,0,9,0,0,6,6,0,0,17,12,0,0,0,0,0,0,0,0,0,19,0,0,0,0,0,7,0,0,0,0,0,0,0,0,12,0,0,12,0,0,0,0,0,0,0,0,16,0,0,2,0,0,0,0,21,20,0,0,0,0,0,0,0,2,9,0,0,0,0,0,12,0,13,0,0,0,0,0,0,0,0,0,0,0,0,0,0,0,10,0,0,0,0,0,0,8,0,26,0,0,0,0,0,0,9,0,0,0,0,5,0,21,0,0,0,0,0,0,0,0,0,0,0,0,0,0,0,0,0,16,0,0,0,0,0,0,0,37,0,17,0,0,0,0,2,0,0,0,0,0,0,0,0,0,0,0,0,0,0,0,24,0,0,0,0,0,0,0,0,2,0,0,0,0,0,0,0,0,16,14,2,0,0,0,8,0,0,0,0,0,0,3,0,0,0,0,0,0,0,0,0,0,0,0,0,0,0,0,0,0,0,0,0,0,0,0,0,0,0,0,0,0,0,0,0,0,0,0
T2-S-1,Probiotics,Spat,1,134,74,351,0,0,14,48,195,13,174,0,26,0,2,0,22,66,168,0,0,4,70,0,122,74,0,89,16,0,14,0,5,0,7,284,9,0,0,0,63,29,0,49,0,66,0,27,42,0,0,60,34,0,0,2,31,50,0,9,0,0,0,6,0,30,0,0,41,0,23,0,0,0,0,0,51,0,26,0,57,123,0,37,3,13,0,12,18,47,0,0,0,4,26,39,0,0,0,42,0,0,12,0,0,0,0,0,0,0,26,0,0,29,0,0,0,21,0,0,0,35,21,0,41,0,0,0,37,6,10,19,13,22,1,9,21,0,9,0,0,0,0,26,0,0,8,0,0,0,4,10,11,0,17,13,12,19,15,0,0,0,0,10,0,5,0,0,3,0,0,14,35,0,0,0,20,0,0,3,0,13,0,12,9,0,46,0,13,0,0,0,20,19,12,0,0,0,11,0,0,0,7,35,0,17,9,0,0,0,0,0,0,0,0,33,42,0,10,0,0,14,7,12,10,15,0,0,14,0,26,0,0,0,0,0,13,0,13,0,0,12,35,16,11,0,0,10,0,0,0,9,0,0,6,0,10,0,0,4,10,31,0,5,0,15,0,15,0,0,0,6,0,3,0,0,0,12,0,0,6,0,7,13,8,0,16,8,10,0,0,11,0,11,0,18,0,0,5,0,0,8,0,13,0,0,0,0,10,0,0,0,0,0,3,7,0,0,0,0,0,11,0,8,20,0,14,0,12,0,0,0,0,0,0,0,11,0,12,12,0,12,6,0,0,2,0,0,14,0,13,0,16,0,0,0,0,0,8,12,0,4,5,0,12,12,0,0,0,0,8,0,0,0,0,0,0,0,0,0,14,0,8,0,0,0,0,4,0,0,11,3,0
T2-S-2,Probiotics,Spat,1,134,75,306,0,0,12,55,170,0,158,0,13,0,0,0,32,53,232,0,0,28,68,0,96,90,0,73,27,0,8,3,0,0,0,184,11,0,0,17,44,24,0,64,12,98,0,26,8,0,0,112,37,0,0,48,17,38,5,0,0,0,0,33,0,49,0,7,30,0,50,0,0,0,0,0,41,14,18,9,32,86,0,68,0,24,0,28,26,53,0,0,0,0,13,26,0,0,0,16,0,0,94,0,0,0,0,0,0,0,14,0,0,52,0,0,0,42,0,0,0,31,35,0,24,0,0,0,44,19,12,33,34,25,7,35,11,0,13,0,0,0,0,14,0,0,0,0,0,0,17,6,22,0,0,25,18,32,0,0,0,0,0,33,34,0,0,0,2,0,0,13,24,0,0,0,28,22,0,24,0,19,0,12,0,0,30,0,21,20,0,0,0,0,3,0,0,14,0,0,7,0,0,22,0,11,0,15,24,0,0,0,0,0,0,0,13,0,32,0,0,19,6,10,7,0,0,0,0,0,26,0,0,0,7,0,0,0,0,19,3,32,19,8,0,18,0,4,0,0,0,12,0,0,9,0,0,0,0,0,0,0,0,8,0,4,0,10,0,0,0,4,0,0,0,0,0,18,0,0,8,0,3,5,0,0,28,0,9,0,0,3,0,5,0,24,0,0,0,0,0,0,0,0,0,0,0,0,0,0,0,0,0,0,0,8,0,0,0,0,0,0,0,5,26,0,16,0,6,3,0,0,0,0,0,0,0,0,0,40,0,11,8,0,0,0,0,6,0,0,0,0,20,18,0,0,0,0,0,20,5,0,0,3,0,0,0,6,0,0,0,0,0,6,0,0,0,0,0,8,17,0,15,0,0,0,0,0,0,0,0,0,0
T3-1,Probiotics + HT,Day 01,1,37,18,0,1304,85,128,43,34,14,0,119,0,155,650,314,0,0,0,51,23,17,0,183,18,0,51,31,17,0,5,16,11,75,0,0,90,26,0,21,0,0,150,0,6,0,0,0,0,8,0,0,0,16,17,0,0,0,6,0,0,11,0,1,10,0,7,0,0,0,0,5,26,13,24,0,0,0,0,7,0,0,15,0,41,0,0,0,0,0,33,6,18,0,0,0,0,0,0,0,6,9,0,0,0,24,0,10,0,4,0,32,0,0,0,0,0,0,0,1,0,0,0,0,0,0,8,0,0,30,0,0,0,0,0,0,0,0,0,0,0,69,8,0,19,0,0,3,0,0,0,0,0,0,0,0,0,0,0,14,6,0,0,0,0,0,0,0,0,10,0,0,0,0,0,0,0,0,0,0,46,0,47,0,17,0,0,0,0,0,6,21,8,0,0,0,11,0,0,0,0,0,2,0,0,0,0,0,0,27,0,0,23,19,0,0,0,0,0,0,11,0,0,0,0,0,0,0,0,0,0,0,0,0,0,0,0,0,0,0,0,0,0,0,0,4,0,0,0,0,0,9,25,0,0,0,0,0,0,0,0,0,0,0,27,0,0,0,6,17,0,0,0,0,0,25,0,0,0,0,0,0,0,0,0,0,0,0,0,0,12,0,0,0,0,0,0,0,0,0,0,0,0,0,0,0,0,0,0,0,5,0,18,0,0,0,0,0,4,0,0,0,0,0,0,0,0,14,0,0,0,0,0,0,0,0,0,0,0,0,11,0,0,20,14,0,0,0,0,0,0,0,0,0,0,0,0,0,0,0,0,0,0,0,0,0,0,0,0,0,0,0,0,0,0,0,0,0,0,0,0,0,0,0,0,0,0,0,0,0,0,0,0
T3-15,Probiotics + HT,Day 15,1,1306,612,0,0,88,149,143,3,15,0,40,0,80,13,0,95,0,0,44,42,0,0,0,0,0,40,0,70,0,71,0,0,0,0,0,35,41,49,20,9,0,0,0,28,0,25,0,0,24,0,0,0,28,0,32,26,0,0,57,0,0,26,0,0,0,33,31,0,56,0,35,0,0,23,0,0,83,0,15,0,0,0,0,14,0,0,0,0,0,0,36,11,58,65,0,14,0,24,0,0,19,0,25,0,0,0,0,45,13,0,0,0,0,11,0,20,0,0,24,15,0,0,16,0,10,0,0,0,0,0,0,0,0,27,0,0,21,0,0,0,0,7,0,0,18,0,19,20,0,0,0,1,0,0,0,0,0,0,33,19,0,4,0,0,16,11,0,0,0,0,0,0,0,6,12,0,0,0,0,0,0,15,0,0,0,0,0,0,0,9,0,0,0,0,0,0,0,0,0,2,154,0,0,27,0,6,0,0,0,0,0,0,0,16,0,0,0,0,0,5,0,0,0,0,4,0,0,0,15,0,0,37,0,0,0,0,0,0,0,0,0,0,0,0,0,0,0,19,0,0,0,0,0,0,0,0,0,0,0,0,0,0,0,0,0,0,0,0,0,0,0,0,0,0,0,0,0,0,0,0,0,0,0,0,9,0,0,0,30,0,0,62,0,0,0,0,0,0,0,0,0,0,0,0,0,0,0,0,14,0,0,0,0,0,0,25,0,13,23,0,0,0,0,0,0,0,0,0,5,0,0,0,0,0,0,0,0,0,0,0,0,0,0,0,0,0,0,0,0,0,0,0,0,0,0,0,0,0,0,0,0,0,0,0,0,0,0,0,0,0,0,0,0,15,0,0,0,0,0,0,0,0,0,0,0,0,0,0,32,0,0,0
T3-3,Probiotics + HT,Day 03,1,1806,939,0,74,45,256,63,5,26,0,136,0,51,47,19,0,0,0,18,7,0,0,0,0,0,26,0,0,0,0,71,0,0,0,0,35,7,27,8,0,0,0,0,25,0,19,0,0,22,0,0,0,12,0,12,20,0,3,0,0,27,0,0,27,0,7,0,0,0,22,45,0,0,0,0,0,0,25,17,0,0,0,0,14,0,21,0,0,0,0,0,0,2,6,0,0,0,20,0,0,0,0,0,0,0,38,0,5,0,0,15,0,0,0,0,0,0,0,22,11,0,1,0,0,0,25,0,0,40,0,0,0,0,0,0,0,9,0,0,0,0,0,0,16,25,14,0,0,32,0,0,0,0,0,0,0,0,0,10,9,0,0,0,0,0,0,0,11,0,0,0,0,16,0,0,0,0,0,0,0,0,0,0,0,0,0,0,0,0,0,0,0,21,7,0,0,0,0,0,0,0,3,0,0,0,0,2,0,13,9,0,0,0,0,0,0,0,0,0,0,0,0,0,0,0,0,0,0,0,0,0,0,0,0,0,0,18,0,0,0,0,0,0,0,0,0,0,0,14,0,0,0,0,0,0,0,0,0,0,26,0,15,0,0,0,0,0,9,0,0,0,0,0,17,0,0,0,9,0,0,5,0,0,0,0,0,0,0,0,0,0,0,0,0,0,0,31,0,0,0,0,0,0,0,0,0,20,0,3,0,5,0,14,0,0,0,0,0,0,0,0,0,0,0,0,0,6,0,0,0,0,9,33,0,0,0,0,0,0,0,0,0,0,0,0,0,0,0,0,15,0,0,0,3,0,15,12,0,0,0,0,0,0,0,0,0,0,0,0,0,0,0,0,5,4,0,0,4,0,0,0,0,0,0,0,0,0,0,0,0,0,0
T3-6,Probiotics + HT,Day 06,1,956,483,0,30,216,68,51,9,112,0,86,0,89,0,0,0,0,0,99,69,0,0,0,0,0,85,0,0,28,108,168,67,109,0,0,20,41,62,0,0,0,0,0,30,0,49,0,0,50,0,0,0,55,0,10,32,0,43,0,0,43,33,3,40,0,8,0,0,11,0,54,0,0,9,16,0,0,0,41,0,0,0,0,25,0,103,0,0,0,41,0,35,8,0,0,0,0,53,0,0,0,0,28,29,0,15,0,26,32,0,0,0,0,32,0,0,0,34,16,22,0,0,0,0,21,0,0,0,31,0,0,0,0,0,0,0,28,0,0,0,0,0,0,0,23,0,0,15,0,0,0,0,28,0,0,0,0,0,0,6,0,0,0,0,0,0,0,0,0,5,0,0,0,10,0,0,0,0,0,0,0,0,0,0,0,0,0,0,0,13,0,3,0,0,0,0,0,0,32,0,0,4,0,25,0,0,0,0,0,0,11,0,0,8,0,0,0,0,24,0,0,0,0,0,0,0,0,0,8,0,9,13,0,0,0,0,0,0,0,0,0,0,0,0,0,0,0,0,0,0,0,0,0,0,0,3,0,0,0,0,0,23,0,0,6,0,0,0,0,6,0,14,0,0,0,26,0,0,0,0,0,0,0,0,24,0,0,0,0,0,0,0,0,0,0,0,0,0,0,0,0,27,0,0,6,0,4,0,22,0,0,0,0,0,0,0,0,0,0,0,0,0,0,0,0,0,0,0,0,0,0,0,0,0,119,0,9,13,0,0,0,0,0,0,0,0,0,3,0,0,0,0,0,0,0,23,0,0,0,0,0,0,0,0,0,0,0,0,9,0,4,0,0,9,0,0,9,0,0,0,0,0,0,0,0,0,0,0,0,0,0,0
T3-S-1,Probiotics + HT,Spat,1,110,56,301,0,0,0,57,126,12,179,0,94,0,0,0,20,190,111,14,0,0,80,0,71,78,4,103,24,0,14,11,4,11,61,0,0,0,0,14,55,106,0,92,7,43,5,42,53,0,280,50,39,0,0,43,10,42,6,6,0,0,0,44,8,53,0,0,17,0,32,0,0,0,0,0,8,10,11,8,29,5,0,36,5,14,0,71,34,16,0,0,0,5,7,28,0,0,0,12,0,0,51,0,0,0,0,0,1,0,22,0,113,16,0,14,0,44,0,0,0,9,10,0,31,0,0,0,17,10,18,34,19,14,12,28,10,0,13,0,0,0,0,0,0,0,0,0,0,0,10,20,20,0,4,9,21,0,11,0,0,0,0,27,0,0,0,0,6,0,0,0,13,0,0,0,16,19,0,9,3,5,0,12,4,0,9,19,20,33,0,0,8,13,0,0,0,34,0,0,7,0,0,0,0,7,9,14,0,0,0,0,0,0,0,13,8,0,12,0,0,10,7,4,8,18,0,8,17,0,13,0,0,0,15,0,6,0,10,14,4,10,7,11,5,15,0,16,0,0,0,23,0,0,2,16,0,0,0,9,5,0,0,16,0,5,0,13,0,0,0,4,0,4,0,0,0,7,0,0,0,0,16,3,6,0,13,6,6,0,0,2,0,11,0,2,0,0,8,0,0,16,0,0,0,7,0,0,4,6,0,0,0,3,0,6,0,46,4,0,0,18,0,0,2,0,3,0,5,5,0,0,0,0,0,0,0,0,0,0,0,3,7,0,0,5,0,12,11,0,0,0,0,9,0,0,0,0,4,0,0,4,5,6,6,9,0,0,0,0,5,0,15,0,0,0,0,0,0,0,0,7,12,8,2,0,0,0,16,0,23,11,0
T3-S-2,Probiotics + HT,Spat,1,112,60,367,0,17,6,95,58,2,179,0,249,0,14,2,20,167,32,0,0,11,123,0,29,96,0,56,37,0,0,0,0,6,110,0,0,0,0,14,51,109,0,52,0,32,0,57,17,0,543,15,28,0,2,51,0,31,0,13,0,0,0,84,30,26,0,0,5,7,51,0,16,0,6,0,8,0,17,4,7,0,4,37,4,23,0,48,18,21,0,0,0,8,0,18,0,0,0,17,0,1,27,0,0,0,0,0,12,0,24,0,280,5,0,0,0,12,0,0,0,0,11,0,25,0,0,0,10,0,30,23,13,0,11,28,8,0,31,0,0,0,0,9,0,0,0,0,0,0,13,24,8,0,8,8,14,19,12,0,0,0,1,29,56,0,0,0,13,0,0,12,4,0,0,0,7,29,0,19,2,3,0,0,7,0,9,28,15,15,0,0,7,0,11,0,0,31,2,0,0,0,0,0,0,11,6,0,4,0,0,0,0,0,0,10,0,0,0,0,0,7,0,3,14,0,0,11,16,0,0,0,0,0,11,0,3,0,0,7,8,0,4,0,6,4,0,0,0,0,0,3,0,0,5,14,0,0,0,0,0,0,0,17,0,0,0,16,0,0,0,5,0,4,0,0,0,0,0,0,0,0,7,4,0,0,0,7,12,0,0,7,0,0,0,8,0,0,0,0,0,0,0,0,0,11,0,0,0,0,0,0,0,0,10,0,0,33,0,0,0,7,0,0,0,0,0,0,7,2,0,0,0,0,0,0,0,0,0,0,0,0,1,0,0,1,0,0,1,0,0,0,0,1,0,0,0,0,0,0,0,0,0,0,0,0,0,0,0,0,6,0,6,0,0,0,0,0,0,0,0,0,6,13,1,0,0,0,9,0,20,1,0
T7-1,Control,Day 01,2,56,0,0,76,456,75,93,28,39,0,0,0,169,0,95,0,0,0,0,98,139,0,176,0,0,201,46,0,0,0,57,0,0,0,0,22,45,70,101,0,0,49,0,0,0,0,0,0,0,0,0,0,0,46,0,0,0,17,0,0,0,0,0,0,0,103,15,0,143,0,0,101,0,188,0,0,0,0,0,0,0,97,0,15,0,0,0,0,0,0,21,0,0,0,0,0,0,0,26,116,64,0,0,0,0,0,185,0,0,0,0,0,0,28,0,0,0,0,0,0,0,0,0,0,0,0,0,0,43,0,0,0,0,0,0,0,0,0,103,0,0,15,0,0,0,0,0,0,0,0,0,0,91,9,0,0,0,0,0,0,0,0,0,0,0,33,77,0,0,16,0,0,0,19,0,0,0,0,0,61,0,12,0,0,0,0,0,0,0,37,0,0,0,0,59,0,0,0,0,34,0,0,0,0,0,0,0,0,0,0,0,0,0,0,0,0,0,0,0,0,0,0,0,0,0,0,0,0,13,0,0,0,39,0,91,0,23,0,0,0,0,0,0,0,0,51,0,0,0,0,0,0,0,0,0,0,0,39,0,0,0,0,0,0,0,110,0,35,37,0,0,0,0,0,0,0,0,0,0,0,0,0,0,0,0,0,0,0,0,0,0,0,0,0,0,0,0,0,0,0,0,0,10,0,0,0,0,0,53,60,0,0,0,0,0,0,0,0,0,0,0,0,0,0,0,0,0,0,0,0,45,0,0,0,0,0,0,0,0,43,0,0,0,0,0,13,0,0,33,0,0,0,0,0,0,0,0,0,0,0,0,0,0,0,0,0,0,52,0,0,9,0,0,0,0,37,0,0,0,0,0,0,0,0,0,0,0,0,0,0,0,0
T7-15,Control,Day 15,2,1077,512,0,10,47,39,74,38,16,0,73,0,81,0,0,217,0,0,72,57,0,0,0,33,0,17,0,122,0,49,0,10,0,0,0,57,41,36,23,0,0,0,0,41,0,24,0,0,78,0,0,0,33,0,26,61,0,15,102,0,0,29,0,0,0,43,9,0,22,0,26,0,25,0,0,0,81,0,34,0,0,0,0,11,0,0,0,0,0,0,34,19,46,14,0,3,31,30,0,0,26,0,18,0,32,0,0,45,14,7,24,0,0,20,0,0,0,0,33,21,0,6,68,0,0,0,0,0,0,0,0,8,2,9,0,0,0,0,0,30,16,12,0,29,23,0,6,20,0,0,0,0,0,0,0,0,0,0,14,32,23,24,0,0,0,0,0,14,24,9,0,0,51,9,34,0,0,0,0,0,0,0,0,8,14,0,0,0,0,8,0,14,0,0,0,0,0,4,4,0,0,0,0,0,0,7,0,0,0,8,0,0,0,18,0,0,48,0,0,4,0,0,0,8,2,0,0,0,0,0,0,23,0,0,8,0,0,0,0,0,0,5,0,0,0,0,0,17,0,20,0,0,0,0,0,6,22,0,0,0,0,15,0,0,0,0,0,0,0,0,0,0,0,0,0,20,0,0,0,0,0,0,0,0,0,0,0,0,15,0,0,0,7,0,0,0,0,0,0,0,0,0,0,0,0,10,0,0,0,0,0,0,0,0,0,0,0,8,0,0,0,0,0,0,16,0,0,0,0,16,0,0,0,2,0,0,6,0,0,0,0,0,0,0,0,0,0,0,20,0,0,0,0,0,0,7,0,0,0,8,0,0,0,6,0,0,0,0,0,0,0,0,0,13,0,0,0,0,0,0,0,0,0,0,0,0,0,0,0,0,0,0
T7-3,Control,Day 03,2,703,356,0,131,34,116,94,24,109,0,388,0,56,59,44,47,0,0,0,29,37,0,159,13,0,21,0,13,0,0,87,53,0,0,0,29,31,23,26,0,0,16,0,51,0,37,0,0,51,0,0,0,0,20,6,15,24,4,32,0,3,0,2,39,0,11,15,0,0,31,75,17,3,0,0,0,0,43,27,0,0,22,0,0,0,46,0,0,0,0,0,8,0,7,0,19,0,0,0,2,0,0,2,0,15,71,0,11,3,0,16,0,0,16,0,20,0,0,15,22,0,0,43,0,22,33,0,0,38,0,0,0,13,9,0,0,0,0,0,0,0,18,0,16,24,77,0,11,37,0,0,2,0,0,0,0,0,0,0,0,0,5,0,0,12,17,0,0,15,1,7,0,0,6,0,0,0,0,0,0,0,17,0,0,30,0,0,0,0,0,0,7,18,0,0,4,0,0,0,0,0,15,0,4,0,0,0,0,15,13,0,0,0,13,0,0,16,0,0,0,0,0,0,0,0,0,0,0,0,0,4,0,8,0,15,0,50,0,0,0,0,0,0,0,5,0,0,0,21,0,7,22,0,0,1,8,0,0,0,0,0,0,0,0,0,0,0,15,0,2,0,0,0,14,0,0,0,6,0,0,41,0,0,0,0,0,0,0,0,0,0,0,14,10,0,17,42,0,0,0,0,2,0,14,0,0,20,0,0,3,10,0,0,0,0,0,0,0,0,0,0,0,0,0,12,0,25,0,0,21,0,27,3,0,0,0,0,0,0,32,0,0,7,26,0,5,0,0,0,0,4,0,0,7,0,5,12,0,0,0,0,0,0,0,0,6,4,0,7,0,0,0,0,8,25,0,0,14,0,0,0,0,0,0,0,0,0,0,0,0,0,0
T7-6,Control,Day 06,2,262,97,0,40,20,38,22,0,297,0,80,0,20,0,0,12,0,0,25,325,0,0,0,0,0,16,0,7,214,39,15,124,12,0,0,0,170,104,19,0,0,7,0,17,0,87,0,0,23,0,0,0,0,0,11,0,0,120,0,0,19,149,1,0,0,27,97,0,25,0,16,0,0,0,98,0,0,31,12,0,0,0,0,12,0,0,0,0,0,0,30,49,29,0,0,91,0,17,0,0,8,0,45,114,69,10,0,0,73,0,0,0,0,62,12,58,0,95,11,14,0,0,0,0,53,4,0,0,0,0,0,0,0,0,0,0,57,0,0,0,0,44,0,0,0,0,15,24,0,0,0,0,7,0,0,0,0,0,0,13,0,0,0,0,0,15,10,0,31,36,0,0,0,33,4,0,0,0,0,19,0,0,0,0,0,0,0,0,0,32,0,0,0,0,0,9,0,0,48,0,7,21,0,70,0,0,17,0,12,0,21,0,0,13,0,0,0,0,47,24,0,0,0,0,6,0,0,0,23,0,30,5,0,0,0,0,0,0,0,0,0,0,0,0,0,0,0,0,0,22,0,3,49,0,0,19,15,0,0,0,0,0,0,0,0,0,0,0,0,17,0,26,0,0,0,2,0,0,0,0,12,0,0,0,21,0,0,0,0,0,0,0,0,25,0,0,0,0,0,0,0,18,0,9,0,8,0,0,0,0,10,0,0,0,0,0,0,0,0,0,0,0,0,0,9,0,0,0,0,0,0,0,0,0,0,0,20,0,0,0,0,0,0,0,0,0,0,0,0,0,0,0,0,0,35,0,0,0,0,0,0,0,0,0,0,18,23,0,0,0,20,0,0,6,5,0,19,0,0,0,0,0,0,0,0,0,0,0,0,0,0,0
T7-S-1,Control,Spat,2,107,47,429,6,0,34,20,154,9,230,0,49,0,0,0,32,36,108,0,0,0,108,0,71,110,0,64,11,0,0,0,4,10,28,162,10,0,0,0,64,24,0,31,8,60,0,57,31,0,0,49,36,0,0,13,22,49,0,13,40,0,0,45,34,40,0,0,41,0,22,0,0,0,0,0,45,0,19,1,34,80,0,21,5,34,0,4,37,37,4,0,0,8,8,32,0,0,0,19,0,0,30,0,0,0,0,0,8,0,30,3,0,21,0,0,0,8,0,0,0,24,18,7,11,4,0,17,64,0,17,16,16,15,5,15,9,0,21,0,0,0,0,18,0,0,5,0,0,0,13,19,11,0,23,22,7,8,13,0,0,0,0,19,62,0,0,0,8,0,0,12,16,0,0,0,14,20,0,0,0,16,0,16,3,5,17,0,2,8,0,0,10,17,6,0,0,8,39,0,2,0,0,20,0,7,7,7,22,0,0,0,0,0,2,7,15,0,9,0,0,22,8,8,9,0,0,12,17,0,32,0,0,3,18,0,4,0,26,0,12,24,9,0,10,13,0,7,0,0,0,0,0,0,10,0,0,0,0,3,0,0,0,5,0,9,0,10,0,4,0,25,0,24,0,0,0,16,0,0,13,0,8,19,4,0,0,17,14,0,10,9,0,0,0,1,8,0,13,0,0,9,0,0,0,0,0,0,0,0,0,0,0,0,12,8,6,0,0,0,0,0,12,16,5,0,0,0,5,15,0,0,0,0,9,0,12,0,10,2,0,8,8,0,0,8,2,0,5,0,6,0,7,4,0,0,0,0,8,6,0,0,4,0,0,12,0,0,0,0,0,0,7,20,0,0,0,0,0,16,0,10,0,5,11,61,47,0,20,0,0,6,0
T7-S-2,Control,Spat,2,209,0,277,0,59,0,58,108,0,95,0,210,0,0,0,0,81,94,0,0,0,79,0,52,83,0,0,0,0,17,0,0,0,96,102,0,7,0,0,115,51,0,50,16,31,0,0,87,0,0,53,41,0,0,0,0,94,0,0,45,0,0,97,79,0,0,0,18,0,0,0,35,0,0,0,0,0,103,0,134,0,0,81,0,33,0,0,59,51,0,0,0,0,22,33,0,0,0,104,0,0,30,0,0,0,0,0,0,0,49,0,0,47,0,0,0,35,0,0,0,67,24,0,0,0,0,0,30,0,0,35,42,18,0,0,28,0,0,0,0,0,0,0,0,0,0,0,0,0,45,59,61,0,43,0,45,0,19,0,0,0,0,0,0,0,0,0,28,0,0,35,0,0,0,0,24,0,0,0,0,65,32,0,0,0,49,0,32,11,0,0,0,0,0,0,0,0,45,0,0,0,0,12,0,40,0,0,19,0,0,0,0,0,0,5,0,0,0,0,0,0,0,30,0,0,0,0,0,0,0,0,0,0,0,0,14,0,0,0,0,69,5,0,0,13,0,21,0,0,0,0,0,0,0,0,2,0,0,0,0,6,0,0,0,35,0,0,0,0,0,0,0,0,0,0,0,0,0,0,23,0,0,35,0,0,0,46,0,0,0,0,0,0,0,36,0,0,0,0,0,0,0,0,0,0,0,0,0,0,0,0,0,0,0,0,0,0,0,0,0,18,0,0,0,0,0,0,0,9,0,0,0,0,0,0,0,0,0,0,0,18,0,0,0,7,0,0,0,0,0,0,39,0,9,0,0,0,0,0,0,0,0,0,0,0,0,0,0,0,35,0,0,0,0,0,0,0,0,0,0,0,0,0,17,0,0,38,0,0,0,0,0
T8-1,Probiotics,Day 01,2,58,38,0,720,162,81,59,40,0,0,34,0,97,390,227,0,0,0,4,27,59,0,379,0,0,111,0,17,0,0,46,0,89,0,0,26,0,19,37,0,0,108,0,9,0,0,0,0,20,0,0,0,0,30,0,5,0,0,0,0,0,0,3,21,0,4,29,0,85,0,0,0,0,82,0,0,0,0,0,0,0,34,0,0,0,25,0,0,0,0,0,0,0,0,0,0,0,0,0,158,10,0,5,0,0,0,118,9,0,0,0,0,0,0,0,0,0,17,0,0,0,0,0,0,0,32,0,0,62,0,0,0,14,0,0,0,0,0,59,0,0,0,0,26,0,0,0,0,0,0,0,0,60,3,0,0,0,0,34,0,0,0,0,0,22,31,83,0,0,0,0,0,0,0,14,0,0,0,0,0,0,0,0,0,0,0,0,0,0,0,0,0,0,0,9,0,0,0,0,41,0,0,0,0,0,15,0,0,39,0,0,44,15,0,0,0,0,0,0,0,0,0,0,0,4,0,0,0,0,0,0,0,0,0,20,0,0,0,0,0,0,0,0,0,0,56,0,0,0,0,14,34,0,0,0,0,0,61,0,24,0,0,0,0,0,41,0,38,22,0,0,0,0,11,0,0,0,0,38,0,0,0,0,0,0,0,0,0,0,0,0,0,0,0,0,0,0,0,0,0,0,0,0,0,0,40,0,0,0,0,0,23,44,0,0,0,0,0,0,0,0,0,0,0,0,0,0,0,0,8,26,0,18,0,0,0,0,0,0,0,0,0,0,0,0,0,0,0,0,0,0,0,0,0,0,0,0,0,0,0,3,0,0,0,0,0,0,0,0,0,0,0,0,0,0,38,0,0,0,0,0,0,0,0,0,0,0,0,0,0,0,0
T8-15,Probiotics,Day 15,2,723,335,0,0,18,55,78,31,45,0,58,0,103,0,0,158,0,0,43,74,0,0,0,0,0,0,0,78,0,63,0,0,33,0,0,25,78,81,22,0,0,0,0,43,0,49,0,0,58,0,0,0,0,0,8,42,0,21,78,0,0,30,0,0,0,45,45,0,47,0,40,0,33,16,0,0,58,0,39,0,0,0,0,23,0,0,0,0,0,0,46,24,33,9,0,9,30,11,0,0,52,0,23,0,0,0,0,50,0,0,0,0,0,13,0,0,0,0,66,62,0,6,59,0,0,0,0,0,0,0,0,0,0,0,0,0,25,0,0,62,0,17,0,19,0,0,17,23,0,0,0,0,0,0,0,0,0,0,4,32,0,22,0,0,0,24,0,10,14,32,0,0,0,16,52,0,0,0,0,0,0,0,0,11,0,0,0,0,0,25,0,10,0,0,0,0,0,0,13,0,0,0,0,0,0,0,0,0,0,0,0,0,0,25,0,0,19,0,0,10,0,0,0,0,0,514,0,0,10,0,0,43,0,0,0,0,0,0,0,0,0,0,0,0,0,0,0,0,0,0,0,0,0,0,0,2,0,0,0,0,0,0,0,0,0,0,0,0,0,0,0,0,0,0,0,22,0,0,0,0,0,0,0,0,0,0,0,0,31,0,0,0,0,0,0,0,0,0,0,0,0,0,12,0,8,7,0,0,0,0,0,0,0,0,0,0,0,12,13,0,0,0,0,0,0,0,0,0,0,0,0,0,0,0,0,0,19,0,0,0,0,0,0,0,0,0,0,0,0,0,0,0,0,0,0,0,0,0,0,0,0,0,42,0,0,0,0,0,0,0,0,0,0,16,0,0,0,0,0,0,0,0,0,0,0,0,0,0,0,0,0,156
T8-3,Probiotics,Day 03,2,623,311,0,196,62,145,77,0,285,0,193,0,79,85,22,81,0,0,0,37,25,0,100,0,0,23,61,0,6,0,75,150,0,0,0,81,43,60,0,15,0,0,0,0,0,85,0,0,13,0,0,0,6,35,163,0,43,0,0,0,0,0,0,0,0,13,38,0,0,0,47,0,18,0,0,0,0,0,0,0,0,0,0,28,0,35,0,0,0,28,3,8,0,0,0,0,0,17,0,0,0,0,0,0,31,72,0,0,0,0,0,0,0,8,21,32,0,0,0,33,0,0,44,0,25,133,0,0,0,0,0,0,0,0,0,0,0,0,0,0,0,0,0,0,43,21,0,0,34,0,0,0,0,0,0,0,0,0,0,0,0,6,0,0,64,0,0,26,0,0,0,0,0,0,0,0,0,0,0,0,0,3,0,0,0,0,51,0,0,0,0,0,0,0,0,0,0,13,18,0,73,0,0,0,0,0,17,0,0,17,0,0,0,10,0,0,0,0,0,0,0,0,0,0,0,0,0,0,10,0,17,0,0,0,0,0,0,0,0,0,0,0,0,0,0,0,0,0,64,0,13,0,0,0,0,24,0,0,0,0,0,18,0,0,0,0,0,0,0,0,0,9,0,25,0,0,0,0,0,0,20,0,0,0,0,0,0,0,0,21,0,0,0,0,0,0,28,0,0,0,0,0,0,0,0,0,21,0,0,0,0,0,0,0,0,0,0,0,0,0,0,0,0,0,0,0,29,0,0,0,0,38,0,0,0,0,0,0,0,0,0,0,0,0,0,0,0,12,0,0,0,0,0,10,0,12,0,0,0,52,0,0,0,0,0,0,0,0,0,0,0,0,0,0,25,0,0,0,0,0,0,0,0,0,0,0,0,0,0,0,0,0
T8-6,Probiotics,Day 06,2,603,325,0,41,28,0,124,25,235,0,107,0,98,0,0,6,0,0,23,204,0,0,0,0,0,0,0,71,0,147,30,95,0,0,0,0,110,85,0,24,0,18,0,116,0,94,0,0,67,0,0,0,0,0,0,0,0,125,0,0,0,110,4,0,0,0,113,0,0,0,27,0,0,0,0,0,0,47,33,0,0,0,0,26,0,0,0,0,0,0,0,50,15,0,0,88,0,0,0,0,28,0,0,76,96,11,0,0,52,0,0,0,0,51,0,0,0,48,31,0,0,0,0,0,32,64,0,0,0,0,0,0,0,0,0,0,45,0,0,0,0,47,0,0,0,0,48,68,0,0,0,0,121,0,0,0,0,0,0,0,10,0,0,0,0,28,0,0,0,16,0,0,0,0,0,0,0,0,0,0,0,0,0,0,0,0,0,0,0,17,0,0,0,0,0,0,0,31,22,0,0,0,0,0,0,0,0,0,0,0,27,0,0,0,0,0,0,0,41,16,0,0,0,0,0,0,0,0,24,0,42,0,0,0,0,0,0,26,0,0,0,0,0,0,0,0,0,0,0,26,0,0,0,0,18,0,0,0,0,0,0,0,0,0,0,0,0,0,0,21,0,41,0,0,0,0,0,0,0,0,0,0,0,0,17,0,0,0,0,0,0,0,0,0,0,0,0,0,0,0,0,26,0,0,0,0,0,0,0,0,19,0,0,0,0,0,0,0,0,0,0,0,0,0,0,0,0,0,0,14,0,0,0,0,0,0,0,0,0,0,0,0,0,0,0,0,0,0,0,0,0,0,0,0,0,0,0,0,0,0,0,0,0,0,0,15,0,0,15,0,0,0,0,4,10,0,0,0,0,0,0,0,0,0,0,0,0,0,0,0,0,0
T8-S-1,Probiotics,Spat,2,130,91,311,0,0,15,81,163,0,142,0,141,0,0,0,26,65,88,0,0,0,88,0,79,158,0,67,19,0,2,0,0,23,80,13,15,0,12,0,104,47,0,66,0,64,0,54,24,0,0,83,71,0,0,11,29,56,0,13,55,8,0,31,54,55,7,0,36,0,28,0,0,0,3,0,13,0,10,0,49,0,0,25,6,15,0,16,36,17,0,12,0,4,16,25,0,0,0,33,0,6,19,0,0,0,0,0,0,0,50,0,0,44,0,0,11,35,0,0,0,18,13,0,43,6,0,40,44,0,22,27,0,21,0,21,17,0,30,0,0,0,0,22,11,0,15,0,0,0,16,25,17,0,22,10,19,16,20,0,0,0,0,16,0,0,0,0,6,0,0,11,9,0,0,0,9,0,0,24,0,0,0,15,0,0,12,6,15,0,0,0,0,28,11,0,0,0,45,0,0,0,12,10,0,31,18,23,11,0,0,0,0,0,0,22,6,0,13,0,0,30,15,10,0,0,0,16,12,0,18,0,0,12,16,0,8,0,0,0,10,22,10,9,10,0,0,17,0,0,0,0,0,0,10,8,0,0,0,0,0,7,9,13,0,3,0,26,0,0,0,17,0,8,0,0,0,10,0,0,8,0,4,3,18,0,0,0,0,0,0,0,0,0,0,7,5,0,3,0,0,0,0,0,0,0,0,0,12,0,0,0,0,0,6,12,0,0,0,0,0,0,10,0,0,0,0,0,2,4,0,0,0,0,7,0,20,0,0,0,0,0,17,0,0,5,0,0,0,0,7,0,27,0,0,0,0,0,4,0,0,1,9,0,6,27,0,0,0,0,0,0,0,23,0,0,0,0,0,20,10,0,4,11,4,0,0,26,0,0,0,12,0
T8-S-2,Probiotics,Spat,2,108,74,456,19,30,25,43,152,5,217,0,50,0,0,11,32,55,61,0,0,15,66,0,79,141,17,48,13,0,0,0,0,16,17,99,0,8,0,14,73,38,0,59,0,50,0,32,25,0,0,63,28,0,0,17,24,30,4,0,121,4,0,84,43,18,2,0,124,0,44,0,21,0,0,0,0,0,49,0,19,56,8,27,5,28,0,23,27,20,0,0,0,0,12,19,0,0,0,30,0,17,23,0,0,0,0,0,7,0,39,0,0,22,0,0,0,18,0,0,0,48,13,0,17,0,0,61,27,9,48,34,27,21,0,27,25,0,45,0,0,0,0,0,15,0,0,0,0,0,19,29,31,0,23,24,15,26,24,0,0,0,0,20,0,0,0,0,0,0,3,29,16,0,0,1,0,0,0,0,0,24,0,17,6,0,12,0,0,10,0,0,0,15,12,0,0,0,37,0,0,0,0,22,0,23,16,0,17,0,0,7,0,0,0,9,20,0,15,0,0,15,8,7,11,6,0,0,19,0,21,0,0,12,0,0,15,0,32,0,7,15,8,0,10,0,0,10,0,0,0,0,0,0,5,0,0,0,0,0,0,6,0,6,0,21,0,0,0,0,0,9,0,21,0,0,0,0,0,0,11,0,15,4,0,0,0,17,0,0,0,6,0,9,0,15,0,0,4,0,0,0,0,0,0,0,0,0,6,0,0,0,0,3,9,8,0,8,0,0,0,0,4,0,0,0,0,0,2,0,0,0,0,4,8,0,0,0,0,0,0,0,4,0,0,13,0,0,2,0,0,0,0,0,2,0,0,0,0,0,0,0,0,0,3,0,26,0,0,0,0,0,5,0,0,0,0,0,0,8,0,0,0,0,8,0,0,19,0,0,0,8,0
T9-1,Probiotics + HT,Day 01,2,152,60,0,782,169,100,88,0,0,0,49,0,118,319,426,0,0,0,44,19,181,0,164,18,0,105,30,0,0,0,0,4,22,0,0,24,0,0,22,22,0,162,11,11,0,0,0,0,34,0,0,0,32,73,0,0,0,0,0,0,0,0,0,0,0,13,0,0,0,0,0,0,8,135,0,0,21,0,0,0,0,52,0,38,0,24,0,0,0,0,19,0,6,0,0,0,0,0,18,141,0,0,0,16,29,0,33,0,0,0,0,0,0,6,0,0,0,0,0,0,0,0,0,0,0,29,0,0,54,0,0,0,0,0,0,0,0,0,23,0,49,0,0,0,0,0,6,0,0,0,0,0,0,0,0,0,0,0,18,0,0,0,0,0,0,0,19,0,0,0,0,0,0,0,0,0,0,33,0,46,0,32,0,4,0,0,0,0,0,0,26,0,0,0,0,32,0,0,0,28,0,22,0,7,0,0,5,0,0,23,0,0,0,0,0,0,0,0,0,0,0,0,0,0,0,0,0,0,0,0,0,0,18,0,0,0,0,0,0,0,0,0,0,0,0,0,0,0,0,0,12,0,0,0,0,3,0,44,0,27,0,0,0,45,0,0,0,0,14,15,0,0,0,0,44,0,0,0,0,0,0,0,0,0,0,0,0,0,0,18,0,0,0,0,0,0,0,0,0,0,0,0,0,0,0,0,0,0,0,31,0,19,0,0,0,0,0,0,0,0,0,0,0,0,0,0,0,0,0,0,0,0,46,0,0,0,2,0,0,23,0,0,0,28,0,0,0,0,0,0,0,0,0,0,0,0,0,0,0,0,0,0,0,0,0,0,0,0,0,0,0,0,0,0,0,13,0,0,0,0,0,0,0,0,0,0,0,0,0,0,0,0
T9-15,Probiotics + HT,Day 15,2,628,339,0,0,61,52,75,45,71,0,48,0,137,0,0,200,0,0,63,89,0,0,0,31,0,0,0,89,0,53,0,39,0,0,0,0,87,63,0,0,0,0,0,35,0,90,0,0,85,0,0,0,25,0,41,48,0,27,103,0,0,42,0,0,0,85,19,0,20,0,31,0,50,29,0,0,88,0,45,0,0,0,0,0,0,0,0,0,0,0,76,37,28,0,0,29,50,34,0,0,50,0,63,0,0,0,0,57,14,0,0,0,0,33,0,0,0,0,55,49,0,0,101,0,24,0,0,0,0,0,0,0,0,5,0,0,29,0,0,63,0,30,0,0,0,0,43,43,0,0,0,0,0,0,0,0,0,0,0,36,0,39,0,0,0,10,0,0,33,26,0,0,43,14,101,0,0,0,0,0,0,0,0,0,0,0,0,0,0,0,0,0,0,10,0,11,0,0,12,0,0,0,0,0,0,0,0,0,0,0,0,0,0,13,0,0,0,0,0,0,0,2,0,0,0,0,0,0,17,0,0,39,0,0,0,0,0,0,0,0,0,0,0,0,0,0,0,0,0,0,0,0,0,0,0,0,0,0,0,0,0,0,0,0,0,0,0,0,0,11,0,0,0,0,0,21,0,46,0,0,0,0,0,0,0,0,0,0,0,0,0,0,14,0,0,0,0,0,0,0,0,0,0,0,0,0,0,0,0,0,0,0,0,0,0,0,0,30,0,0,0,0,0,0,0,0,0,0,0,0,0,30,0,0,0,0,0,0,0,0,0,0,0,0,0,0,0,0,0,0,0,0,0,4,0,0,0,0,0,0,0,0,43,0,0,0,0,30,0,0,0,0,0,22,0,0,5,0,0,0,50,0,0,0,0,0,0,0,0,0,0,0
T9-3,Probiotics + HT,Day 03,2,615,279,0,194,63,84,55,17,239,0,241,0,0,81,19,28,0,0,0,45,43,0,148,7,0,25,0,15,0,0,87,118,0,0,0,39,31,89,41,0,0,0,0,35,0,50,0,0,25,0,0,0,9,32,41,0,31,16,0,0,0,19,19,0,0,42,18,0,0,13,25,6,0,8,0,0,14,27,23,0,0,35,0,0,0,26,0,0,0,15,17,17,5,3,0,29,0,9,0,0,13,8,19,29,0,72,0,0,24,0,22,0,0,28,23,54,0,13,13,19,0,0,0,0,12,190,0,0,0,0,0,0,0,0,20,0,7,0,0,12,0,25,0,0,9,16,0,4,36,0,0,0,0,0,0,0,0,0,0,0,0,9,0,0,41,5,0,0,22,18,0,0,0,21,0,0,0,19,0,16,0,0,0,0,0,0,17,0,0,7,0,0,0,0,8,9,0,0,14,0,0,0,0,0,0,0,0,0,14,25,10,0,0,0,0,0,12,0,0,0,0,0,0,0,8,0,0,0,4,0,0,0,21,2,0,0,35,0,0,0,0,0,0,0,0,0,0,0,74,14,0,0,0,0,0,0,0,0,0,0,0,0,0,0,0,0,0,0,0,10,0,11,0,36,0,0,0,3,0,0,9,0,0,0,6,0,0,0,0,0,0,0,0,14,0,0,18,0,0,0,0,0,0,4,0,0,9,0,0,0,4,0,0,0,0,0,0,12,0,0,0,0,0,0,0,0,0,0,0,12,0,21,41,6,0,0,0,0,0,0,0,0,16,0,0,0,0,0,0,0,0,0,0,19,0,3,26,0,0,0,0,0,6,0,0,0,0,0,25,0,0,0,0,0,22,0,0,20,0,0,0,0,0,0,0,0,0,0,0,0,0,0
T9-6,Probiotics + HT,Day 06,2,703,383,0,28,156,40,51,35,260,0,186,0,102,0,0,39,0,0,42,133,16,0,59,0,0,53,0,17,219,95,40,141,11,0,0,8,57,59,37,12,0,0,0,55,0,42,0,0,0,0,0,0,0,0,0,0,0,85,0,0,0,70,0,0,0,38,60,0,0,0,47,0,0,0,119,0,0,0,21,0,0,0,0,44,0,0,0,0,0,0,13,50,24,9,0,37,0,21,0,0,13,0,7,0,39,9,0,0,41,0,0,0,0,0,0,47,0,24,19,10,0,0,0,0,64,17,0,0,40,0,0,0,0,28,0,0,21,0,0,0,0,29,0,0,0,0,22,0,0,0,0,0,29,0,0,0,0,32,0,0,0,0,0,0,0,18,0,0,0,29,0,0,14,11,0,0,0,0,0,0,0,0,0,0,0,0,0,0,0,22,0,0,0,0,0,0,0,0,20,0,0,0,0,24,0,0,0,0,19,19,7,0,0,21,0,0,0,0,0,10,0,0,0,0,0,0,0,0,19,0,13,0,10,0,0,0,0,0,0,0,0,0,0,0,0,0,0,0,7,0,0,0,14,0,0,0,0,0,0,0,0,0,0,0,0,0,0,0,0,0,0,0,0,0,0,4,0,0,0,0,23,0,0,0,10,0,0,0,0,0,0,0,0,0,0,0,0,0,0,0,0,0,0,10,0,18,0,0,17,0,0,0,0,0,0,0,0,12,0,0,0,0,0,0,0,0,0,0,0,0,0,0,0,0,0,0,48,0,0,0,0,0,0,0,0,0,0,0,0,0,0,0,0,0,0,2,0,0,0,0,0,0,0,0,0,15,0,0,5,0,7,0,0,2,0,0,0,0,0,0,0,0,0,0,0,0,0,0,0,0,0,0
T9-S-1,Probiotics + HT,Spat,2,95,59,269,8,32,8,59,157,14,146,0,86,25,0,10,35,210,214,0,0,27,62,0,84,126,0,71,28,0,11,9,0,12,56,0,8,0,0,17,67,132,0,40,5,56,0,40,15,0,0,32,76,0,0,23,17,45,0,0,247,0,0,45,30,50,0,0,20,0,28,0,13,0,0,0,0,0,41,11,27,0,0,54,22,38,0,37,21,18,0,0,0,0,7,15,0,0,4,42,0,0,14,0,8,0,0,0,0,0,19,0,0,51,0,0,0,17,0,0,0,16,25,0,18,0,0,113,14,0,0,11,33,13,23,22,36,12,11,0,0,0,0,31,0,0,0,0,0,0,20,11,10,0,15,15,20,0,27,0,0,0,0,14,46,0,0,0,0,0,0,5,14,0,0,0,0,0,0,0,3,23,0,20,7,0,21,8,18,28,0,0,0,0,5,0,0,18,16,0,1,0,6,10,0,0,13,5,14,0,0,0,0,0,0,0,0,0,0,0,0,7,4,4,3,0,0,0,5,0,0,0,0,38,12,0,0,0,0,14,12,0,0,31,12,0,0,8,0,0,0,0,0,0,4,0,0,0,0,6,8,18,0,10,0,6,0,0,0,0,0,16,0,0,0,0,0,0,0,0,6,0,15,18,0,0,0,22,8,0,0,3,0,16,0,6,0,0,4,26,0,0,0,0,0,0,0,0,0,0,0,0,0,0,8,0,0,0,0,0,14,0,0,0,0,0,9,0,12,10,0,0,0,0,1,0,18,0,19,0,0,0,5,0,0,0,0,14,4,0,0,0,0,8,3,0,0,0,0,0,0,0,0,0,0,0,0,27,0,0,0,0,3,0,0,0,0,0,0,0,0,0,0,0,5,0,0,0,0,0,0,0,0
T9-S-2,Probiotics + HT,Spat,2,91,54,238,0,0,0,29,153,0,117,0,63,0,0,0,0,209,332,0,0,0,100,0,86,71,0,36,0,0,12,0,0,0,43,0,0,12,0,0,88,134,0,60,6,66,0,46,0,0,0,79,100,0,0,39,21,62,0,0,18,0,0,47,93,27,0,0,66,0,35,21,0,0,0,0,77,0,0,0,55,0,0,9,14,26,0,37,41,59,0,8,0,0,38,26,0,0,0,69,0,0,14,4,0,0,0,18,7,0,35,0,0,20,0,0,0,19,0,0,0,26,49,0,38,0,0,0,27,0,17,15,8,0,3,0,29,0,37,0,0,0,0,22,0,0,0,0,0,0,29,0,21,0,43,18,16,0,21,0,0,0,0,27,60,0,0,0,0,0,0,12,0,14,20,0,14,0,0,30,26,11,0,23,11,0,17,0,23,9,0,0,0,0,0,0,0,0,0,0,3,0,0,9,0,0,13,31,0,0,0,0,0,0,0,22,29,0,0,0,0,19,6,13,25,13,0,0,0,0,0,0,0,0,0,0,0,0,0,0,0,0,17,23,0,26,0,16,0,0,0,0,0,0,0,0,0,0,0,5,0,0,0,17,0,21,0,0,0,0,0,2,0,0,0,0,0,0,0,0,7,0,28,0,30,0,0,0,0,0,0,17,0,22,0,25,0,0,12,22,0,0,0,0,0,0,0,0,19,0,0,0,0,0,0,6,0,0,0,0,0,0,0,0,0,0,16,0,10,0,0,0,0,0,25,0,30,0,18,0,0,0,6,0,0,3,0,14,22,0,0,0,0,0,0,0,0,0,13,14,0,8,10,0,12,0,0,13,0,0,0,0,0,0,0,0,0,0,0,0,0,0,0,0,0,0,0,0,0,0,0,0,0