Sample.ID,Treatment,Age,Family,Stage,ASV1,ASV3,ASV6,ASV7,ASV8,ASV9,ASV10,ASV11,ASV13,ASV14,ASV15,ASV16,ASV17,ASV18,ASV19,ASV21,ASV22,ASV23,ASV26,ASV27,ASV28,ASV29,ASV30,ASV31,ASV32,ASV33,ASV34,ASV35,ASV36,ASV38,ASV39,ASV40,ASV41,ASV42,ASV43,ASV44,ASV45,ASV46,ASV47,ASV48,ASV49,ASV51,ASV52,ASV53,ASV54,ASV55,ASV57,ASV59,ASV61,ASV62,ASV63,ASV64,ASV66,ASV67,ASV68,ASV69,ASV71,ASV73,ASV74,ASV75,ASV77,ASV78,ASV79,ASV82,ASV83,ASV84,ASV85,ASV86,ASV87,ASV88,ASV89,ASV91,ASV92,ASV93,ASV94,ASV95,ASV96,ASV97,ASV98,ASV99,ASV100,ASV103,ASV104,ASV105,ASV106,ASV107,ASV109,ASV110,ASV111,ASV112,ASV114,ASV115,ASV116,ASV117,ASV118,ASV119,ASV120,ASV123,ASV125,ASV126,ASV128,ASV129,ASV130,ASV131,ASV133,ASV134,ASV135,ASV136,ASV137,ASV138,ASV139,ASV140,ASV143,ASV145,ASV146,ASV147,ASV148,ASV149,ASV151,ASV152,ASV153,ASV155,ASV156,ASV157,ASV159,ASV160,ASV161,ASV162,ASV164,ASV166,ASV169,ASV171,ASV172,ASV174,ASV175,ASV176,ASV177,ASV178,ASV179,ASV180,ASV181,ASV182,ASV183,ASV184,ASV185,ASV186,ASV188,ASV189,ASV190,ASV191,ASV192,ASV193,ASV194,ASV195,ASV196,ASV198,ASV200,ASV201,ASV202,ASV203,ASV204,ASV206,ASV207,ASV208,ASV209,ASV211,ASV214,ASV217,ASV218,ASV219,ASV220,ASV221,ASV222,ASV223,ASV224,ASV225,ASV226,ASV228,ASV231,ASV232,ASV233,ASV234,ASV235,ASV236,ASV237,ASV239,ASV240,ASV241,ASV242,ASV243,ASV244,ASV245,ASV246,ASV248,ASV249,ASV250,ASV253,ASV254,ASV255,ASV256,ASV257,ASV258,ASV261,ASV262,ASV263,ASV264,ASV267,ASV268,ASV269,ASV270,ASV271,ASV272,ASV274,ASV275,ASV276,ASV277,ASV278,ASV279,ASV281,ASV282,ASV284,ASV286,ASV287,ASV288,ASV289,ASV290,ASV291,ASV292,ASV293,ASV294,ASV295,ASV297,ASV298,ASV299,ASV300,ASV301,ASV302,ASV303,ASV304,ASV305,ASV306,ASV307,ASV309,ASV310,ASV311,ASV312,ASV313,ASV314,ASV315,ASV316,ASV317,ASV318,ASV319,ASV320,ASV322,ASV323,ASV324,ASV325,ASV326,ASV327,ASV328,ASV329,ASV330,ASV332,ASV333,ASV334,ASV335,ASV336,ASV337,ASV338,ASV340,ASV341,ASV342,ASV343,ASV344,ASV345,ASV346,ASV347,ASV348,ASV350,ASV351,ASV353,ASV354,ASV355,ASV356,ASV357,ASV360,ASV362,ASV364,ASV365,ASV367,ASV368,ASV369,ASV371,ASV372,ASV373,ASV374,ASV375,ASV376,ASV377,ASV378,ASV379,ASV380,ASV381,ASV382,ASV383,ASV385,ASV386,ASV387,ASV389,ASV390,ASV393,ASV397,ASV398,ASV399,ASV400,ASV401,ASV402,ASV403,ASV404,ASV405,ASV406,ASV407,ASV408,ASV409,ASV410,ASV411,ASV412,ASV414,ASV417,ASV418,ASV420,ASV421,ASV422,ASV424,ASV426,ASV427,ASV428,ASV431,ASV432,ASV433,ASV435,ASV436,ASV437,ASV440,ASV441,ASV442,ASV443,ASV444,ASV445,ASV447,ASV450,ASV451,ASV453,ASV454,ASV455,ASV456,ASV457,ASV459,ASV461,ASV462,ASV464,ASV466,ASV467,ASV468,ASV471,ASV472,ASV474,ASV475,ASV477,ASV478,ASV479,ASV480,ASV481,ASV482,ASV483,ASV484,ASV485,ASV486,ASV487,ASV490,ASV492,ASV493
T1-1,Control,Day 01,1,Larvae,709,322,0,17,164,117,96,27,27,0,52,0,143,0,81,70,0,0,24,37,26,0,90,0,0,97,0,62,0,21,19,0,0,0,0,111,36,46,35,0,0,40,0,13,0,20,0,0,21,0,0,0,15,5,19,18,0,16,28,0,0,33,0,0,0,22,36,0,56,0,18,32,17,45,0,0,53,0,12,0,0,5,0,13,0,0,0,0,0,0,19,24,29,25,0,25,3,16,0,40,14,0,13,10,0,0,36,29,0,0,40,0,0,14,23,22,0,14,13,10,0,0,24,0,15,0,0,0,18,0,0,0,6,9,0,0,20,0,22,19,16,13,0,13,18,0,0,0,0,0,7,0,0,12,0,0,0,0,0,25,12,0,2,0,0,9,17,0,0,16,11,0,0,0,0,0,0,0,7,0,17,0,22,0,7,21,0,0,0,5,0,21,9,0,0,15,13,0,0,12,14,97,17,0,0,0,0,8,4,0,13,0,0,12,18,21,0,0,0,24,0,0,20,0,0,0,0,4,0,0,0,5,0,11,22,27,0,0,0,0,0,0,0,0,0,0,0,0,0,27,0,14,0,15,0,15,0,23,0,6,0,0,5,30,14,0,0,0,0,0,0,0,8,0,12,13,0,0,0,0,0,13,5,0,0,0,0,0,0,0,0,4,0,0,0,0,24,0,0,29,0,0,0,0,0,0,0,15,0,0,4,4,23,0,0,18,22,0,14,0,0,0,13,0,11,11,0,0,0,0,0,0,0,0,0,0,0,0,0,0,0,0,0,0,11,0,0,15,0,0,0,0,12,0,0,0,0,0,0,15,18,0,2,2,0,0,0,24,0,0,0,0,0,14,0,0,0,0,0,0,0,0,0
T1-15,Control,Day 15,1,Larvae,864,454,0,0,160,179,120,32,17,0,42,0,55,0,0,148,0,0,140,22,0,0,0,0,0,77,0,133,0,81,12,0,13,0,0,25,33,23,0,0,0,0,0,40,0,24,0,0,40,0,0,0,49,0,0,74,0,8,61,0,0,15,9,23,0,25,11,0,71,0,48,0,0,17,0,0,116,0,21,0,0,0,0,10,0,0,0,0,0,0,31,19,20,38,0,0,140,29,0,0,34,0,15,0,0,0,0,170,0,0,19,0,0,1,0,0,0,0,66,41,0,3,0,0,15,0,0,0,0,0,0,0,0,22,0,0,0,0,0,24,0,11,0,0,21,0,12,13,66,0,0,0,0,0,0,0,0,0,0,34,20,0,32,0,0,0,5,0,0,0,13,0,0,30,11,9,0,0,0,0,0,0,0,0,13,0,0,0,0,0,0,0,11,0,0,0,0,0,0,0,0,0,0,0,0,0,0,0,0,0,0,0,0,7,0,0,5,0,0,0,0,0,0,0,0,0,0,0,0,0,0,15,0,0,0,29,0,0,0,0,0,0,0,0,0,0,0,0,0,0,0,73,0,0,0,0,0,0,0,0,0,0,0,25,0,0,12,0,0,0,0,0,0,0,0,0,0,0,11,0,0,0,13,0,0,9,0,0,0,0,0,0,0,0,0,0,4,0,0,0,0,0,0,0,0,0,0,0,0,14,18,83,0,0,0,0,0,0,0,0,0,0,0,0,13,0,0,0,0,0,0,18,0,0,0,0,0,0,0,0,0,0,6,0,10,0,0,0,0,0,0,0,0,0,0,15,0,0,0,0,0,0,0,0,0,0,0,0,0,0,0,0,0,0,0,0,0,0,0,0,0,0,0
T1-3,Control,Day 03,1,Larvae,792,440,0,33,1434,388,30,7,32,0,46,0,45,28,24,0,0,0,0,16,0,0,28,0,0,664,0,4,0,0,65,0,0,0,0,21,4,11,17,0,0,0,0,12,0,23,0,0,11,0,0,0,0,0,3,0,9,0,0,0,47,0,0,0,0,5,0,0,0,6,45,0,0,0,0,0,0,0,14,0,0,0,0,0,0,33,0,0,0,0,0,2,0,0,0,0,0,7,0,9,0,0,0,0,0,29,0,0,1,0,14,0,0,1,0,0,0,0,12,8,0,0,0,0,0,0,0,0,0,0,0,0,0,0,0,0,0,0,0,0,0,0,0,0,0,20,1,0,19,0,8,0,0,0,0,0,0,0,2,0,0,0,0,0,0,5,0,0,0,0,3,0,0,8,0,0,0,0,0,0,0,0,17,0,0,0,0,0,0,0,0,0,0,19,0,0,6,0,0,0,0,0,0,0,0,0,0,0,0,0,0,0,28,0,0,0,0,0,0,0,0,0,0,0,0,0,0,0,0,0,0,0,0,0,0,0,0,0,0,0,0,0,0,0,0,0,0,0,0,0,0,0,0,0,0,0,0,0,0,0,0,0,0,0,0,0,0,0,0,0,0,0,0,0,0,0,0,0,0,0,9,0,0,0,28,0,0,9,0,0,0,0,0,0,7,0,0,0,0,4,0,0,0,0,0,0,0,0,0,0,0,8,0,16,0,0,0,0,0,0,0,0,0,0,0,0,0,0,0,5,0,0,0,4,0,0,0,0,0,6,3,0,0,0,0,0,0,0,0,0,0,0,0,0,0,0,0,0,0,0,0,0,0,0,0,0,0,0,0,0,0,0,0,0,0,0,0,0,5,0,0,0,0
T1-6,Control,Day 06,1,Larvae,1309,605,0,66,62,194,120,0,77,0,50,0,52,37,21,0,0,0,178,47,0,0,0,11,0,22,0,39,25,98,57,23,31,0,0,17,28,28,0,0,0,0,0,29,0,19,0,0,38,0,0,0,92,0,3,12,0,16,18,0,494,21,0,32,0,15,23,0,21,0,18,0,0,0,0,0,0,0,18,0,0,0,0,33,0,24,0,0,0,0,6,14,22,1,0,18,0,33,0,19,0,0,2,15,25,7,0,0,16,0,0,0,0,0,0,0,0,0,7,0,0,0,0,0,2,15,0,0,0,0,0,0,0,0,0,0,0,0,0,0,0,13,0,15,23,0,0,25,0,0,0,0,0,24,0,0,0,0,11,0,7,0,0,0,0,0,5,0,0,0,0,0,0,0,0,0,0,0,0,0,0,0,0,0,11,0,0,0,0,0,0,0,7,0,0,0,0,0,0,0,0,0,6,0,0,0,0,0,0,0,0,11,0,0,0,0,20,0,0,0,0,0,10,0,0,0,0,0,0,0,0,0,0,10,0,0,0,0,12,0,0,0,0,0,0,0,0,0,0,0,0,19,0,0,0,0,0,0,0,5,0,0,0,0,0,0,0,0,15,0,0,0,0,0,0,0,2,0,0,0,0,0,12,0,0,0,0,0,0,0,0,6,0,0,0,0,0,0,0,0,0,0,0,0,0,0,0,0,0,0,0,5,0,13,0,0,0,10,0,0,0,0,0,0,0,0,0,0,0,0,0,0,0,0,0,0,6,0,0,0,0,0,0,0,0,0,0,0,0,0,0,0,0,0,0,0,0,0,0,0,0,0,0,0,0,0,0,0,0,0,0,0,0,0,9,18,0,0,5,0,0,0,0
T1-S-1,Control,Spat,1,Spat,98,45,466,0,14,0,29,141,0,248,0,124,0,0,0,12,169,155,0,0,0,73,0,70,70,4,40,4,0,8,6,0,0,88,11,5,0,0,0,33,66,0,34,12,93,0,40,124,0,0,66,46,0,0,0,14,44,1,18,112,0,0,51,6,37,0,11,119,0,18,5,1,0,0,0,43,3,16,6,24,0,0,31,9,37,0,25,28,24,0,0,0,8,11,35,0,0,0,13,0,0,9,0,0,0,0,2,0,0,34,0,0,17,0,0,0,24,0,0,0,35,21,0,28,1,0,51,25,0,41,0,25,0,0,21,14,0,16,0,0,0,0,9,0,0,0,0,0,0,10,0,15,16,0,8,17,23,0,9,0,0,0,0,21,0,7,0,0,3,0,0,9,8,0,17,0,14,10,0,7,0,25,0,19,3,0,26,0,10,14,0,0,4,9,12,0,0,11,0,0,0,3,4,0,0,0,18,16,15,3,0,0,0,0,0,0,0,9,18,0,5,0,0,4,17,9,6,18,0,8,17,0,8,0,0,0,0,5,0,17,0,0,0,4,10,10,16,10,0,0,15,0,0,0,0,5,0,0,0,0,9,13,1,0,0,14,5,2,0,6,0,13,5,17,0,4,0,8,0,6,0,0,0,10,0,0,10,0,9,11,13,0,0,12,0,0,0,0,5,0,9,0,0,10,0,18,0,0,20,0,1,0,0,0,5,0,0,0,0,6,9,11,7,0,0,0,12,9,8,20,11,0,9,0,10,5,0,0,0,0,10,0,0,17,0,0,13,0,16,0,10,0,0,0,0,0,0,17,0,1,0,12,3,0,10,0,6,0,0,8,21,12,4,0,0,0,0,0,0,0,10,17,6
T1-S-2,Control,Spat,1,Spat,123,65,303,10,30,16,57,159,4,185,0,185,0,0,4,16,187,79,0,0,0,24,0,70,118,0,67,24,0,12,0,0,17,93,0,10,0,0,0,30,90,0,41,6,65,0,21,151,0,0,72,64,0,0,24,0,37,0,0,233,0,0,14,32,36,0,0,46,0,28,0,0,0,0,0,30,0,45,20,40,0,0,42,0,17,0,26,33,29,0,0,0,0,21,31,0,0,0,20,0,0,25,4,0,0,0,0,0,0,31,0,0,34,0,0,0,22,0,0,0,22,19,0,18,0,0,124,0,0,17,6,22,29,4,43,20,0,11,0,0,0,0,22,0,0,0,0,0,0,34,0,25,18,0,0,9,7,16,3,0,0,0,0,0,0,0,0,0,0,0,0,15,0,0,0,0,10,17,0,0,0,12,0,0,12,0,18,0,21,13,0,0,0,0,18,0,11,15,0,0,5,0,0,0,0,0,37,19,0,0,0,0,0,0,0,0,0,0,0,0,21,0,0,5,15,19,14,18,0,9,0,0,27,0,0,0,0,11,0,32,0,21,9,0,24,3,28,8,22,0,14,0,0,0,0,10,0,0,0,0,0,25,0,0,0,10,0,16,0,0,0,0,0,0,0,0,0,16,0,0,0,0,0,13,0,0,4,0,2,0,8,0,36,0,0,0,0,0,0,0,17,0,15,0,0,17,0,0,0,0,0,0,0,0,0,8,0,0,0,0,0,4,0,0,0,0,0,0,0,25,0,0,8,0,12,14,0,0,0,0,6,0,0,0,0,0,12,0,14,0,1,0,0,0,0,0,6,0,0,2,0,8,3,0,0,14,0,0,0,0,0,0,2,0,0,0,0,0,0,0,14,8,0
T13-1,Control,Day 01,3,Larvae,69,43,0,0,75,61,62,34,52,0,70,0,138,0,104,21,0,0,0,107,79,0,130,0,0,31,0,67,0,8,40,0,0,0,0,171,51,74,132,34,0,40,0,0,0,40,0,12,0,0,0,0,0,48,22,0,0,33,0,0,0,45,0,0,0,47,39,0,131,0,13,79,0,92,0,0,0,0,0,0,0,21,0,38,0,0,0,0,0,0,0,29,8,0,0,28,0,0,0,164,33,0,10,0,47,0,133,0,41,0,76,0,0,34,56,0,0,0,0,0,0,0,0,0,10,0,0,0,43,0,0,0,0,0,0,0,22,0,80,0,37,0,0,17,0,0,0,0,0,0,0,0,0,0,0,0,0,0,0,0,14,0,0,0,0,0,61,115,0,0,54,0,0,0,8,55,0,0,0,0,0,0,28,0,0,59,0,0,0,0,24,30,0,0,0,56,0,0,0,16,31,0,0,0,0,0,0,0,0,0,0,0,0,0,51,0,23,0,0,0,0,0,0,0,0,0,0,0,0,0,0,0,0,0,0,0,24,9,29,0,0,0,0,0,0,0,0,0,0,85,0,0,0,22,0,0,48,0,0,0,0,0,8,54,81,0,0,0,0,0,40,0,47,0,22,38,0,0,0,0,0,26,2,0,0,0,0,0,0,0,0,0,0,0,0,0,0,21,0,14,0,0,0,0,0,0,0,0,8,0,11,0,0,0,0,0,25,0,0,0,0,0,0,0,0,0,0,0,0,0,0,0,0,0,0,0,0,56,0,0,0,0,0,0,0,0,0,31,0,0,0,0,0,0,0,0,0,0,0,0,38,0,0,0,0,0,0,53,0,0,0,0,0,0,0,0,22,0,0,0,0,0,0
T13-15,Control,Day 15,3,Larvae,1180,565,0,10,26,54,113,49,34,0,64,0,111,0,0,234,0,0,26,26,0,0,0,23,0,0,0,143,0,50,0,0,25,0,0,19,15,76,27,6,0,0,0,53,0,24,0,0,42,0,0,0,0,0,41,84,0,0,121,0,0,0,0,0,0,32,0,0,50,0,38,0,0,12,0,0,121,0,7,0,0,0,0,0,0,0,0,0,0,0,46,13,28,33,0,0,83,22,0,0,9,0,12,0,0,0,0,27,8,0,0,0,0,0,0,0,0,0,25,28,0,12,39,0,9,0,0,0,0,0,0,0,0,28,0,0,0,38,0,35,0,7,0,45,23,11,20,0,0,0,0,0,0,0,0,0,0,0,0,20,39,0,62,0,0,6,9,0,47,16,6,0,0,0,9,36,0,0,0,0,0,0,0,0,0,0,0,13,0,0,13,0,13,0,0,0,5,0,0,0,0,0,0,0,0,0,0,6,0,0,0,17,0,0,0,0,0,0,0,0,0,7,0,0,0,0,0,10,0,0,0,0,0,0,0,36,0,0,7,0,0,0,0,0,0,0,0,0,0,0,0,0,0,0,0,0,0,0,0,0,0,0,4,0,0,0,0,1,0,0,0,0,0,0,7,0,0,0,0,0,0,0,0,0,0,0,0,0,0,0,0,0,0,0,0,0,0,0,0,0,0,0,0,0,0,0,0,0,0,0,13,0,0,0,11,0,0,0,9,14,0,0,20,0,12,0,0,0,0,0,0,0,0,0,0,0,0,0,0,0,0,0,0,0,12,0,0,0,0,0,0,0,0,0,0,0,0,0,0,0,0,0,0,29,12,0,0,0,0,10,0,0,0,0,0,0,0,0,5,22,0,0,0
T13-2-2,Control,Spat,3,Spat,124,80,384,15,14,18,33,131,7,203,9,133,0,0,0,24,230,180,0,0,0,305,0,87,41,0,67,19,0,4,0,0,0,116,0,0,0,38,7,44,136,0,100,0,60,0,156,16,0,0,42,44,0,0,13,0,48,0,0,0,0,0,26,32,46,0,9,34,0,28,0,0,0,0,0,60,0,27,0,51,0,0,28,9,42,0,34,25,33,0,0,0,0,8,36,0,0,0,50,0,0,36,2,0,0,0,0,0,0,21,0,0,29,0,0,0,22,0,0,0,44,23,0,0,0,0,0,0,0,0,18,13,48,5,24,40,0,0,0,0,0,0,39,0,0,0,0,0,0,21,0,11,0,0,16,12,17,0,12,0,0,0,0,0,35,0,0,0,0,0,0,19,17,0,0,0,28,30,0,0,0,20,0,26,0,0,13,0,3,0,0,0,0,0,7,0,0,0,8,0,0,0,9,0,0,0,5,24,0,10,0,0,0,5,0,0,0,0,17,0,16,0,0,14,12,12,18,0,0,0,0,0,8,0,0,0,3,0,0,0,0,32,20,0,0,11,0,17,0,0,11,0,0,0,0,0,0,0,0,0,0,22,0,0,0,50,0,13,0,3,0,0,0,0,0,0,0,0,0,0,0,0,0,0,0,0,19,0,9,7,4,0,19,0,0,10,0,0,0,0,0,0,0,0,0,8,0,0,0,0,0,0,0,0,0,0,0,0,0,0,0,0,0,0,0,0,0,0,0,0,0,0,11,0,4,11,0,0,0,0,0,0,0,0,0,19,0,0,4,0,0,0,0,0,0,0,3,0,0,0,0,11,5,0,0,0,0,0,10,0,0,6,3,0,0,0,0,0,0,0,0,0,0
T13-3,Control,Day 03,3,Larvae,871,392,0,66,27,98,40,35,259,0,42,0,43,42,11,18,0,0,0,77,8,0,65,0,0,0,0,0,0,0,144,151,7,0,0,0,76,53,0,0,0,0,0,56,0,78,0,0,65,0,0,0,0,0,24,6,0,68,15,0,0,18,0,36,0,34,39,0,31,0,0,0,0,0,0,0,0,0,0,0,0,0,0,0,0,71,0,0,0,0,9,0,42,0,0,31,0,2,0,0,0,0,41,25,0,58,0,0,31,0,0,0,0,56,21,107,0,59,0,0,0,10,0,0,68,0,0,0,0,0,0,0,0,0,7,0,21,0,0,0,0,43,0,38,27,36,28,19,34,0,0,0,0,0,0,0,0,0,0,0,33,0,0,0,0,17,0,0,18,0,22,0,0,0,0,0,0,0,0,0,16,0,0,0,0,0,0,0,0,0,0,0,0,0,0,0,0,0,0,56,0,0,11,0,0,0,0,0,0,0,0,18,0,27,0,0,21,0,0,0,0,0,19,0,0,0,0,7,0,0,0,9,0,15,0,0,0,0,0,0,32,12,0,0,0,0,0,0,0,0,0,0,0,25,0,0,0,0,0,0,0,0,0,0,0,0,0,0,6,0,0,0,0,0,8,0,42,0,0,0,24,0,16,0,12,0,0,39,0,0,0,0,0,0,0,0,0,0,0,28,0,71,0,0,17,0,0,0,0,0,0,0,0,10,0,0,0,0,0,0,0,0,0,0,0,0,0,0,0,0,0,0,0,14,0,0,0,0,0,0,0,0,21,0,19,0,0,0,0,0,0,0,0,0,11,7,0,0,11,0,0,0,0,0,0,0,0,0,0,0,0,0,0,0,20,0,0,0,18,29,0,0,0
T13-6,Control,Day 06,3,Larvae,524,239,0,30,30,24,94,18,121,0,73,0,46,0,0,38,0,0,66,143,0,0,8,0,0,0,0,30,731,114,10,58,15,0,0,0,95,46,28,0,0,15,0,41,0,62,0,0,47,0,0,0,35,0,11,40,0,69,16,0,27,80,0,31,0,38,16,0,20,0,23,0,0,0,354,0,0,0,30,0,0,0,0,0,0,0,0,0,0,0,24,5,0,3,0,56,0,66,0,0,19,0,37,68,0,1,0,10,42,0,0,0,0,37,0,0,0,55,20,0,0,0,0,0,19,0,0,0,0,0,0,0,0,4,0,0,39,0,0,0,0,8,0,0,0,0,5,12,0,0,0,0,0,29,0,0,0,0,0,0,8,0,0,0,0,0,0,14,0,25,9,0,0,27,31,13,0,0,0,0,0,0,0,0,3,0,0,0,0,0,0,0,0,0,0,0,0,0,0,14,0,0,8,0,0,40,0,0,11,0,0,27,0,18,0,0,4,0,0,0,0,0,14,0,0,0,0,0,0,0,0,8,0,0,0,0,0,0,0,0,0,13,0,0,0,0,0,0,0,0,0,0,0,0,0,0,0,0,0,30,0,0,0,0,0,0,0,0,0,0,0,0,0,0,12,17,0,0,22,0,0,0,10,0,0,0,0,9,0,0,0,0,0,0,0,0,18,9,0,5,0,15,0,0,0,0,0,0,0,43,0,0,12,0,0,0,0,0,0,19,0,0,0,0,7,0,0,0,0,0,0,0,0,0,0,0,0,0,0,0,0,0,14,0,0,0,0,0,0,0,0,0,0,0,5,0,0,0,0,0,0,0,0,0,0,0,0,0,0,0,0,0,8,0,0,23,0,0,0,0,0,0,0
T13-S-1,Control,Spat,3,Spat,118,58,340,19,36,28,75,104,15,152,17,290,25,0,0,21,210,155,0,0,16,205,0,66,52,0,104,36,0,22,0,0,0,145,0,0,18,0,27,37,102,0,55,3,49,0,121,26,0,0,28,33,0,0,26,11,51,0,0,0,0,0,0,32,55,0,0,30,0,23,0,17,0,12,0,19,0,23,0,37,0,0,28,17,20,6,28,14,26,0,0,0,0,11,34,0,0,0,56,0,0,30,0,0,0,0,27,0,0,30,0,0,18,0,0,0,10,0,0,0,28,21,0,36,0,0,0,12,0,16,11,8,39,4,0,17,0,0,0,0,0,0,45,0,0,0,0,0,0,38,0,30,19,0,8,25,9,0,4,0,0,0,2,6,0,0,0,8,0,0,0,16,14,0,0,0,29,20,0,46,8,28,0,0,9,0,20,0,10,23,0,0,0,0,8,0,0,14,9,0,16,0,0,0,0,0,18,9,8,0,0,0,0,0,0,0,0,0,0,0,0,0,0,8,7,0,11,10,0,22,0,0,0,0,0,0,21,7,0,25,0,0,0,18,0,12,14,0,0,0,4,0,0,0,0,0,0,0,0,0,9,10,0,0,0,33,0,15,0,3,0,0,0,0,0,0,0,6,0,0,0,0,0,0,0,0,19,0,11,3,0,0,0,0,0,0,4,0,0,0,13,0,0,0,0,7,21,0,16,0,0,0,0,0,8,0,0,0,0,0,4,0,0,0,0,0,0,15,17,0,0,0,7,0,0,11,0,0,0,0,4,0,0,0,0,0,0,0,6,4,0,0,0,0,0,0,0,0,0,0,0,18,6,0,0,0,0,0,0,0,0,29,0,0,0,0,0,0,0,0,12,0,0
T14-1,Probiotics,Day 01,3,Larvae,34,24,0,409,62,16,51,18,24,0,47,0,54,172,139,6,0,0,6,30,43,0,243,10,0,17,43,0,0,6,9,0,197,0,0,59,0,51,502,0,0,72,0,0,0,5,0,0,13,0,0,0,0,22,0,0,0,7,0,0,0,11,9,0,18,20,12,0,31,0,8,179,0,11,0,0,0,0,0,0,0,13,0,0,0,0,0,0,0,109,33,17,0,0,0,13,0,0,0,38,11,0,0,45,0,0,103,0,1,0,40,0,0,16,265,0,0,0,0,0,0,0,0,0,2,0,0,0,31,0,0,0,20,0,0,0,0,0,18,0,26,0,0,19,0,0,11,0,0,0,31,0,0,17,0,0,0,0,0,0,10,0,0,0,0,0,21,80,0,0,0,0,0,0,0,10,0,0,0,0,17,0,0,0,0,16,0,0,0,8,4,7,9,0,0,39,0,0,0,0,57,0,0,0,0,0,0,0,0,0,9,0,0,6,38,98,0,0,0,0,0,0,0,0,0,0,0,0,0,0,0,0,0,0,0,0,0,0,0,0,9,0,0,0,0,0,0,0,0,74,0,0,0,0,0,13,17,26,0,0,0,0,9,20,0,0,0,0,0,0,54,0,72,0,11,17,0,0,2,0,0,25,0,0,0,0,0,0,0,0,0,3,0,0,0,0,0,35,0,0,0,0,0,0,0,0,0,70,0,0,0,0,30,0,0,0,4,0,0,0,0,0,0,0,0,0,0,0,0,0,0,0,0,2,0,0,0,45,0,0,0,0,0,0,0,0,0,18,0,17,0,0,0,0,0,0,0,0,0,29,42,0,2,0,0,0,0,0,0,0,0,0,5,11,0,0,0,0,0,0,0,0,0
T14-15,Probiotics,Day 15,3,Larvae,1018,484,0,34,20,51,133,45,51,0,43,0,62,31,0,249,0,0,11,22,0,0,0,27,0,0,0,105,0,65,0,14,15,0,0,0,11,0,10,0,0,0,0,64,0,35,0,0,63,0,0,0,0,0,43,90,0,0,127,0,0,0,0,31,0,42,0,0,23,0,26,0,10,14,0,0,84,20,14,0,0,0,0,10,0,0,0,0,0,0,23,15,16,32,0,0,49,41,0,0,21,0,1,0,40,0,0,18,10,0,0,0,0,0,0,0,0,0,45,58,0,0,65,0,9,0,0,0,0,0,0,0,0,0,18,0,0,25,0,50,0,14,0,32,37,0,29,17,0,0,0,0,0,0,2,0,0,0,0,0,41,0,87,0,0,0,0,0,44,0,0,0,0,33,3,0,0,0,0,0,11,0,0,0,8,17,0,0,0,7,18,0,7,0,0,0,0,0,0,7,0,0,0,0,0,0,0,0,0,0,0,0,0,16,0,0,13,0,0,38,0,0,10,0,3,0,0,0,0,0,0,0,0,0,0,23,0,0,18,0,4,0,0,0,0,0,0,0,0,0,0,0,0,0,0,0,0,0,0,0,0,0,29,0,0,0,0,0,0,0,0,0,0,0,0,0,0,0,0,0,0,0,12,0,29,14,0,0,0,0,0,0,0,0,0,0,0,0,0,0,0,0,0,12,19,0,0,0,0,0,9,0,0,1,18,12,0,0,0,0,0,0,17,0,13,38,0,0,0,0,0,0,0,0,0,0,35,0,0,0,5,0,0,0,20,0,0,0,0,0,0,0,0,0,10,0,0,0,0,0,0,4,0,40,0,0,0,0,33,0,0,0,0,0,0,0,0,0,2,16,0,0,0
T14-2-2,Probiotics,Spat,3,Spat,107,56,255,0,14,0,61,171,6,102,0,109,0,0,0,26,145,164,0,0,0,320,0,84,66,0,53,0,7,18,0,0,0,70,19,0,0,0,0,11,73,0,105,0,63,0,183,36,0,0,94,74,0,0,5,52,0,0,0,0,0,0,55,26,0,0,0,148,0,41,0,0,0,0,0,76,0,57,0,22,0,0,0,11,41,0,29,34,61,0,0,0,0,0,44,0,0,0,35,0,0,27,0,0,0,0,0,0,0,28,0,0,28,0,0,0,22,0,0,0,51,32,0,0,0,0,0,7,0,0,15,20,0,7,40,30,0,0,0,0,0,0,38,0,0,0,0,0,0,21,0,20,0,0,39,28,12,0,13,0,0,0,0,0,0,0,0,0,38,0,0,29,0,0,0,0,16,36,0,37,0,44,0,0,0,0,0,0,22,0,0,0,0,15,0,0,0,0,0,0,0,0,16,29,0,0,8,17,8,17,0,0,0,0,0,0,0,0,11,0,0,7,0,0,29,8,29,0,0,0,0,0,0,0,0,0,0,13,0,12,0,0,23,0,0,0,0,19,21,0,16,0,0,0,0,0,0,0,0,0,11,44,0,0,0,10,0,18,0,0,0,32,0,0,0,0,0,1,0,0,0,0,0,0,0,0,30,0,7,12,14,0,14,0,0,0,0,0,0,0,0,0,12,0,0,12,35,0,0,0,0,0,0,0,0,0,0,0,0,0,4,0,28,0,0,0,27,0,24,0,0,0,0,0,0,0,5,0,0,0,15,0,0,16,0,0,0,0,0,0,13,0,0,0,0,0,0,0,0,0,0,0,0,0,0,35,0,0,0,12,0,0,2,0,0,0,0,0,0,0,0,0,0
T14-3,Probiotics,Day 03,3,Larvae,419,227,0,92,29,52,79,14,419,0,129,0,72,46,6,83,0,0,0,114,0,0,59,0,0,0,37,0,0,0,47,236,23,0,0,63,90,82,51,0,0,0,0,42,0,71,0,0,10,0,0,0,25,0,0,0,49,52,0,0,0,50,0,60,0,63,63,0,30,0,22,0,0,0,0,0,0,0,0,0,0,0,0,0,0,0,0,0,0,0,15,22,0,0,0,71,0,0,0,0,23,0,25,26,58,31,7,5,30,0,0,0,0,56,0,65,0,61,12,10,0,0,0,0,59,0,0,0,0,0,0,0,0,0,0,0,0,23,0,0,0,83,0,0,25,28,7,0,0,0,0,0,0,0,0,0,0,0,0,0,0,0,10,0,0,55,18,0,30,37,11,0,0,5,55,0,0,0,0,0,24,0,17,0,0,0,0,30,0,0,9,0,0,0,0,0,0,0,0,21,0,0,0,0,0,0,0,0,41,0,0,0,0,9,0,0,42,0,0,0,0,0,0,0,0,0,0,0,0,0,0,0,0,22,0,0,0,0,0,0,0,0,0,0,0,0,0,0,0,0,0,0,0,40,0,0,0,0,0,0,0,0,16,0,0,0,0,0,0,0,0,0,0,0,0,0,12,0,0,0,21,0,0,0,42,0,0,27,0,0,0,11,0,0,0,0,0,0,0,0,0,37,0,0,0,0,0,0,0,0,0,0,0,29,0,0,0,86,0,0,0,0,0,0,4,0,0,0,0,0,0,0,0,0,0,0,0,0,46,0,0,0,9,0,0,0,0,0,0,0,0,0,0,0,14,64,0,0,0,5,13,0,0,0,0,0,0,0,0,0,0,0,0,0,0,0,0,0,0,0,0,0,0
T14-6,Probiotics,Day 06,3,Larvae,446,243,0,22,48,15,75,32,145,0,126,0,80,0,0,82,0,0,46,280,0,0,0,0,0,0,0,14,46,122,25,43,36,0,0,0,189,86,0,0,0,0,0,37,0,72,0,0,30,0,0,0,0,0,0,38,0,122,0,0,0,138,0,0,0,31,65,0,0,0,34,19,0,12,25,0,0,0,23,0,0,0,0,0,0,0,0,0,0,0,9,26,34,8,0,68,0,87,0,0,37,0,28,66,33,11,0,0,34,0,0,0,0,64,20,63,0,94,13,31,0,0,0,0,40,0,0,0,0,0,0,0,0,0,0,0,52,0,0,0,0,20,0,0,35,0,46,58,0,0,0,0,0,65,0,0,0,0,0,0,62,0,0,0,0,0,0,0,3,23,24,0,0,27,19,7,0,0,0,0,0,0,0,0,0,0,0,15,0,0,24,0,11,0,0,0,0,0,0,26,0,0,21,0,0,64,0,0,0,0,0,11,0,14,0,0,0,0,0,0,0,46,19,0,0,0,0,0,0,0,0,12,0,28,0,0,0,0,0,0,0,0,0,0,0,0,0,0,0,0,0,0,0,0,0,0,0,20,0,32,0,0,3,0,0,0,0,0,0,0,0,0,0,0,0,0,38,0,29,0,0,0,0,0,0,0,0,0,0,0,0,0,0,0,0,0,0,0,0,6,0,0,0,0,0,0,0,0,0,41,0,5,0,18,0,0,0,0,0,0,0,0,0,0,19,0,0,0,0,0,0,0,0,0,0,0,0,0,0,0,6,0,17,0,0,0,0,0,0,0,0,0,0,18,24,0,0,0,0,0,0,0,0,0,0,0,0,0,0,0,0,0,0,13,0,26,0,0,0,0,0,0,0
T14-S-1,Probiotics,Spat,3,Spat,89,45,220,0,27,0,29,158,9,132,0,409,0,0,0,17,168,149,0,0,12,370,0,108,60,0,76,12,0,8,0,0,9,211,0,2,0,0,0,21,72,0,52,4,45,0,167,41,0,0,31,49,0,0,23,23,22,0,8,61,0,0,28,28,35,3,0,20,0,30,0,0,0,0,0,23,0,29,3,11,12,0,23,0,14,0,15,22,38,0,0,0,2,13,19,0,0,0,30,0,9,22,0,0,0,0,0,0,0,17,0,0,13,0,0,0,24,2,0,0,40,7,0,13,0,0,34,9,0,19,22,16,0,0,11,14,4,11,0,0,0,0,44,0,0,6,0,0,0,19,0,29,8,0,25,18,16,37,15,0,0,0,0,18,0,0,0,0,8,0,0,9,14,0,0,0,21,28,0,27,0,11,0,0,0,0,18,0,8,3,0,0,0,14,10,0,2,0,2,0,3,0,0,7,0,0,8,0,0,14,0,0,0,0,0,6,0,15,11,0,6,0,0,10,2,5,10,6,0,6,0,0,0,0,0,0,0,6,0,11,0,13,20,7,0,10,19,0,0,0,0,0,0,0,0,0,0,0,0,0,13,0,0,0,0,16,0,14,0,6,0,7,0,9,0,0,0,13,0,10,0,0,0,27,0,0,9,0,4,5,10,0,7,0,0,4,0,0,25,0,3,0,0,8,0,5,30,0,21,0,0,0,0,0,0,0,0,0,0,0,3,16,0,0,0,0,31,10,9,0,12,0,7,0,3,5,0,0,0,0,9,0,0,0,0,15,0,0,6,0,6,6,0,0,0,0,9,6,0,0,0,0,3,0,0,16,0,0,9,0,0,4,0,0,0,0,0,0,0,0,0,0,0
T15-15,Probiotics + HT,Day 15,3,Larvae,1074,525,0,24,57,22,129,26,47,0,35,0,49,0,0,141,0,0,18,42,0,0,0,28,0,32,0,92,0,24,28,0,27,0,0,19,40,49,18,0,0,0,0,35,0,55,0,0,39,0,0,0,0,0,52,31,0,11,80,0,0,0,0,47,0,23,24,0,55,0,22,0,24,0,0,0,48,34,17,0,0,0,0,12,0,0,0,0,0,0,33,34,34,14,0,0,270,0,0,0,43,0,14,0,51,0,0,24,0,0,0,0,0,10,0,26,0,0,18,41,0,8,35,0,7,0,0,0,0,0,0,0,0,25,0,0,0,0,0,13,0,11,0,0,0,0,11,48,21,0,0,0,0,0,0,0,0,0,7,12,14,0,32,0,0,0,13,0,10,0,28,0,0,25,22,52,0,0,0,0,0,0,0,0,0,0,0,0,0,0,17,0,25,0,0,0,0,0,0,6,0,0,0,0,0,0,0,0,0,0,0,0,0,10,56,0,0,0,0,61,0,0,0,0,0,0,0,0,0,0,0,13,0,0,0,0,0,0,0,0,0,0,0,0,0,0,0,0,3,0,0,0,0,0,0,0,0,0,0,0,0,0,0,0,0,0,0,0,0,0,0,0,0,0,0,0,0,0,0,0,0,0,19,0,0,13,0,0,0,0,0,9,0,0,0,0,0,0,0,12,0,0,0,0,0,0,0,0,0,0,25,0,4,0,12,0,0,0,0,0,0,0,0,0,16,102,0,0,0,0,0,25,0,0,0,0,0,0,0,0,0,0,0,0,0,0,0,0,0,0,0,0,0,18,6,0,0,0,0,0,0,0,0,13,0,0,0,0,0,0,0,0,3,0,0,24,0,0,0,0,0,7,0
T15-2,Probiotics + HT,Day 01,3,Larvae,34,22,0,556,42,44,45,18,18,0,292,0,76,284,235,0,0,0,31,39,341,0,151,0,0,21,0,7,0,0,0,0,66,0,0,79,25,46,0,0,0,80,0,19,0,22,0,0,0,0,0,0,0,165,7,0,0,12,0,0,0,20,0,0,0,14,15,0,0,0,0,195,0,48,0,0,0,0,0,0,0,104,0,27,0,0,0,0,0,28,12,23,0,0,0,0,0,0,0,29,21,0,2,0,0,0,43,0,9,0,39,0,0,7,26,0,0,0,0,0,0,0,11,0,7,7,0,0,17,0,0,0,0,0,0,0,0,0,45,53,162,6,0,0,0,0,0,0,0,0,43,0,0,0,0,0,0,0,0,4,0,0,0,0,0,0,0,0,0,14,0,0,0,0,0,0,0,0,59,0,46,0,40,0,9,21,0,0,0,0,5,40,4,0,0,65,0,0,0,7,0,0,0,0,0,0,0,0,0,0,35,8,0,0,93,76,0,0,0,0,0,0,0,0,0,0,0,0,0,0,0,0,0,0,37,0,0,0,0,0,0,0,0,0,0,0,0,0,0,0,0,6,6,0,0,6,36,12,0,0,0,0,0,0,0,0,0,0,0,0,39,0,0,0,8,0,2,0,0,0,0,34,0,0,0,0,0,0,0,0,0,0,0,0,0,0,0,29,0,0,0,0,0,0,0,0,0,0,0,0,0,0,0,0,0,8,25,0,22,0,0,0,0,0,0,0,0,0,0,0,0,0,0,0,0,0,0,0,0,0,0,0,3,0,0,0,0,5,0,4,0,14,0,0,0,0,0,0,0,1,0,0,0,0,0,0,0,33,0,0,0,0,0,14,0,0,0,0,0,0,0,0,0
T15-3,Probiotics + HT,Day 03,3,Larvae,319,131,0,112,23,44,99,0,446,0,121,0,53,79,0,106,0,0,0,106,23,0,0,0,0,0,83,0,0,0,137,196,16,0,0,52,113,78,30,0,0,0,0,12,0,70,0,0,17,0,0,0,5,0,24,0,25,80,47,0,0,67,0,0,24,71,50,0,0,0,43,41,0,8,0,0,0,12,14,0,0,0,0,0,0,62,0,0,0,0,21,40,5,0,0,54,0,15,0,0,19,0,44,50,74,42,0,0,47,0,38,0,0,10,25,32,0,81,0,0,0,0,0,0,46,14,0,0,0,0,0,0,0,0,0,0,29,0,0,0,0,36,0,0,0,32,19,17,0,0,0,0,0,0,0,0,0,0,0,0,0,0,21,0,0,50,10,0,0,14,3,0,0,0,43,0,0,0,0,0,0,0,0,0,0,0,0,0,0,0,18,0,0,0,0,0,8,0,0,16,0,0,0,0,0,37,0,0,24,0,0,9,0,38,0,0,10,0,0,0,0,0,0,0,0,0,0,0,0,0,0,0,0,24,0,0,0,0,0,0,13,0,0,0,0,0,0,3,28,0,0,0,0,50,0,0,0,0,21,33,0,0,9,0,0,0,0,0,0,0,0,0,0,0,0,0,50,0,0,0,24,0,4,0,30,0,0,0,0,0,0,9,0,0,0,0,0,0,0,0,0,37,0,0,0,0,0,14,0,0,0,0,0,9,0,0,0,0,0,0,0,0,0,0,0,0,0,0,0,0,0,0,0,48,0,0,17,0,11,0,0,0,15,0,0,0,0,0,0,0,0,0,0,0,0,0,0,0,0,0,0,0,0,0,21,0,0,0,0,0,0,0,60,0,0,0,0,0,0,0,0,0,0
T15-6,Probiotics + HT,Day 06,3,Larvae,1319,619,0,88,108,82,224,0,88,0,128,0,145,0,0,62,0,0,102,33,0,0,0,0,0,0,0,63,52,177,36,30,35,0,0,17,24,35,43,0,0,0,0,54,0,0,0,0,77,0,0,0,55,0,0,68,0,39,34,0,22,0,0,33,0,22,15,0,0,0,30,0,0,0,0,0,0,0,69,0,0,0,0,0,0,0,0,0,0,0,20,0,37,0,0,0,0,53,0,0,0,0,9,0,0,33,0,0,8,0,0,0,0,0,0,0,0,0,0,29,0,0,0,0,0,0,0,0,0,0,0,0,0,0,0,0,0,0,0,0,0,18,0,0,0,0,19,0,0,0,0,0,0,120,0,0,0,19,0,0,15,0,0,0,0,0,0,0,0,31,0,0,0,47,0,0,0,0,0,0,0,0,0,0,0,0,0,0,0,0,0,0,26,0,0,0,0,0,0,0,0,0,0,0,0,0,0,0,0,0,0,19,18,0,0,0,0,0,0,0,0,0,0,0,0,0,0,0,0,0,0,0,0,0,0,0,0,0,38,0,0,0,0,0,0,0,0,0,0,0,0,0,0,0,0,6,0,0,0,0,0,0,0,0,0,0,0,0,0,0,0,0,0,0,18,0,0,0,0,0,0,0,14,0,0,0,0,0,0,0,0,0,0,0,0,0,0,0,0,0,0,0,0,0,0,0,0,0,0,0,0,0,0,0,0,0,0,0,0,0,0,0,0,0,0,0,0,0,0,0,0,0,0,0,0,0,0,0,18,0,0,0,0,0,0,0,0,0,0,0,0,0,0,0,0,0,0,0,0,0,0,0,9,5,0,0,0,0,0,0,0,0,0,0,0,0,0,0,3,0,0,0,0
T15-S-2,Probiotics + HT,Spat,3,Spat,129,66,475,14,21,22,68,181,10,227,10,19,0,0,15,24,164,95,0,0,0,37,0,93,11,7,82,15,0,3,11,0,48,11,155,5,0,0,0,31,81,0,86,10,35,0,20,179,0,0,32,37,0,0,113,0,56,0,0,0,0,0,65,40,44,0,0,8,4,46,8,0,0,0,0,26,0,20,15,32,53,0,38,10,59,0,43,33,11,36,0,0,0,7,17,5,0,0,23,0,0,39,0,3,0,0,0,0,0,20,0,0,32,0,0,0,22,0,0,0,0,11,0,28,3,0,0,15,7,40,38,13,40,45,16,18,0,27,0,0,0,0,13,0,0,0,0,0,0,9,0,5,16,0,9,23,23,18,0,0,0,0,0,27,15,5,0,0,19,0,0,9,14,0,0,0,14,0,0,26,0,3,5,28,0,0,0,71,18,18,0,0,0,23,3,0,0,21,7,0,0,0,0,6,0,0,6,4,10,20,0,0,0,0,0,0,0,20,0,5,16,0,0,12,0,18,9,7,0,0,0,0,0,0,0,0,0,0,19,18,0,0,0,19,3,0,0,10,11,0,7,2,0,0,0,0,12,0,0,0,18,12,1,0,0,0,0,7,0,4,0,0,0,0,0,0,0,4,0,14,0,0,6,0,0,0,0,0,0,0,0,0,0,0,0,3,0,0,9,0,0,0,3,25,0,6,4,0,9,0,0,0,0,0,8,0,0,0,0,0,0,5,0,5,0,0,0,4,0,0,4,0,0,0,7,1,0,0,0,0,2,0,0,0,0,4,0,0,0,7,0,0,0,0,0,0,4,9,0,0,0,0,0,0,0,0,40,0,0,0,0,0,0,0,0,0,0,0,0,0,0,1,0
T17-15,High temperature,Day 15,3,Larvae,1456,705,0,8,54,301,80,26,12,0,27,0,35,0,0,183,0,0,84,4,0,0,0,24,0,27,0,131,0,39,10,0,7,0,0,60,0,26,4,0,0,0,0,138,0,0,0,0,27,0,0,0,46,0,28,28,0,0,92,0,0,0,0,0,0,22,0,0,17,0,35,0,0,0,0,0,125,27,6,0,0,0,0,5,0,0,0,0,0,0,19,0,19,15,0,0,31,11,0,0,0,0,0,12,0,0,0,42,0,3,27,0,0,0,0,0,0,0,15,32,0,0,25,0,0,0,0,0,0,0,5,2,0,14,0,0,0,0,0,17,0,10,0,36,57,0,2,0,0,0,0,0,0,0,7,0,0,0,0,31,18,0,9,0,0,7,0,0,17,7,2,0,0,0,0,18,0,0,0,0,0,0,0,0,5,0,0,22,0,0,0,0,7,0,0,0,0,0,0,0,0,0,0,0,0,0,0,4,0,0,0,0,0,0,0,0,0,0,0,25,0,0,2,0,6,0,0,0,0,0,0,0,0,0,0,11,0,0,0,0,0,12,0,0,0,0,0,0,0,0,0,24,0,0,0,0,0,0,0,0,0,0,0,10,0,0,0,0,0,0,0,0,0,0,0,0,0,0,8,0,0,0,0,0,0,51,0,0,0,0,0,0,0,0,0,0,0,0,0,5,0,0,0,0,14,0,0,0,0,0,5,0,0,0,0,0,0,0,0,0,0,0,0,0,0,9,0,0,0,0,0,8,0,3,0,0,0,0,0,0,0,0,2,0,0,0,0,0,0,0,0,0,0,0,3,0,0,0,8,0,0,0,0,7,0,0,0,0,0,0,0,0,0,0,0,0,0,0,0,0,0,0,0
T17-2,High temperature,Day 01,3,Larvae,196,94,0,153,68,203,108,49,8,0,110,0,409,81,254,21,0,0,34,23,250,0,286,13,0,43,31,15,0,0,59,0,12,0,0,107,0,17,41,0,0,114,0,27,0,0,0,0,9,0,0,0,0,127,0,0,0,0,0,0,13,0,0,0,15,0,4,0,0,30,36,35,0,79,0,0,0,0,14,0,0,107,0,64,0,28,0,0,0,0,2,25,0,0,0,6,0,0,15,107,0,0,0,0,0,0,0,0,0,0,71,0,0,0,0,0,0,0,0,0,0,0,44,0,0,23,0,0,76,1,0,0,0,0,0,0,0,0,64,36,0,0,0,45,0,0,0,0,0,0,31,0,0,5,0,0,0,0,0,29,0,0,0,0,0,0,5,0,0,0,5,0,0,0,3,0,0,0,57,0,6,0,32,0,5,0,0,0,0,0,0,63,0,0,0,26,0,0,8,0,3,0,0,0,0,0,0,0,0,0,42,16,0,0,0,0,0,0,0,0,0,0,2,0,0,0,0,0,0,0,0,0,0,0,35,0,0,0,0,0,0,16,0,0,0,0,0,0,3,0,0,0,0,0,0,26,23,35,0,0,0,0,0,0,40,0,0,0,0,0,0,0,0,0,17,32,0,0,0,0,0,4,0,0,0,0,0,0,0,0,0,0,0,0,0,0,0,13,0,0,0,0,0,0,0,0,0,0,0,0,0,0,0,0,0,19,28,0,42,0,0,0,0,0,0,0,0,0,0,0,0,0,0,0,0,0,0,0,0,0,0,0,0,0,0,0,0,21,0,3,0,0,31,0,0,0,0,0,0,19,0,0,0,0,0,0,0,13,0,0,0,0,0,0,0,0,0,0,0,0,0,0,0
T17-3,High temperature,Day 03,3,Larvae,1078,578,0,335,19,181,129,17,32,0,84,0,67,178,0,29,0,0,0,40,28,0,47,0,0,18,0,0,0,0,261,0,0,0,0,24,102,66,60,0,0,0,0,23,0,46,0,0,36,0,0,0,14,0,0,0,13,51,0,0,71,31,0,0,0,71,18,0,0,0,22,0,0,0,0,0,0,0,26,0,0,0,0,25,0,128,0,0,0,0,47,11,0,0,0,0,0,13,0,14,23,0,29,0,0,54,0,0,15,0,0,0,0,6,0,32,0,0,17,6,0,0,0,0,5,9,0,0,0,0,0,0,0,0,0,0,0,0,0,0,0,17,0,0,0,15,11,0,43,0,0,0,0,0,0,0,0,0,0,0,0,0,0,0,0,39,0,0,0,0,0,0,0,0,0,0,0,0,0,0,0,0,0,0,0,0,0,0,0,0,19,0,10,0,4,0,10,0,0,0,0,0,0,0,0,0,0,0,0,0,0,0,0,16,0,0,19,0,0,0,0,0,0,0,0,0,0,0,0,0,0,0,0,0,0,0,0,0,0,0,0,0,0,0,0,0,0,0,14,0,0,14,14,0,0,0,0,15,0,0,0,0,0,0,0,0,0,0,0,0,0,0,0,0,10,0,0,0,0,0,22,0,5,0,0,0,0,12,0,0,0,13,0,0,0,0,0,0,0,0,0,0,0,0,0,0,0,0,0,0,0,0,0,0,0,0,0,6,0,0,0,0,0,0,7,0,0,0,0,0,0,0,0,16,0,0,0,0,0,9,0,0,6,0,0,0,0,0,0,0,0,0,0,0,4,29,0,0,0,0,0,0,0,0,0,0,0,0,0,0,0,0,0,32,0,0,0,0,0,0,0,0,0
T17-6,High temperature,Day 06,3,Larvae,631,352,0,21,22,119,75,10,121,0,100,0,0,16,0,33,0,0,154,91,0,0,0,0,0,0,0,39,594,110,25,63,3,0,0,63,43,78,0,0,0,0,0,37,0,81,0,0,66,0,0,0,57,0,0,31,0,53,0,0,75,62,0,35,0,41,47,0,27,0,33,0,0,0,269,0,0,0,15,0,0,0,0,24,0,0,0,0,0,0,0,0,35,0,0,56,0,61,0,0,21,0,26,38,0,8,0,0,0,0,0,0,0,35,0,65,0,23,2,5,0,0,0,0,21,9,0,0,0,0,0,0,0,1,0,0,43,0,0,0,0,18,0,0,0,0,12,33,0,0,0,0,0,37,0,0,0,0,21,0,5,0,0,0,0,0,10,0,0,31,8,0,0,0,0,0,0,0,0,0,0,0,0,0,14,0,0,0,0,0,13,0,0,0,0,0,0,0,0,0,0,0,0,0,0,0,0,0,0,0,0,16,0,0,0,0,0,0,0,0,0,0,23,0,0,0,0,0,0,0,0,10,0,23,0,0,0,0,0,0,0,0,0,0,0,0,0,0,0,0,0,0,0,0,0,0,0,28,0,0,0,0,1,0,0,0,0,0,0,0,0,0,0,0,34,0,11,0,10,0,0,0,3,0,0,0,0,0,0,0,0,0,0,0,0,0,0,0,0,0,0,0,0,0,0,0,0,0,0,47,0,0,0,5,0,0,0,0,0,0,0,0,0,0,0,0,0,0,0,0,0,0,0,0,0,0,0,0,0,0,0,0,11,0,10,0,0,0,0,0,0,0,0,36,0,0,0,0,15,0,0,0,0,0,0,0,0,0,0,0,0,0,10,0,0,0,0,0,0,0,0,0,0
T19-3,Control,Day 03,4,Larvae,138,73,0,256,90,126,115,3,23,0,44,0,88,162,391,16,0,0,383,14,347,0,19,0,0,48,0,0,0,2,38,12,157,0,0,63,17,13,22,0,0,206,0,12,0,0,0,0,7,0,0,0,192,201,0,13,0,4,0,0,0,0,0,0,0,7,3,0,17,0,21,29,4,68,2,0,0,0,13,0,0,102,0,35,0,0,13,0,0,103,4,10,0,0,0,8,0,3,0,10,7,0,0,0,0,11,13,11,2,0,32,0,0,1,0,0,0,0,0,0,0,0,8,0,0,11,0,0,19,0,0,0,0,0,0,0,0,0,38,0,25,0,0,0,0,0,0,0,0,0,83,0,0,0,0,0,0,0,0,17,0,0,0,0,0,0,4,0,0,0,1,0,0,0,1,0,0,0,44,0,23,0,0,0,18,32,0,0,0,0,3,25,0,0,0,13,30,0,0,0,0,0,0,0,0,0,0,0,0,0,18,19,70,0,0,0,0,0,0,0,0,0,4,0,0,0,0,0,0,0,0,0,0,0,28,0,0,0,17,0,0,0,0,0,0,0,0,0,0,0,0,0,0,0,35,0,19,0,57,0,0,0,4,0,0,0,0,0,9,0,0,0,0,0,0,0,0,0,0,0,0,7,0,0,0,0,0,0,0,0,0,2,0,0,30,0,0,10,0,0,0,0,0,0,0,0,0,0,0,0,28,4,0,1,0,0,0,0,0,18,0,0,0,0,0,0,0,0,0,0,0,0,0,4,0,0,0,0,0,0,0,0,0,0,0,0,0,0,0,17,0,0,0,0,0,0,0,0,0,0,0,0,0,0,0,0,0,0,0,0,0,0,0,0,0,0,5,35,0,0,0,0,0
T19-6,Control,Day 06,4,Larvae,285,186,0,33,0,51,69,39,534,0,57,0,80,0,0,52,0,0,0,240,20,0,0,0,0,0,50,31,7,112,8,269,15,0,0,0,90,62,41,7,0,0,0,57,0,91,0,0,67,0,0,0,0,0,0,0,0,83,0,0,12,122,0,0,0,29,76,0,0,0,0,0,0,0,0,0,0,0,64,0,0,0,0,0,0,0,0,0,0,0,59,52,72,0,0,30,0,34,0,0,23,0,47,56,44,15,0,0,81,0,0,0,0,54,0,50,0,70,42,29,0,0,0,0,60,0,0,0,0,0,0,0,0,0,0,0,41,0,0,0,0,57,0,0,13,0,44,0,23,0,0,0,0,30,0,0,0,0,0,0,0,0,0,0,0,0,13,0,0,16,22,0,0,0,52,0,0,0,0,0,9,0,0,0,8,0,0,0,0,0,31,0,23,0,32,0,0,0,0,0,0,0,0,0,0,0,0,0,40,0,0,0,0,49,0,0,13,0,0,14,0,36,63,0,0,0,0,0,0,0,0,14,0,0,0,0,0,0,0,0,0,0,0,0,0,0,0,0,0,0,0,0,0,0,0,0,0,0,0,26,0,0,33,0,0,0,0,0,0,0,0,0,0,0,13,0,28,0,0,0,0,0,0,0,0,0,0,0,0,0,0,32,0,0,0,0,0,0,0,24,0,0,0,0,0,0,0,0,0,0,0,0,0,0,0,0,0,0,0,0,0,0,0,0,0,0,0,0,0,0,0,0,0,0,0,0,0,0,0,0,0,0,10,0,0,0,0,0,0,12,0,18,0,0,0,18,0,0,16,0,0,0,0,0,0,0,0,0,0,0,0,0,0,0,0,30,0,0,0,0,0,0,0
T2-1,Probiotics,Day 01,1,Larvae,43,0,0,1136,160,70,21,57,13,0,41,0,71,483,214,0,0,0,0,37,47,0,338,0,0,77,37,42,0,0,42,0,0,0,0,123,38,0,35,0,0,92,0,8,0,22,0,0,0,0,0,0,0,20,6,0,0,18,0,0,0,0,0,35,0,24,24,0,66,0,0,31,20,45,0,0,0,0,0,0,0,0,0,14,0,0,0,0,0,0,9,0,0,0,0,0,0,0,0,36,12,0,1,0,40,0,70,0,0,0,56,0,0,9,0,0,0,0,0,0,0,0,0,0,0,15,0,0,33,0,0,0,11,0,0,0,0,0,0,0,20,7,0,0,0,0,0,0,0,0,0,0,0,29,0,0,0,0,0,10,0,0,0,0,0,0,23,30,0,0,7,0,0,0,0,0,0,0,0,0,22,0,22,0,0,27,0,0,0,9,0,27,17,0,0,0,0,0,0,3,22,0,21,0,0,0,0,0,0,0,15,0,0,5,0,0,22,0,0,0,0,0,0,0,0,0,0,0,0,0,0,0,0,0,19,0,0,0,5,0,0,0,0,0,0,0,0,0,0,17,0,11,0,0,10,13,0,28,0,0,0,0,0,44,21,0,0,0,0,0,0,0,27,0,25,27,0,0,0,0,0,22,0,0,0,0,0,0,0,0,0,0,0,0,0,0,0,4,0,0,0,0,0,0,0,0,0,0,0,0,0,0,36,0,0,0,15,0,20,0,0,0,0,0,0,0,0,0,0,0,0,0,0,3,0,0,0,24,0,0,0,0,0,0,0,0,0,10,0,6,0,0,20,7,0,0,0,0,3,0,15,0,0,0,3,0,0,31,0,0,0,0,0,0,0,0,14,0,0,0,0,0,0
T2-15,Probiotics,Day 15,1,Larvae,694,335,0,0,74,145,113,30,15,0,46,0,0,0,0,178,0,0,44,17,0,0,0,0,0,19,0,188,0,39,0,0,58,0,0,22,20,34,0,0,0,0,0,41,0,0,0,0,24,0,0,0,42,0,44,48,0,16,115,0,0,0,0,0,0,26,0,0,49,0,26,0,585,16,0,0,114,39,13,0,0,0,0,0,0,0,0,0,0,22,18,9,36,42,0,0,31,0,0,0,0,0,5,0,0,0,0,74,8,0,0,0,0,0,0,0,0,0,53,28,0,3,0,0,0,0,0,0,0,0,0,0,0,0,0,0,0,0,0,20,0,0,0,0,30,18,10,0,35,0,0,0,0,0,0,0,0,0,0,140,36,307,18,0,0,0,16,0,2,0,8,0,0,0,5,0,0,0,0,0,0,0,0,0,0,0,0,0,0,0,0,0,10,0,0,0,0,0,0,0,0,0,0,0,0,0,0,0,0,0,0,0,0,0,0,0,0,0,0,11,0,0,0,0,0,0,0,9,0,0,0,0,0,0,0,56,0,0,0,0,0,0,0,0,0,0,0,0,0,0,0,26,0,0,0,0,0,0,0,0,0,0,0,0,0,0,0,0,0,0,0,0,0,0,0,0,0,0,11,0,0,0,0,0,0,128,0,0,0,0,0,0,0,0,0,0,0,0,0,0,0,0,0,0,0,0,0,0,0,9,14,0,0,0,0,0,0,41,0,0,0,0,24,0,0,0,0,0,0,0,0,34,0,0,0,0,0,0,0,0,0,30,0,0,0,0,0,0,0,0,0,0,0,0,0,0,0,0,0,0,0,0,0,0,0,0,0,0,0,5,0,0,0,0,0,0,0,0,9,0,0,0,0
T2-3,Probiotics,Day 03,1,Larvae,1281,595,0,84,45,360,86,17,26,0,201,0,106,43,32,18,0,0,0,7,0,0,76,0,0,28,0,0,0,0,149,13,31,0,0,23,0,0,25,0,0,18,0,47,0,16,0,0,47,0,0,0,0,0,40,0,0,8,0,0,30,0,0,44,0,6,0,0,0,38,36,10,0,0,0,0,0,0,18,0,0,0,0,4,0,82,0,0,0,22,0,0,0,0,0,0,0,14,0,0,0,0,0,0,0,74,0,10,0,0,0,0,0,0,17,0,0,0,12,17,0,0,0,17,0,29,0,0,18,0,0,0,0,0,0,0,0,12,0,14,0,0,0,21,28,45,0,0,68,0,0,0,0,0,0,0,0,0,0,0,9,0,6,0,0,9,0,0,5,0,0,0,0,31,2,0,0,0,0,0,5,0,0,0,0,0,0,0,0,0,0,0,0,0,6,0,8,0,0,1,0,0,11,0,0,0,0,0,0,0,0,9,21,0,0,0,0,0,0,5,0,2,0,0,0,0,0,0,0,14,0,0,0,0,0,0,0,0,0,0,40,26,0,0,0,0,0,0,0,0,0,0,13,0,0,0,0,0,0,3,0,0,1,0,5,0,21,0,0,0,0,0,0,0,0,0,0,0,0,0,17,0,0,0,24,0,0,26,0,0,0,0,0,0,0,0,0,5,0,0,1,0,0,0,12,0,0,0,0,0,0,0,0,26,0,5,0,17,0,10,0,0,13,0,0,0,0,0,0,0,0,32,0,0,0,0,0,0,0,0,0,0,0,0,0,0,0,0,0,16,0,35,17,0,3,0,0,0,0,0,0,0,0,0,0,0,0,0,0,0,0,0,0,0,0,0,0,0,8,32,0,0,0
T2-6,Probiotics,Day 06,1,Larvae,795,470,0,20,80,185,81,13,162,0,98,0,33,0,0,34,0,0,154,56,0,0,0,0,0,47,33,33,62,321,60,85,15,0,0,25,47,47,3,0,0,0,0,40,6,26,0,0,48,0,0,0,72,0,28,29,0,35,0,0,170,39,0,0,0,15,28,0,0,0,29,0,0,0,24,0,0,0,39,0,0,0,0,31,0,29,0,0,0,0,1,21,6,20,0,26,0,76,0,0,6,0,14,24,0,20,0,21,31,0,13,0,0,17,0,24,0,25,19,25,0,10,0,0,20,0,0,0,10,0,0,0,0,3,0,0,16,0,0,0,0,0,0,11,13,8,15,19,0,0,0,0,0,37,0,0,0,0,0,0,2,0,0,0,0,0,12,0,0,12,7,0,0,27,10,0,0,0,0,0,0,0,0,0,13,0,0,0,0,0,5,0,0,0,0,0,0,0,0,18,0,0,21,0,0,0,0,0,0,0,0,0,0,22,0,0,8,0,0,0,0,23,18,0,0,0,0,0,0,0,3,11,0,0,0,0,0,0,7,0,5,0,0,0,0,0,0,0,0,0,0,0,0,0,0,0,0,0,0,6,0,0,0,0,0,0,10,0,24,0,0,0,0,0,0,6,0,0,0,0,3,0,16,0,0,0,0,0,0,0,0,0,0,0,0,0,0,0,0,0,0,18,0,0,0,0,0,0,0,36,0,13,0,0,0,0,0,0,0,0,0,0,0,0,0,0,0,0,0,0,0,25,0,0,0,0,0,0,0,0,3,0,4,0,0,0,0,0,0,9,0,19,9,0,6,0,5,0,0,0,0,0,0,3,8,0,0,0,0,0,0,0,0,7,0,0,0,0,8,0,0,0,0
T2-S-1,Probiotics,Spat,1,Spat,139,87,364,0,0,21,30,192,15,195,0,29,0,1,0,16,66,145,0,0,12,68,0,128,87,0,75,14,0,21,0,9,0,13,285,12,0,0,0,54,40,0,48,0,70,0,36,39,0,0,57,56,0,0,10,20,56,0,9,0,0,0,8,0,34,0,0,45,0,23,0,0,0,0,0,47,0,29,0,55,130,0,28,10,29,0,13,34,41,0,0,0,5,19,48,0,0,0,40,0,0,14,0,0,0,0,0,0,0,23,0,0,11,0,0,0,31,0,0,0,27,22,0,36,0,0,0,38,8,10,12,13,10,3,8,19,0,17,0,0,0,0,18,0,0,8,0,0,0,6,0,10,16,0,13,12,14,24,21,0,0,0,0,19,0,7,0,0,7,0,0,14,28,0,0,0,22,0,0,15,0,22,0,13,9,0,19,0,16,0,0,0,13,18,13,0,0,0,17,0,0,0,7,37,0,0,11,10,0,0,0,0,0,0,0,0,0,17,40,0,8,0,0,8,14,11,8,12,0,0,17,0,20,0,0,0,0,0,0,13,0,10,0,0,8,26,12,7,0,0,14,0,0,0,0,10,0,0,0,0,4,0,8,0,0,5,13,18,0,6,0,6,0,22,0,0,0,18,0,5,0,0,0,20,0,0,9,0,8,10,10,0,20,9,0,11,0,0,13,0,15,0,12,0,0,7,0,0,4,0,14,0,0,0,9,0,0,0,0,0,3,7,0,0,0,0,0,18,0,10,15,0,13,0,17,0,0,0,0,0,0,0,0,14,0,12,8,0,8,2,3,0,0,0,0,0,5,0,0,0,0,0,12,0,0,16,2,0,2,18,0,0,0,0,0,0,0,0,0,0,10,6,10
T2-S-2,Probiotics,Spat,1,Spat,140,63,301,0,0,6,45,206,0,168,0,11,0,0,0,25,75,250,0,0,28,81,0,79,83,0,92,24,0,16,2,0,0,0,190,7,0,0,8,39,20,0,58,10,88,0,26,9,0,0,109,38,0,0,39,14,41,14,0,0,0,0,26,0,51,0,11,29,0,53,0,0,0,0,0,46,9,16,7,26,78,0,53,0,28,0,46,37,46,0,0,0,0,17,24,0,0,0,20,0,0,92,0,0,0,0,0,0,0,19,0,0,53,0,0,0,47,0,0,0,28,29,0,18,0,0,0,41,18,21,38,29,27,4,20,16,0,20,0,0,0,0,22,0,0,0,0,0,0,13,0,10,26,0,0,29,10,23,0,0,0,0,0,21,35,0,0,0,6,0,0,9,11,0,0,0,16,19,0,33,0,9,0,16,0,0,33,0,27,33,0,0,0,0,4,0,0,21,0,0,5,0,0,26,0,0,3,0,5,21,0,0,0,0,0,0,0,0,17,0,30,0,0,10,10,11,3,0,0,0,0,0,14,0,0,0,0,15,0,0,0,0,33,2,23,15,8,0,16,0,6,0,0,0,0,16,0,0,0,0,11,0,0,0,0,0,0,0,0,2,0,6,0,11,0,0,0,4,0,0,0,0,0,15,0,0,16,0,2,2,0,0,24,0,0,3,0,0,4,0,11,0,37,0,0,0,0,0,0,0,0,0,0,0,0,0,0,0,0,0,0,10,0,0,0,0,0,0,0,9,29,0,19,0,9,1,0,0,0,0,0,0,0,0,0,0,44,0,8,0,18,0,0,0,0,0,0,12,0,0,0,6,0,0,0,0,0,0,0,17,21,17,0,0,0,0,0,0,0,0,0,29,0
T20-1,Probiotics,Day 01,4,Larvae,43,18,0,1235,123,79,85,20,25,0,63,0,78,452,234,0,0,0,21,0,284,0,198,0,0,37,0,0,0,0,123,0,0,0,0,91,0,0,44,0,0,112,0,0,0,0,0,0,0,0,0,0,0,156,0,0,0,0,0,0,0,11,0,0,0,22,0,0,87,0,0,46,0,152,0,0,0,0,0,0,0,83,0,27,0,44,0,0,0,0,0,0,0,0,0,0,0,0,0,41,13,0,0,0,0,0,59,0,0,0,0,0,0,0,0,0,0,0,0,0,0,0,0,0,0,0,0,0,0,0,0,0,0,0,0,0,0,0,31,0,0,0,0,0,0,0,0,0,0,0,0,0,0,0,0,0,0,0,0,21,0,0,0,0,0,0,0,17,0,0,0,0,0,0,0,0,0,0,55,0,0,0,44,0,0,0,0,0,0,0,0,0,0,0,0,67,0,0,0,0,26,0,19,0,0,0,0,0,0,0,31,16,10,0,0,0,0,0,0,0,0,0,0,0,0,0,0,0,0,0,0,0,0,0,0,0,0,0,0,0,0,0,0,0,0,0,0,0,0,12,0,0,0,0,59,0,58,0,0,0,0,0,0,0,0,0,0,0,0,0,0,0,11,0,0,11,0,0,0,0,0,0,0,0,0,0,0,0,0,0,0,0,0,0,0,0,0,0,0,0,0,0,0,0,0,0,0,0,0,0,0,0,0,0,0,23,0,0,0,0,0,0,0,0,0,0,0,0,0,0,0,0,0,0,0,0,0,0,0,0,0,0,8,0,0,0,0,0,0,13,0,0,0,0,0,0,0,0,0,0,22,0,0,0,0,0,0,0,0,0,0,0,0,0,0,0,0,0,0,0,0,0,0
T20-15,Probiotics,Day 15,4,Larvae,757,349,0,0,21,71,109,34,72,0,74,0,56,0,0,421,0,0,0,27,0,0,0,11,0,0,0,138,0,50,31,46,0,0,0,20,41,42,0,0,0,0,0,42,0,0,0,10,71,0,0,0,0,0,30,47,0,0,204,0,0,0,0,0,0,40,19,0,30,0,7,0,25,0,0,0,47,49,68,0,0,0,0,0,0,0,0,0,0,0,15,31,47,74,0,0,189,19,15,0,23,0,15,0,0,0,0,34,0,0,0,0,0,0,0,21,0,0,0,51,0,19,0,0,15,0,0,0,0,0,0,0,4,9,0,0,0,0,0,23,0,13,0,34,0,0,27,0,13,0,0,0,0,0,9,0,0,0,0,36,38,13,102,0,0,0,11,0,0,40,8,0,0,35,0,0,0,0,0,0,0,0,0,0,0,0,0,24,0,0,12,0,0,0,0,0,5,0,0,3,11,0,43,0,0,0,0,0,0,0,0,0,0,10,0,0,17,0,0,0,28,0,8,0,0,0,0,4,0,0,0,14,0,0,0,0,47,11,22,0,0,0,0,0,0,0,0,0,0,0,0,0,0,33,0,0,0,0,0,0,0,11,0,0,0,0,0,0,33,3,0,0,0,0,0,0,0,0,0,0,0,0,0,0,9,23,0,0,0,0,0,0,0,0,0,0,19,0,0,0,0,0,0,0,0,0,0,0,0,0,0,0,10,0,0,0,0,19,0,0,0,0,35,0,0,0,0,0,0,0,0,0,0,0,0,0,24,0,0,0,0,0,10,0,8,0,0,10,0,0,0,0,0,0,31,30,0,0,0,20,0,0,0,6,22,0,0,0,0,0,0,0,3,0,0,0,0,0,0,0,0,0,0
T20-3,Probiotics,Day 03,4,Larvae,190,84,0,210,84,64,86,3,92,0,47,0,71,143,354,21,0,0,304,32,261,0,0,0,0,52,0,0,8,0,89,43,129,0,0,38,72,39,37,0,0,161,0,20,0,45,0,0,23,0,0,0,163,138,0,5,0,32,0,0,0,0,0,0,0,26,26,0,20,0,9,17,0,57,0,0,0,0,14,0,0,100,0,23,0,52,8,0,0,71,23,5,0,0,0,0,0,5,0,20,8,0,12,0,0,30,20,5,22,0,40,0,0,7,0,16,0,0,12,0,0,0,0,0,23,0,0,0,12,0,0,0,0,0,0,0,0,0,52,0,23,0,0,0,0,0,19,0,0,0,75,0,0,0,0,0,0,0,0,1,0,5,0,0,0,24,0,0,0,24,6,0,0,0,8,0,0,0,28,0,0,0,0,0,23,61,0,0,0,0,3,62,0,0,0,0,29,0,0,0,0,11,0,0,0,0,0,0,0,0,24,19,44,0,0,0,0,0,0,0,0,0,7,0,0,0,0,0,0,0,0,0,0,0,36,0,0,0,0,0,0,0,0,0,0,0,0,0,11,0,0,0,0,0,43,0,0,0,51,0,0,0,8,0,0,0,0,0,0,0,0,0,0,0,0,0,3,0,25,0,0,0,0,0,0,0,0,0,0,0,0,4,0,0,0,0,0,11,0,0,0,0,0,0,0,0,0,0,0,0,0,0,0,0,0,0,0,0,0,19,0,0,0,0,0,0,0,0,0,0,0,0,0,21,0,0,0,0,0,7,0,0,0,0,0,0,0,0,0,0,0,0,0,0,2,0,0,0,0,0,0,0,0,0,0,0,0,0,0,0,0,0,0,0,0,0,0,48,0,0,0,0,0
T20-6,Probiotics,Day 06,4,Larvae,147,94,0,29,0,25,56,0,379,0,38,0,82,19,0,0,0,0,0,190,0,0,0,0,0,0,27,17,900,29,11,188,0,0,0,10,106,93,48,0,0,0,14,17,0,70,0,0,31,0,0,0,0,0,0,14,0,88,0,0,0,87,0,38,0,49,79,0,26,0,0,0,0,0,376,0,0,0,20,0,0,0,0,5,0,0,0,0,0,0,11,41,9,0,0,59,0,27,0,0,34,0,36,29,53,3,0,0,38,0,0,0,0,40,28,57,0,50,18,0,0,0,0,0,35,0,0,0,0,0,0,0,0,0,0,0,56,0,0,0,0,13,0,0,0,0,17,18,0,4,0,0,0,0,0,0,0,0,17,0,0,0,0,0,0,0,20,0,0,23,0,0,0,16,30,0,0,0,0,0,9,0,0,0,0,0,0,0,0,0,29,0,3,0,27,0,0,0,0,25,0,0,7,0,0,0,0,0,0,0,0,0,0,0,0,0,0,0,0,0,0,34,19,0,0,0,0,0,0,0,0,25,0,17,0,0,0,15,0,0,0,0,0,0,0,0,0,0,0,0,0,4,0,0,0,0,0,0,0,21,0,0,13,0,0,0,0,0,0,0,0,0,0,0,0,0,22,0,13,0,0,0,0,0,0,0,0,0,0,0,0,19,0,0,0,0,0,0,0,10,0,0,0,0,0,0,0,21,0,0,0,0,2,0,0,0,0,9,0,0,0,0,0,0,0,0,0,0,0,0,0,0,0,0,0,0,7,0,0,0,0,0,21,0,22,0,0,0,0,0,0,0,0,18,0,0,11,0,0,0,0,0,0,0,0,0,0,0,0,0,0,0,0,0,28,0,0,0,25,0,0,0,0
T20-S-1,Probiotics,Spat,4,Spat,118,62,154,0,84,101,103,113,7,62,13,44,36,5,33,38,36,69,0,18,107,21,0,59,72,58,79,27,0,4,14,0,16,18,0,14,5,0,96,72,24,18,54,31,43,50,14,13,14,0,45,44,0,53,3,18,16,3,0,0,48,0,29,22,37,0,0,14,19,33,0,72,0,53,0,47,0,13,0,26,4,33,49,0,25,0,17,19,32,0,9,0,4,14,17,0,0,0,15,22,9,22,0,0,22,0,16,0,8,12,16,0,39,0,56,0,6,0,0,0,27,12,21,9,0,0,0,0,0,25,8,6,23,7,23,25,16,0,46,0,16,0,19,0,0,0,4,0,0,17,18,18,8,0,6,20,14,31,19,5,0,0,0,11,0,0,0,0,8,0,6,4,21,0,0,5,12,5,10,25,0,0,28,0,7,0,15,0,11,3,0,16,0,13,7,30,13,9,11,0,13,0,2,0,99,0,11,0,0,7,0,0,13,0,34,35,0,0,12,0,6,14,0,0,10,13,7,11,0,0,0,0,0,8,2,0,0,6,0,0,0,0,30,2,0,3,0,10,6,0,0,0,0,0,20,23,24,0,0,0,8,6,5,0,0,7,12,9,0,4,28,4,0,0,0,0,0,0,0,0,0,16,0,13,0,0,0,0,0,0,10,0,9,0,0,0,0,6,5,0,0,0,5,0,0,6,10,29,0,0,0,0,0,0,0,0,0,0,12,0,5,8,0,0,0,0,18,2,12,19,0,0,13,0,0,0,0,0,0,5,4,0,0,0,0,17,11,0,0,8,3,0,0,0,0,0,0,7,0,2,0,13,5,0,0,0,23,0,6,0,20,0,0,13,0,0,12,0,0,0,0,1,15
T20-S-2,Probiotics,Spat,4,Spat,123,55,220,0,8,29,24,212,12,122,0,37,0,0,0,34,111,119,0,0,0,59,0,150,46,0,106,22,0,6,5,0,0,14,83,0,0,0,0,95,44,0,100,0,63,0,31,26,0,0,59,56,0,0,18,44,35,0,0,0,0,0,46,21,56,0,0,84,0,31,0,7,0,0,0,118,0,20,6,45,43,0,37,12,37,0,16,29,66,7,0,0,0,21,48,0,0,0,39,0,0,0,0,0,0,0,0,0,0,31,0,0,29,0,0,0,7,0,0,0,55,41,0,22,0,0,0,27,0,46,14,20,0,5,0,17,0,41,0,0,0,0,35,26,11,0,0,0,0,17,0,27,21,0,26,30,0,31,24,0,0,0,0,16,9,0,0,0,16,0,0,16,12,0,0,0,0,0,0,22,0,19,0,22,14,0,0,0,11,8,0,0,0,0,12,0,0,12,11,0,0,0,6,0,145,0,3,0,21,0,0,0,0,0,0,0,0,18,11,0,0,0,0,6,36,0,12,19,0,24,0,0,16,0,0,0,0,6,0,17,0,0,22,11,0,1,15,4,0,0,6,0,0,0,0,0,0,0,0,0,8,6,0,0,0,22,32,11,0,0,0,9,0,0,0,0,0,0,0,13,0,0,0,0,0,0,13,0,3,0,21,0,5,0,0,10,0,0,10,0,0,0,6,0,6,7,32,0,0,0,0,0,0,0,8,0,0,0,0,0,11,9,0,0,0,0,32,0,5,0,0,0,25,0,0,10,0,0,0,0,6,0,0,22,0,0,0,0,0,0,0,18,0,0,0,0,12,22,0,0,0,0,3,0,0,0,18,0,12,10,13,1,4,0,0,0,0,0,0,0,17,9,20
T21-1,Probiotics + HT,Day 01,4,Larvae,71,31,0,301,126,93,143,0,0,0,22,0,53,173,453,0,0,0,437,3,449,0,10,0,0,62,0,0,0,3,24,1,166,0,0,68,0,0,13,0,0,198,0,13,0,0,0,0,0,0,0,0,212,215,0,0,0,0,0,0,0,0,0,0,0,0,5,0,12,0,0,24,0,65,0,0,0,0,0,0,0,127,0,44,0,20,8,0,0,90,6,1,0,0,0,3,0,0,0,17,4,0,0,0,0,0,11,1,0,0,32,0,0,0,0,0,0,0,0,0,0,0,4,0,0,0,0,0,0,1,0,0,0,0,0,0,0,0,30,0,36,0,0,0,0,0,3,0,0,0,124,0,0,0,0,0,0,0,0,10,0,0,0,0,0,0,0,0,0,1,0,0,0,0,0,0,0,0,58,0,15,0,0,0,26,40,0,0,0,0,0,43,0,0,0,18,32,0,0,0,0,0,0,0,0,0,0,0,0,0,14,18,70,0,0,0,0,0,0,0,0,0,0,0,0,0,0,0,0,0,0,0,0,0,24,0,8,0,0,0,0,0,0,0,0,0,0,0,0,0,0,0,5,0,47,0,12,0,79,0,0,0,0,0,11,0,0,0,5,0,0,0,0,0,0,0,0,0,0,0,0,0,0,0,0,0,0,0,0,0,0,0,0,0,22,0,0,23,0,0,0,0,0,0,0,0,0,0,0,0,0,7,0,0,0,0,0,0,0,28,0,0,0,0,0,0,0,0,0,0,0,0,0,0,0,0,0,0,0,7,0,0,0,0,0,0,0,0,0,0,0,0,0,0,0,0,0,0,0,0,0,0,0,0,0,0,0,0,0,0,0,0,0,0,0,0,0,29,0,0,0,0,0
T21-15,Probiotics + HT,Day 15,4,Larvae,929,435,0,15,33,32,142,32,38,0,50,0,0,0,0,103,0,0,38,55,0,0,0,0,0,20,0,59,0,72,26,27,20,0,0,19,51,35,24,0,0,0,0,42,0,22,0,0,27,0,0,0,19,0,25,25,0,18,41,0,0,27,0,0,0,40,33,0,48,0,19,0,504,13,0,0,57,0,17,0,0,0,0,16,0,0,0,0,0,0,31,16,74,40,0,18,0,24,0,0,13,0,25,0,0,0,0,29,0,0,0,0,0,18,0,12,0,0,29,12,0,3,67,0,8,0,0,0,0,0,0,4,0,7,0,0,42,0,0,30,0,15,0,39,22,0,19,12,0,3,0,0,9,0,0,0,0,0,0,0,19,235,16,0,0,0,0,0,0,24,21,0,0,0,10,51,0,0,0,0,0,0,0,0,13,0,0,0,0,0,36,0,0,0,6,0,0,0,0,2,0,0,0,0,0,0,0,0,0,0,0,0,0,13,0,0,18,0,0,0,0,0,0,0,0,0,4,0,0,0,0,13,0,0,0,0,0,0,0,0,0,0,0,0,0,0,0,0,0,0,0,0,0,19,0,0,0,0,0,0,0,0,0,0,0,0,0,0,17,2,0,0,0,0,5,0,0,0,0,0,0,0,0,0,0,0,0,0,0,0,0,7,0,0,0,0,39,0,0,0,0,0,0,0,0,0,0,0,0,11,51,0,16,0,0,18,0,0,0,0,0,0,17,0,18,13,0,0,0,0,0,0,0,0,0,0,0,0,0,0,0,21,7,0,0,0,0,0,0,4,0,0,0,5,7,9,0,0,0,0,0,0,0,15,0,0,0,0,0,0,0,0,0,9,0,0,0,0,0,0,0,0,0
T21-3,Probiotics + HT,Day 03,4,Larvae,846,481,0,134,47,181,148,17,74,0,163,0,177,65,62,97,0,0,120,11,48,0,46,0,0,0,0,0,0,0,252,25,0,0,0,36,21,32,38,0,0,0,0,62,0,39,0,0,37,0,0,0,48,0,0,63,0,10,0,0,0,0,0,0,0,20,8,0,0,0,81,0,0,0,0,0,0,0,54,0,0,16,0,0,0,131,0,0,0,0,13,0,0,0,0,0,0,11,0,0,0,0,0,0,0,92,0,0,14,0,0,0,0,0,0,0,0,0,35,0,0,10,0,0,16,0,0,0,0,0,0,0,0,0,0,0,0,11,0,0,45,0,0,0,0,53,0,0,81,0,0,0,0,0,0,0,0,0,0,0,0,0,0,0,0,21,0,0,0,0,9,0,0,22,8,0,0,0,0,0,0,0,0,0,0,0,0,0,0,0,0,0,30,0,0,0,39,0,7,0,0,0,0,0,0,0,0,0,0,0,0,26,48,0,0,0,0,0,0,10,0,0,0,0,0,0,0,0,0,0,0,0,0,0,17,0,0,0,0,0,49,0,0,0,0,0,0,0,0,0,0,0,0,0,0,0,0,0,0,0,7,0,0,0,0,0,0,0,0,0,0,0,0,0,13,0,0,0,0,0,26,0,0,0,42,0,0,0,0,0,0,0,0,0,71,0,0,0,0,0,0,0,0,0,0,0,0,0,0,0,0,0,0,18,0,0,0,0,0,0,0,0,0,0,0,0,0,0,0,0,0,0,0,0,0,0,31,0,25,0,6,0,0,0,0,0,0,0,0,0,0,0,0,0,0,0,0,0,7,0,0,0,0,0,0,0,0,0,0,0,0,0,13,0,0,0,0,28,16,0,0,0,0
T21-6,Probiotics + HT,Day 06,4,Larvae,448,182,0,48,0,88,65,15,362,0,35,0,213,29,0,17,0,0,62,172,0,0,0,5,0,1,43,44,9,97,0,185,2,0,0,0,124,42,0,0,0,0,6,18,0,97,0,0,45,0,0,0,22,0,20,35,0,101,0,0,7,96,0,0,23,53,70,0,16,0,13,0,0,0,0,0,0,0,50,0,0,0,0,12,0,0,0,0,0,0,14,34,6,0,0,72,0,12,0,0,37,0,74,80,70,14,12,0,61,0,0,0,0,48,0,16,0,48,0,14,0,0,0,0,0,0,0,0,0,0,11,0,0,10,0,0,31,0,0,28,0,11,0,3,12,13,31,41,0,0,0,0,0,15,0,0,0,0,0,0,0,0,0,0,0,0,20,4,0,32,9,0,0,18,13,0,0,0,0,0,8,0,17,0,13,0,0,0,0,0,29,0,24,0,37,0,6,0,0,18,0,15,0,0,0,45,0,0,0,0,0,0,0,20,0,0,22,0,0,0,0,23,10,0,0,0,0,0,0,7,0,34,0,25,0,0,18,5,0,0,0,0,0,0,0,0,0,0,0,0,0,0,0,23,0,0,0,0,15,27,0,0,30,0,0,0,0,0,23,0,0,0,0,0,9,0,22,0,21,0,0,0,0,0,0,0,0,0,0,0,0,24,0,0,0,0,0,0,0,6,0,9,0,0,0,0,0,11,0,0,0,0,0,0,0,0,0,0,0,0,0,0,0,0,0,0,0,0,0,0,0,0,0,0,0,0,0,0,0,0,0,0,10,0,0,0,0,0,0,0,0,0,0,30,11,0,0,0,25,0,0,0,0,29,22,0,0,0,10,0,0,0,0,2,27,12,0,0,0,0,0,0,0
T21-S-1,Probiotics + HT,Spat,4,Spat,178,84,131,6,22,17,59,202,15,78,0,94,0,0,0,23,19,20,0,0,0,46,0,130,124,0,64,31,0,36,0,0,16,37,284,7,0,0,0,126,0,0,35,17,41,11,24,70,0,0,33,68,0,0,24,0,79,0,0,0,0,0,25,38,57,0,3,6,0,68,0,8,0,0,0,26,0,49,19,38,149,0,52,10,113,0,36,27,12,0,0,0,8,10,19,0,0,0,0,0,0,37,0,0,0,0,0,0,0,16,0,0,12,3,0,0,19,0,0,0,0,22,0,53,0,0,0,16,13,0,35,49,15,16,9,51,0,24,0,0,0,0,0,0,0,14,0,0,0,9,0,23,21,0,30,11,18,39,16,0,0,0,0,31,0,0,0,0,13,0,0,20,24,0,0,0,24,37,0,14,0,6,0,56,13,0,0,18,16,0,0,0,0,0,18,0,0,21,0,0,18,0,0,57,0,0,0,27,0,27,0,0,0,0,0,0,0,19,0,0,31,0,0,0,0,31,15,0,0,14,17,0,0,0,0,0,0,0,0,13,0,0,14,23,0,5,0,19,21,0,7,0,0,0,0,0,0,0,0,0,15,0,0,0,0,0,0,9,0,13,0,3,7,0,0,0,0,0,0,23,1,0,0,0,0,0,0,0,16,8,1,0,0,21,0,25,0,0,28,0,0,0,0,24,0,6,0,0,14,0,0,0,0,0,17,0,0,0,0,0,11,0,0,0,0,0,0,18,17,0,5,0,0,0,0,13,0,0,0,0,4,0,0,0,0,0,5,0,19,0,0,0,0,0,11,0,8,19,0,0,0,0,7,0,0,0,0,0,0,0,14,0,0,0,0,0,0,0,0,0,14,0,0
T21-S-2,Probiotics + HT,Spat,4,Spat,213,122,38,0,10,0,58,99,5,31,6,820,0,0,0,31,8,40,0,0,15,44,0,54,85,0,59,13,0,32,0,0,11,434,17,15,0,0,23,90,0,0,33,13,38,0,33,39,0,0,74,82,0,0,12,0,58,18,0,0,13,0,29,31,29,0,0,0,0,36,0,0,0,0,0,62,14,0,11,28,11,0,24,16,77,0,29,20,12,0,0,0,4,10,27,0,0,0,0,0,0,30,0,0,0,0,0,0,0,16,0,0,18,0,0,0,26,0,0,0,0,12,0,36,0,0,0,0,0,13,34,51,33,11,11,41,0,32,0,0,0,0,22,0,0,11,0,0,0,0,0,0,26,0,10,32,23,45,25,0,0,0,0,30,0,13,0,6,7,0,0,7,36,0,0,0,0,0,0,23,0,6,0,20,9,33,0,0,0,0,0,0,0,0,7,0,0,11,2,0,14,0,20,54,0,0,2,13,12,41,0,0,0,0,0,0,0,23,0,0,13,0,0,0,2,24,0,9,0,22,20,2,0,0,0,0,0,7,0,13,0,0,0,37,0,0,0,31,21,0,7,0,0,0,0,0,0,0,0,0,16,0,0,0,0,10,0,3,0,7,0,0,14,0,0,0,0,0,0,25,0,0,0,0,0,0,3,0,0,11,0,0,0,0,0,28,0,0,0,0,0,0,0,0,0,9,0,0,0,0,0,0,0,0,18,0,9,0,0,0,10,0,0,0,0,0,0,4,0,8,9,0,0,0,0,16,0,0,0,0,0,0,0,0,0,0,16,0,6,3,7,0,0,0,0,0,4,0,0,2,0,0,0,0,0,0,0,0,0,0,0,0,0,0,0,0,0,0,0,0,0,0,11
T3-1,Probiotics + HT,Day 01,1,Larvae,46,19,0,1331,95,112,38,33,25,0,106,0,153,654,248,0,0,0,47,27,20,0,184,14,0,52,35,23,0,8,9,6,103,0,0,86,15,0,29,0,0,135,0,6,0,0,0,0,13,0,0,0,23,24,0,0,0,8,0,0,9,0,4,13,0,12,0,0,0,0,8,33,18,22,0,0,0,0,8,0,0,14,0,36,0,0,0,0,0,41,8,11,0,0,0,0,0,0,0,4,5,0,0,0,17,0,8,0,2,0,39,0,0,0,0,0,0,0,2,0,0,0,0,0,0,14,0,0,28,0,0,0,0,0,0,0,0,0,0,0,56,3,0,26,0,0,3,0,0,0,0,0,0,0,0,0,0,0,0,10,5,0,0,0,0,0,0,0,0,13,8,0,0,0,0,0,0,0,0,0,40,0,32,0,14,0,0,0,0,0,3,23,10,0,0,0,14,0,0,0,0,0,17,0,0,0,0,0,0,0,31,0,0,0,19,21,0,0,0,0,0,0,10,0,0,0,0,0,0,0,0,0,0,0,16,0,0,0,0,0,0,0,0,0,0,1,0,0,2,0,0,0,0,0,0,8,0,14,0,0,0,0,0,0,0,0,0,0,0,0,29,0,0,0,10,13,0,0,0,0,0,18,0,0,0,0,0,0,0,0,0,0,0,0,0,0,0,8,0,0,0,0,0,0,0,0,0,0,0,0,0,0,0,0,0,0,4,0,5,0,0,0,0,0,5,0,0,0,0,0,0,0,0,15,0,0,0,0,0,0,0,0,0,0,0,0,0,12,0,0,0,28,19,0,0,0,0,0,0,9,0,0,0,0,0,0,0,0,0,0,0,0,0,0,0,0,3,0,0,0,0,0,0
T3-15,Probiotics + HT,Day 15,1,Larvae,1285,703,0,0,88,137,132,7,12,0,29,0,52,15,0,110,0,0,48,56,0,0,0,0,0,51,0,79,0,48,0,0,0,0,0,42,46,40,22,15,0,0,0,39,0,25,0,0,24,0,0,0,26,0,33,35,0,0,61,0,0,23,0,0,0,32,44,0,57,0,31,0,0,36,0,0,67,0,22,0,0,0,0,11,0,0,0,0,0,0,21,24,50,48,0,12,0,24,0,0,25,0,19,0,0,0,0,42,8,0,0,0,0,17,0,16,0,0,30,20,0,0,31,0,13,0,0,0,0,0,0,0,0,21,0,0,21,0,0,0,0,10,0,0,19,0,17,17,0,0,0,0,5,0,0,0,0,0,0,35,23,0,4,0,0,14,10,0,0,0,0,0,0,0,6,21,0,0,0,0,0,0,14,0,0,0,0,0,0,0,9,0,0,0,0,0,0,0,0,0,4,131,0,0,0,18,0,6,0,0,0,0,7,0,0,0,18,0,0,0,0,0,14,0,0,0,0,6,0,0,0,7,0,0,0,31,0,0,0,0,0,0,0,0,0,0,0,0,0,0,0,18,0,0,0,0,0,0,0,0,0,0,0,0,0,0,0,0,0,0,0,0,0,0,0,0,0,0,0,0,0,0,0,0,0,0,0,0,0,0,0,7,0,0,0,0,24,0,0,70,0,0,0,0,0,0,0,0,0,0,0,0,0,0,0,12,0,0,0,0,0,0,22,0,6,16,0,0,0,0,0,0,0,0,0,3,0,0,0,0,0,0,0,0,0,0,0,0,0,0,0,0,0,0,5,0,0,0,0,0,0,0,0,6,0,0,0,0,0,0,0,0,0,0,0,0,0,0,0,0,0,0,0
T3-3,Probiotics + HT,Day 03,1,Larvae,1856,963,0,96,46,287,69,12,18,0,130,0,48,51,17,0,0,0,10,6,0,0,0,0,0,18,0,0,0,0,57,0,0,0,0,21,0,24,6,0,0,0,0,27,0,21,0,0,17,0,0,0,5,0,15,14,0,2,0,0,10,0,0,31,0,6,0,0,0,19,41,0,0,0,0,0,0,28,16,0,0,0,0,16,0,33,0,0,0,0,0,0,4,11,0,0,0,11,0,0,0,0,0,0,0,35,0,9,0,0,10,0,0,0,0,0,0,0,22,18,0,6,0,0,0,40,0,0,30,0,0,0,0,0,0,0,8,0,0,0,0,0,0,10,28,20,0,0,27,0,0,0,0,0,0,0,0,0,0,4,11,0,0,0,0,0,0,0,8,0,0,0,0,14,0,0,0,0,0,0,0,0,0,0,0,0,0,0,0,0,0,0,0,18,6,0,0,0,0,0,0,0,8,0,0,0,0,0,5,0,13,10,5,0,0,0,0,0,0,0,0,0,0,0,0,0,0,0,0,0,0,0,0,0,0,0,0,0,0,0,19,0,0,0,0,0,0,0,0,0,0,0,14,0,0,0,0,0,0,0,0,0,0,0,0,0,19,0,7,0,0,0,0,0,2,0,0,0,0,0,10,0,0,0,11,0,0,10,0,0,0,0,0,0,0,0,0,0,0,0,0,0,0,0,26,0,0,0,0,0,0,0,0,18,0,7,0,5,0,8,0,0,0,0,0,0,0,0,0,0,0,0,0,2,0,0,0,0,10,17,0,0,0,0,0,0,0,0,0,0,0,0,0,0,0,0,0,0,0,0,0,0,0,0,0,19,0,0,0,0,0,0,2,0,0,0,0,0,16,11,0,0,0
T3-6,Probiotics + HT,Day 06,1,Larvae,932,527,0,39,178,59,50,9,108,0,95,0,91,0,0,0,0,0,109,79,0,0,0,0,0,103,0,0,38,113,182,79,108,0,0,22,54,38,0,0,0,0,0,25,0,49,0,0,33,0,0,0,49,0,13,23,0,51,0,0,47,30,1,37,0,3,0,0,21,0,43,0,0,17,20,0,0,0,27,0,0,0,0,38,0,112,0,0,0,42,0,25,5,0,0,0,0,66,0,0,0,0,38,30,0,10,0,16,32,0,0,0,0,33,0,0,0,37,14,14,0,0,0,0,23,0,0,0,21,0,0,0,0,0,0,0,40,0,0,0,0,0,0,0,16,0,0,13,0,0,0,0,0,28,0,0,0,0,0,0,1,0,0,0,0,0,0,0,0,0,7,0,0,0,12,0,0,0,0,0,0,0,0,0,0,0,0,0,0,0,4,0,4,0,0,0,0,0,0,28,0,0,2,0,0,24,0,0,0,0,0,0,0,16,0,0,11,0,0,0,0,22,0,0,0,0,0,0,0,0,0,12,0,14,0,11,0,0,0,0,0,0,0,0,0,0,0,0,0,0,0,0,0,0,0,0,0,0,0,0,0,0,5,0,0,0,0,0,28,0,0,3,0,0,0,0,3,0,14,0,0,0,24,0,0,0,0,0,0,0,0,22,0,0,0,0,0,0,0,0,0,0,0,0,0,0,0,0,0,27,0,0,0,15,0,12,0,0,0,0,0,0,0,0,0,0,0,0,0,0,0,0,0,0,0,0,0,0,0,0,0,118,0,0,13,7,0,0,0,2,0,0,0,0,1,0,0,0,0,0,0,0,6,0,0,0,0,0,0,0,0,0,0,7,0,0,0,0,30,0,0,0,0
T3-S-1,Probiotics + HT,Spat,1,Spat,117,53,327,0,0,0,68,150,10,156,0,116,0,0,0,19,215,136,3,0,0,80,0,78,102,3,97,34,0,16,10,6,19,61,0,2,0,0,21,53,98,0,74,7,53,6,39,30,0,264,41,31,0,0,38,5,45,3,10,0,0,0,40,14,57,0,0,17,0,36,0,0,0,0,0,6,6,11,10,36,2,0,41,9,15,0,68,50,16,0,0,0,4,9,20,0,0,0,12,0,0,62,0,0,0,0,0,4,0,17,0,110,5,0,13,0,36,0,0,0,10,12,0,28,0,0,0,16,5,29,25,36,28,22,25,20,0,13,0,0,0,0,0,0,0,0,0,0,0,13,0,17,26,0,4,10,15,0,8,0,0,0,0,25,0,0,0,0,6,0,0,0,22,0,0,0,11,21,0,9,3,2,0,5,5,0,19,20,16,38,0,0,7,13,0,0,0,51,0,0,9,0,0,0,0,0,10,11,9,0,0,0,0,0,0,0,0,15,3,0,15,0,0,7,9,3,11,8,0,8,20,0,15,0,0,0,0,13,0,4,0,7,19,5,10,6,8,8,10,0,11,0,0,0,0,22,0,0,0,0,4,14,0,0,0,15,7,0,0,15,0,5,0,10,0,0,0,2,0,3,0,0,0,14,0,0,0,0,9,7,7,0,10,6,0,7,0,0,8,0,3,0,6,0,0,4,0,0,15,0,0,0,0,0,5,9,0,0,0,4,0,4,0,40,4,0,0,21,0,0,0,0,2,0,16,5,0,0,0,0,0,0,0,0,0,0,0,0,4,7,6,0,0,0,0,0,4,0,0,1,0,9,4,0,0,0,0,0,0,0,0,3,0,0,0,0,0,0,0,0,4,2,2
T3-S-2,Probiotics + HT,Spat,1,Spat,100,54,349,0,22,9,81,76,1,181,0,264,0,9,3,23,174,25,0,0,5,127,0,26,98,0,65,46,0,0,0,0,6,140,0,0,0,0,17,41,91,0,47,0,46,0,61,22,0,492,19,14,0,1,43,0,20,0,7,0,0,0,83,42,30,0,0,5,10,47,0,23,0,2,0,5,0,15,3,13,0,6,34,7,15,0,43,22,25,0,0,0,6,3,12,0,0,0,13,0,2,34,0,0,0,0,0,12,0,22,0,297,6,0,0,0,12,0,0,0,0,18,0,19,0,0,0,7,0,39,36,11,0,22,22,15,0,37,0,0,0,0,4,0,0,0,0,0,0,14,0,26,12,0,15,8,26,18,17,0,0,0,1,23,79,0,0,0,6,0,0,6,7,0,0,0,8,28,0,23,5,5,0,0,2,0,3,28,9,14,0,0,4,0,13,0,0,24,4,0,0,0,0,0,0,0,13,10,0,8,0,0,0,0,0,0,0,11,0,0,0,0,0,14,0,5,21,0,0,15,12,0,0,0,0,0,0,9,0,9,0,0,6,10,0,3,0,1,7,0,0,0,0,0,4,4,0,0,0,0,10,9,1,0,0,0,0,0,0,22,0,0,0,10,0,0,0,2,0,4,0,0,0,0,0,0,0,0,4,8,0,0,0,10,0,7,0,0,3,0,0,0,7,0,0,0,0,0,0,0,0,0,0,0,0,0,0,0,0,0,12,0,0,35,0,0,0,3,0,0,0,0,0,0,4,3,0,0,0,0,0,0,0,0,0,0,0,0,0,9,5,0,0,0,0,0,3,4,0,0,0,0,6,0,0,0,0,0,0,0,0,5,0,0,0,0,0,0,0,0,0,0,0
T7-1,Control,Day 01,2,Larvae,75,0,0,77,467,88,78,29,32,0,0,0,168,0,86,0,0,0,0,78,130,0,162,0,0,181,53,0,0,0,66,0,0,0,0,32,30,68,93,0,0,58,0,0,0,0,0,0,0,0,0,0,0,48,0,0,0,22,0,0,0,0,0,0,0,95,16,0,148,0,0,84,0,205,0,0,0,0,0,0,0,81,0,18,0,0,0,0,0,0,22,0,0,0,0,0,0,0,37,114,69,0,0,0,0,0,189,0,0,0,0,0,0,29,0,0,0,0,0,0,0,0,0,0,0,0,0,0,60,0,0,0,0,0,0,0,0,0,104,0,0,20,0,0,0,0,0,0,0,0,0,0,0,98,10,0,0,0,0,0,0,0,0,0,0,0,29,90,0,0,21,0,0,0,23,0,0,0,0,0,67,0,24,0,0,0,0,0,0,0,37,0,0,0,0,67,0,0,0,0,28,0,0,0,0,0,0,0,0,0,0,0,0,0,0,0,0,0,0,0,0,0,0,0,0,0,0,0,0,0,0,22,0,0,0,0,41,0,125,0,15,0,0,0,0,0,0,0,0,68,0,0,0,0,0,0,0,0,0,0,0,0,0,0,53,0,0,0,0,0,0,0,100,0,19,32,0,0,0,0,0,0,0,0,0,0,0,0,0,0,0,0,0,0,0,0,0,0,0,0,0,0,0,0,0,0,0,0,0,0,14,0,0,0,0,44,65,0,0,0,0,0,0,0,0,0,0,0,0,0,0,0,0,0,0,0,0,39,0,0,0,0,0,0,0,0,0,62,0,0,0,0,0,0,0,0,0,0,0,0,13,0,0,0,29,0,0,0,0,0,0,0,0,0,0,0,13,0,0,0,0,0,0
T7-15,Control,Day 15,2,Larvae,1022,525,0,5,46,40,87,44,16,0,75,0,99,0,0,219,0,0,63,48,0,0,0,27,0,27,0,130,0,56,0,9,0,0,0,47,43,35,19,0,0,0,0,49,0,23,0,0,86,0,0,0,25,0,23,76,0,5,100,0,0,27,0,0,0,38,26,0,36,0,26,0,33,0,0,0,94,0,27,0,0,0,0,8,0,0,0,0,0,0,33,20,48,17,0,2,23,43,0,0,27,0,20,0,20,0,0,39,17,5,29,0,0,13,0,0,0,0,24,33,0,7,80,0,0,0,0,0,0,0,0,10,1,14,0,0,0,0,0,23,10,13,0,38,26,0,14,17,0,0,0,0,0,0,0,0,0,0,0,17,21,16,28,0,0,0,0,0,9,12,11,0,0,51,10,27,0,0,0,0,0,0,0,0,11,17,0,0,0,0,12,0,23,0,0,0,0,0,10,5,0,0,0,0,0,0,0,13,0,0,0,9,0,0,0,0,8,0,0,42,0,0,2,0,0,0,7,4,0,0,0,0,0,0,0,22,0,0,4,0,0,0,0,0,0,6,0,0,0,0,0,23,0,12,0,0,0,0,0,0,0,0,3,11,0,0,0,0,17,0,0,0,0,0,0,0,0,0,0,0,0,0,27,0,0,0,0,0,0,1,0,0,0,0,0,0,15,0,0,0,5,0,0,0,0,0,0,0,0,0,0,0,5,0,0,0,0,0,0,0,0,0,0,0,14,0,0,0,0,0,0,9,0,0,0,0,13,0,0,0,8,0,2,0,6,0,0,0,0,0,0,0,0,0,6,0,0,0,0,0,0,0,0,6,21,0,0,0,0,0,0,0,0,0,0,0,0,0,9,0,0,0,0
T7-3,Control,Day 03,2,Larvae,728,352,0,113,29,106,100,31,97,0,450,0,73,57,42,53,0,0,0,25,45,0,134,12,0,16,0,17,0,0,97,47,0,0,0,26,29,31,16,0,0,24,0,58,0,38,0,0,37,0,0,0,0,12,5,21,22,5,34,0,6,0,3,32,0,22,16,0,0,28,66,19,4,0,0,0,0,34,32,0,0,18,0,0,0,41,0,0,0,0,0,16,2,7,0,13,0,0,0,5,0,0,3,0,10,69,0,11,10,0,10,0,0,10,0,17,0,0,11,19,0,0,52,0,21,36,0,0,42,0,0,0,7,17,0,0,0,0,0,0,0,17,0,22,26,76,4,13,44,0,0,0,0,0,0,0,0,0,0,0,0,0,4,0,0,13,16,0,0,11,3,12,0,0,2,0,0,0,0,0,0,0,18,0,0,27,0,0,0,0,0,0,5,16,0,0,1,0,0,0,0,0,7,0,0,5,0,0,0,0,14,12,0,0,0,0,9,0,0,17,0,0,0,0,0,0,0,0,0,0,1,0,0,5,0,0,6,0,8,0,38,0,0,0,0,0,0,0,3,0,0,0,22,0,0,10,0,25,0,0,0,8,5,0,0,0,0,0,0,0,0,0,0,0,11,0,7,0,0,0,25,0,0,0,10,0,0,34,0,0,0,0,0,0,31,0,0,0,0,0,20,11,0,11,33,0,0,0,0,5,0,9,0,14,0,0,3,17,0,0,0,0,0,0,0,0,0,0,0,0,0,13,0,11,0,0,24,0,30,8,0,0,3,0,0,0,0,17,0,0,0,6,26,0,0,20,0,0,0,1,3,0,0,0,0,0,0,5,0,0,0,0,11,0,0,0,0,0,10,15,0,0,0
T7-6,Control,Day 06,2,Larvae,245,112,0,52,31,41,12,0,298,0,89,0,19,0,0,14,0,0,19,309,0,0,0,0,0,9,0,7,221,31,19,156,10,0,0,0,179,108,19,0,0,5,0,16,0,85,0,0,11,0,0,0,0,0,5,0,4,111,0,0,15,159,3,0,0,29,75,0,21,0,21,0,0,0,106,0,0,28,15,0,0,0,0,13,0,0,0,0,0,0,25,52,25,0,0,82,0,39,0,0,13,0,45,118,75,12,0,0,62,0,0,0,0,54,14,45,0,83,6,17,0,0,0,0,59,3,0,0,0,0,0,0,0,0,0,0,45,0,0,0,0,51,0,0,0,0,37,32,0,0,0,0,0,10,0,0,0,0,0,0,11,0,0,0,0,0,16,7,0,33,33,0,0,0,27,3,0,0,0,0,15,0,0,0,0,0,0,0,0,0,30,0,0,0,0,0,6,0,0,43,0,10,14,0,0,67,0,0,14,0,7,0,0,22,0,0,6,0,0,0,0,46,34,0,0,0,0,6,0,0,0,23,0,34,0,4,0,0,0,0,0,0,0,0,0,0,0,0,0,0,0,0,0,24,0,0,0,7,0,39,0,0,24,8,0,0,0,0,0,0,0,0,0,0,0,0,17,0,34,0,0,0,0,0,0,0,0,8,0,0,0,31,0,0,0,0,0,0,0,0,0,25,0,0,0,0,0,0,0,10,0,11,13,0,0,0,0,8,0,0,0,0,0,0,0,0,0,0,0,0,0,14,0,0,0,0,0,0,0,0,0,0,9,0,8,0,0,0,0,0,0,0,0,26,0,0,0,0,31,0,0,0,0,0,0,0,0,0,0,0,0,0,0,8,42,26,0,0,0,0,0,0,0
T7-S-1,Control,Spat,2,Spat,107,50,448,9,0,18,13,163,12,211,0,35,0,0,0,25,46,107,0,0,0,137,0,78,132,0,57,6,0,0,0,5,14,18,205,11,0,0,0,77,31,0,36,12,74,0,77,27,0,0,53,45,0,0,14,16,51,0,13,35,0,0,45,32,41,0,0,31,0,25,0,0,0,0,0,52,0,32,2,32,72,0,18,2,31,0,12,39,37,10,0,0,6,6,21,0,0,0,5,0,0,12,0,0,0,0,0,9,0,40,5,0,18,0,0,0,12,0,0,0,33,21,7,26,5,0,24,53,0,20,19,8,23,2,10,11,0,15,0,0,0,0,29,0,0,5,0,0,0,12,0,17,14,0,42,19,25,7,11,0,0,0,0,11,73,0,0,0,5,0,0,16,20,0,0,0,23,16,0,0,0,21,0,18,8,3,16,0,9,19,0,0,7,14,7,0,0,8,34,0,2,0,0,12,0,0,5,4,14,16,0,0,0,0,0,0,0,13,17,0,6,0,0,23,10,10,14,0,0,10,22,0,31,0,0,0,4,22,0,6,0,14,0,14,20,11,0,13,12,0,9,0,0,0,0,0,0,0,0,0,15,0,0,0,0,4,0,0,0,7,0,9,0,11,0,6,0,17,0,23,0,0,0,25,0,0,7,0,9,20,9,0,0,26,0,9,0,7,4,0,0,0,1,8,0,10,0,0,15,0,0,0,0,0,0,0,0,0,0,0,11,9,2,0,0,0,0,0,12,9,10,0,0,0,4,12,0,0,0,0,7,0,0,15,0,11,5,0,7,0,7,0,0,0,0,0,5,0,0,0,8,0,2,0,0,7,2,0,5,8,0,9,0,0,0,0,0,0,0,0,4,5,7
T7-S-2,Control,Spat,2,Spat,213,0,281,0,57,0,65,156,0,103,0,180,0,0,0,0,72,106,0,0,0,89,0,48,89,0,0,0,0,12,0,0,0,102,100,0,3,0,0,117,61,0,60,19,33,0,0,98,0,0,64,49,0,0,0,0,91,0,0,70,0,0,106,80,0,0,0,22,0,0,0,35,0,0,0,0,0,110,0,118,0,0,61,0,28,0,0,59,68,0,0,0,0,26,33,0,0,0,100,0,0,27,0,0,0,0,0,0,0,37,0,0,62,0,0,0,32,0,0,0,49,19,0,0,0,0,0,28,0,0,36,39,21,0,0,44,0,0,0,0,0,0,0,0,0,0,0,0,0,32,0,45,78,0,32,0,30,0,22,0,0,0,0,0,0,0,0,0,26,0,0,34,0,0,0,0,30,0,0,0,0,54,39,0,0,0,64,0,27,13,0,0,0,0,0,0,0,0,43,0,0,0,0,14,0,0,30,0,0,31,0,0,0,0,0,0,0,7,0,0,0,0,0,0,0,15,0,0,0,0,0,0,0,0,0,0,0,0,0,19,0,0,0,0,80,6,0,0,11,0,23,0,0,0,0,0,0,0,0,0,0,0,4,0,0,0,0,15,0,0,0,37,0,0,0,0,0,0,0,0,0,0,0,0,0,0,23,0,0,18,0,0,0,37,0,0,0,0,0,0,0,0,44,0,0,0,0,0,0,0,0,0,0,0,0,0,0,0,0,0,0,0,0,0,0,0,0,16,0,0,0,0,0,0,0,8,0,0,0,0,0,0,0,0,0,0,0,0,5,0,0,0,0,0,0,0,15,0,0,0,0,0,0,0,0,0,0,0,0,47,0,0,8,0,0,0,0,0,0,0,0,0,0
T8-1,Probiotics,Day 01,2,Larvae,55,33,0,750,181,74,61,30,0,0,38,0,108,384,215,0,0,0,9,24,79,0,368,0,0,95,0,15,0,0,44,0,91,0,0,34,0,20,46,0,0,87,0,10,0,0,0,0,29,0,0,0,0,42,0,4,0,0,0,0,0,0,4,21,0,9,13,0,92,0,0,0,0,69,0,0,0,0,0,0,0,28,0,0,0,24,0,0,0,0,0,0,0,0,0,0,0,0,0,137,15,0,7,0,0,0,86,9,0,0,0,0,0,0,0,0,0,9,0,0,0,0,0,0,0,24,0,0,79,0,0,0,26,0,0,0,0,0,55,0,0,0,0,19,0,0,0,0,0,0,0,0,0,54,11,0,0,0,0,33,0,0,0,0,0,27,16,84,0,0,0,0,0,0,0,15,0,0,0,0,0,0,0,0,0,0,0,0,0,0,0,0,0,0,0,10,0,0,0,0,33,0,0,0,0,0,0,11,0,0,35,0,0,0,39,19,0,0,0,0,0,0,0,0,0,0,0,5,0,0,0,0,0,0,35,0,0,0,23,0,0,0,0,0,0,0,0,0,0,56,0,0,0,0,0,5,0,30,0,0,0,0,0,0,74,0,23,0,0,0,0,0,26,0,29,28,0,0,0,0,15,0,0,0,0,30,0,0,0,0,0,0,0,0,0,0,0,0,0,0,0,0,0,0,0,0,0,0,0,0,0,0,41,0,0,0,0,0,17,65,0,0,0,0,0,0,0,0,0,0,0,0,0,0,0,0,6,30,0,16,0,0,0,0,0,0,0,0,0,0,0,0,0,0,6,0,0,0,14,29,0,0,0,0,0,0,0,0,0,0,0,0,0,0,0,0,18,0,0,0,0,0,0
T8-15,Probiotics,Day 15,2,Larvae,760,423,0,0,26,44,78,24,40,0,54,0,116,0,0,194,0,0,34,89,0,0,0,0,0,0,0,76,0,58,0,0,34,0,0,32,80,96,26,0,0,0,0,41,0,66,0,0,51,0,0,0,0,0,12,55,0,24,73,0,0,27,0,0,0,40,45,0,33,0,35,0,24,16,0,0,62,0,28,0,0,0,0,23,0,0,0,0,0,0,37,26,48,14,0,19,34,13,0,0,55,0,38,0,0,0,0,53,0,0,0,0,0,14,0,0,0,0,71,50,0,7,63,0,0,0,0,0,0,0,0,0,0,0,0,0,31,0,0,51,0,13,0,32,0,0,27,37,0,0,0,0,0,0,0,0,0,0,0,15,25,0,18,0,0,0,24,0,9,23,25,0,0,0,16,55,0,0,0,0,0,0,0,0,13,0,0,0,0,0,28,0,12,0,0,0,0,0,0,20,0,0,0,0,0,0,0,0,0,0,0,0,0,0,0,0,28,0,0,20,0,0,12,0,0,0,0,0,482,0,0,13,0,0,0,22,0,0,0,0,0,0,0,0,0,0,0,0,0,0,0,0,0,0,0,0,0,0,0,0,0,0,4,0,0,0,0,0,0,0,0,0,0,0,0,0,0,0,0,0,0,0,25,0,0,0,0,0,0,0,0,0,0,0,0,0,28,0,0,0,0,0,0,0,0,0,0,0,0,0,14,0,1,0,0,0,0,0,0,0,0,0,0,0,8,14,0,0,0,0,0,0,0,0,0,0,0,0,0,0,0,0,0,0,13,0,0,0,0,0,0,0,0,12,5,0,0,0,0,0,0,0,0,4,0,0,0,0,0,0,0,0,0,0,0,0,0,0,0,0,0,0,0
T8-3,Probiotics,Day 03,2,Larvae,583,363,0,200,58,134,101,0,285,0,213,0,82,87,21,76,0,0,0,50,30,0,91,0,0,24,54,0,8,0,69,148,0,0,0,66,41,59,0,14,0,0,0,0,0,79,0,0,12,0,0,0,4,26,159,0,34,0,0,0,0,0,0,0,0,18,30,0,0,0,50,0,11,0,0,0,0,0,0,0,0,0,0,18,0,43,0,0,0,28,7,11,0,0,0,0,0,13,0,0,0,0,0,0,35,82,0,0,0,0,0,0,0,6,14,25,0,0,0,35,0,0,37,0,17,109,0,0,0,0,0,0,0,0,0,0,0,0,0,0,0,0,0,0,45,25,0,0,58,0,0,0,0,0,0,0,0,0,0,0,0,0,16,0,0,66,0,0,34,0,0,0,0,0,0,0,0,0,0,0,0,0,5,0,0,0,0,62,0,0,0,0,0,0,0,0,0,0,10,17,0,79,0,0,0,0,0,0,12,0,0,23,10,0,0,0,6,0,0,0,0,0,0,0,0,0,0,0,0,0,0,8,0,8,0,0,0,0,0,0,0,0,0,0,0,0,0,0,0,0,0,0,64,0,0,14,0,0,0,0,0,0,27,0,0,0,0,0,29,0,0,0,0,0,0,0,0,0,5,0,43,0,0,0,0,0,0,27,0,0,0,0,0,0,28,0,0,13,0,0,0,0,0,0,39,0,0,0,0,0,0,0,0,27,0,0,0,0,0,0,0,0,0,0,0,0,0,0,0,0,0,0,0,23,0,0,0,0,42,0,0,0,0,0,0,0,0,0,0,0,0,0,0,0,4,0,0,0,0,0,0,0,13,0,0,0,0,0,0,0,0,0,12,0,0,0,0,0,6,0,0,0,0
T8-S-1,Probiotics,Spat,2,Spat,152,86,336,0,0,11,72,165,0,196,0,178,0,0,0,28,87,88,0,0,0,98,0,80,177,0,71,13,0,4,0,0,20,94,8,15,0,11,0,102,44,0,57,0,61,0,53,21,0,0,78,76,0,0,17,33,53,0,11,58,4,0,20,53,48,5,0,22,0,32,0,0,0,4,0,23,0,14,0,65,0,0,29,6,18,0,16,38,23,0,7,0,3,18,27,0,0,0,40,0,6,15,0,0,0,0,0,0,0,48,0,0,48,0,0,11,36,0,0,0,20,18,0,36,7,0,28,43,0,21,16,0,11,0,18,12,0,27,0,0,0,0,21,16,0,16,0,0,0,25,0,11,20,0,22,7,24,14,20,0,0,0,0,15,0,0,0,0,10,0,0,14,12,0,0,0,18,0,0,22,0,0,0,14,0,0,10,11,17,0,0,0,0,26,4,0,0,0,45,0,0,0,15,7,0,0,23,12,26,6,0,0,0,0,0,0,0,15,8,0,9,0,0,27,14,7,0,0,0,7,19,0,22,0,0,0,14,16,0,3,0,0,0,11,16,8,13,18,0,0,11,0,0,0,0,0,0,0,0,0,4,19,0,0,0,0,0,11,9,10,0,8,0,23,0,0,0,24,0,17,0,0,0,14,0,0,11,0,2,14,23,0,0,0,0,0,0,0,0,0,0,0,7,13,0,6,0,0,0,0,0,0,0,0,17,0,0,0,0,0,7,7,0,0,0,0,0,0,13,0,0,0,0,0,2,1,0,0,0,0,6,0,0,15,0,0,0,0,0,0,10,0,0,0,0,0,10,0,0,0,0,0,0,0,0,5,0,0,0,17,0,0,0,0,0,0,0,0,0,0,4,0,0
T8-S-2,Probiotics,Spat,2,Spat,105,56,477,9,32,25,42,196,7,229,0,39,0,0,13,23,81,48,0,0,6,58,0,81,145,17,60,13,0,0,0,0,18,17,94,0,7,0,15,76,43,0,61,0,46,0,36,30,0,0,49,40,0,0,17,26,19,4,0,120,5,0,67,30,21,3,0,162,0,33,0,19,0,0,0,0,0,57,0,22,55,13,31,4,29,0,29,25,24,0,0,0,0,15,19,0,0,0,25,0,13,20,0,0,0,0,0,8,0,43,0,0,21,0,0,0,20,0,0,0,35,17,0,18,0,0,42,34,7,46,50,22,33,0,28,37,0,45,0,0,0,0,0,23,0,0,0,0,0,19,0,23,29,0,29,19,15,24,19,0,0,0,0,12,0,0,0,0,0,0,3,25,9,0,0,1,0,0,0,0,0,18,0,16,13,0,16,0,0,7,0,0,0,18,12,0,0,0,23,0,0,0,0,28,0,0,30,11,0,13,0,0,0,9,0,0,0,14,10,0,18,0,0,14,6,3,11,6,0,0,16,0,18,0,0,0,15,0,0,17,0,36,0,8,10,6,0,10,0,0,16,0,0,0,0,0,0,0,0,0,3,0,0,0,0,0,0,6,0,8,0,21,0,0,0,0,0,8,0,33,0,0,0,0,0,0,10,0,11,3,0,0,0,21,0,0,0,0,10,0,14,0,15,0,0,3,0,0,0,0,0,0,0,0,4,0,0,0,0,0,7,6,0,9,0,0,0,0,8,0,0,0,0,0,8,0,0,0,0,8,10,0,0,0,0,0,0,0,0,0,8,0,0,0,0,0,4,0,0,0,0,0,2,0,0,0,0,0,0,0,8,0,2,0,0,0,5,0,0,0,0,0,0
T9-1,Probiotics + HT,Day 01,2,Larvae,126,69,0,805,174,113,90,0,0,0,53,0,114,323,416,0,0,0,52,14,180,0,169,27,0,79,44,0,0,0,0,3,28,0,0,36,0,0,16,23,0,184,15,12,0,0,0,0,23,0,0,0,41,94,0,0,0,0,0,0,0,0,0,0,0,26,0,0,0,0,0,0,8,113,0,0,24,0,0,0,0,43,0,47,0,19,0,0,0,0,11,0,10,0,0,0,0,0,9,111,0,0,0,9,34,0,26,0,0,0,0,0,0,10,0,0,0,0,0,0,0,0,0,0,0,19,0,0,50,0,0,0,0,0,0,0,0,0,26,0,59,0,0,0,0,0,5,0,0,0,0,0,0,0,0,0,0,0,0,26,0,0,0,0,0,0,0,14,0,0,0,0,0,0,0,0,0,0,36,0,29,0,32,0,7,0,0,0,0,0,0,30,0,0,0,0,35,0,0,0,20,0,31,0,0,6,0,0,10,0,0,24,0,0,0,0,0,0,0,0,0,0,0,0,0,0,0,0,0,0,0,0,0,0,0,0,17,0,0,0,0,0,0,0,0,0,0,0,0,0,0,0,0,0,0,8,0,0,0,0,0,0,2,0,52,0,25,0,0,0,47,0,0,0,0,15,8,0,0,0,0,41,0,0,0,0,0,0,0,0,0,0,0,0,0,0,0,10,0,0,0,0,0,0,0,0,0,0,0,0,0,0,0,0,0,0,28,0,19,0,0,0,0,0,0,0,0,0,0,0,0,0,0,0,0,0,0,0,0,32,0,0,5,0,4,0,0,15,0,4,0,0,17,0,0,0,0,0,20,0,0,0,0,0,0,0,0,0,0,0,0,0,0,9,0,0,0,0,0,0,0,0,0
T9-15,Probiotics + HT,Day 15,2,Larvae,662,343,0,0,65,57,81,35,60,0,32,0,151,0,0,202,0,0,70,78,0,0,0,26,0,0,0,95,0,45,0,40,0,0,0,0,96,80,0,0,0,0,0,45,0,107,0,0,70,0,0,0,31,0,28,49,0,35,106,0,0,58,0,0,0,66,22,0,14,0,32,0,50,40,0,0,96,0,44,0,0,0,0,0,0,0,0,0,0,0,84,42,30,0,0,10,52,49,0,0,52,0,53,0,0,0,0,59,8,0,0,0,0,28,0,0,0,0,51,46,0,0,97,0,26,0,0,0,0,0,0,0,0,7,0,0,24,0,0,62,0,24,0,0,0,0,49,58,0,0,0,0,0,0,0,0,0,0,0,0,33,0,47,0,0,0,12,0,0,24,38,0,0,38,13,91,0,0,0,0,0,0,0,0,0,0,0,0,0,0,0,0,0,0,15,0,6,0,0,11,0,0,0,0,0,0,0,0,0,0,0,0,0,0,0,0,8,0,0,0,0,0,0,0,3,0,0,0,0,0,0,19,0,0,0,55,0,0,0,0,0,0,0,0,0,0,0,0,0,0,0,0,0,0,0,0,0,0,0,0,0,0,0,0,0,0,0,0,0,0,0,0,0,0,0,0,6,0,0,0,0,0,27,0,34,0,0,0,0,0,0,0,0,0,0,0,0,0,0,0,21,0,0,0,0,0,0,0,0,0,0,0,0,0,0,0,0,0,0,0,0,0,0,0,31,0,0,0,0,0,0,0,0,0,0,0,0,0,21,0,0,0,14,0,0,0,0,0,0,0,0,0,0,0,6,16,0,0,19,0,0,0,0,2,0,0,0,0,0,0,0,0,4,24,0,0,0,0,0,0,0,0,0
T9-3,Probiotics + HT,Day 03,2,Larvae,628,288,0,180,62,109,73,25,213,0,211,0,0,98,20,25,0,0,0,59,51,0,141,10,0,27,0,10,0,0,85,116,0,0,0,45,22,113,46,0,0,0,0,26,0,50,0,0,23,0,0,0,8,33,39,0,27,21,0,0,0,17,15,0,0,33,26,0,0,13,39,7,0,6,0,0,14,22,19,0,0,38,0,0,0,36,0,0,0,7,16,15,8,4,0,29,0,16,0,0,16,6,12,29,0,53,0,0,24,0,26,0,0,21,23,54,0,15,9,28,0,0,0,0,22,167,0,0,0,0,0,0,0,0,14,0,11,0,0,18,0,30,0,0,13,32,0,4,35,0,0,0,0,0,0,0,0,0,0,0,0,0,16,0,0,43,11,0,0,13,13,0,0,0,19,0,0,0,18,0,21,0,0,0,0,0,0,16,0,0,5,0,0,0,0,7,8,0,0,19,0,0,0,0,0,0,0,0,0,0,11,19,0,10,0,0,0,0,0,9,0,0,0,0,0,0,0,11,0,0,0,7,0,0,0,0,23,6,0,0,34,0,0,0,0,0,0,0,0,0,0,0,81,18,0,0,0,0,0,0,0,0,0,0,0,0,0,0,0,0,0,0,0,0,0,0,16,0,7,0,28,0,0,0,4,0,0,18,0,0,0,6,0,0,22,0,0,0,0,0,0,14,0,0,15,0,0,0,0,0,0,3,0,12,0,0,0,6,0,0,0,0,0,0,7,0,0,0,0,0,0,0,0,0,0,0,5,0,15,40,3,0,2,0,0,0,0,0,0,0,0,21,0,0,0,13,0,0,0,0,0,0,0,0,0,0,0,0,0,0,0,0,8,0,0,0,0,0,0,31,0,0,0
T9-6,Probiotics + HT,Day 06,2,Larvae,712,394,0,38,130,36,69,35,263,0,192,0,112,0,0,38,0,0,35,130,9,0,50,0,0,67,0,17,217,107,54,129,19,0,0,8,45,62,29,14,0,0,0,42,0,77,0,0,0,0,0,0,0,0,0,0,0,58,0,0,0,90,0,0,0,35,52,0,0,0,38,0,0,0,114,0,0,0,16,0,0,0,0,40,0,0,0,0,0,0,7,55,19,6,0,42,0,26,0,0,8,0,3,0,46,12,0,0,38,0,0,0,0,0,0,34,0,19,13,13,0,0,0,0,62,21,0,0,35,0,0,0,0,23,0,0,25,0,0,0,0,26,0,0,0,0,21,0,0,0,0,0,0,42,0,0,0,0,26,0,0,0,0,0,0,0,18,0,0,0,20,0,0,24,12,0,0,0,0,0,0,0,0,0,0,0,0,0,0,0,20,0,0,0,0,0,0,0,0,20,0,0,0,0,0,25,0,0,0,0,14,25,0,14,0,0,15,0,0,0,0,0,5,0,0,0,0,0,0,0,0,28,0,16,0,0,11,0,0,0,0,0,0,0,0,0,0,0,0,0,0,0,10,0,0,0,0,0,0,15,0,0,0,0,0,0,0,0,0,0,0,0,0,0,0,0,0,0,0,0,0,0,8,0,0,0,0,19,0,0,0,29,0,0,0,0,0,0,0,0,0,0,0,0,0,0,0,0,0,0,0,11,11,0,0,21,0,0,0,0,0,0,0,0,15,0,0,0,0,0,0,0,0,0,0,0,0,0,0,0,0,0,0,0,38,0,0,0,0,0,0,0,0,0,0,0,0,0,0,0,0,0,0,0,0,0,0,0,0,0,0,0,0,0,19,0,0,0,2,0,0,0,0
T9-S-1,Probiotics + HT,Spat,2,Spat,89,61,296,9,29,6,65,144,28,128,0,116,24,0,5,32,242,204,0,0,22,74,0,80,93,0,64,25,0,5,8,0,21,51,0,9,0,0,18,44,121,0,43,6,63,0,42,16,0,0,33,95,0,0,25,27,35,5,0,228,0,0,46,25,53,0,0,36,0,33,0,12,0,0,0,0,0,35,8,28,0,0,38,18,27,0,41,36,29,0,0,0,0,9,26,0,0,6,35,0,0,15,0,9,0,0,0,0,0,19,0,0,39,0,0,0,32,0,0,0,16,22,0,16,0,0,113,18,0,0,11,31,26,14,19,26,13,9,0,0,0,0,28,0,0,0,0,0,0,24,0,14,15,0,12,16,17,0,20,0,0,0,0,12,50,0,0,0,0,0,0,4,12,0,0,0,0,0,0,0,14,24,0,18,8,0,10,14,9,36,0,0,0,0,6,0,0,15,10,0,4,0,5,7,0,0,0,7,8,23,0,0,0,0,0,0,0,0,0,0,0,0,0,7,1,7,9,0,0,0,10,0,0,0,0,0,31,13,0,0,0,0,24,12,0,0,17,6,0,0,9,0,0,0,0,0,0,0,0,0,6,0,0,0,0,3,12,19,0,4,0,6,0,0,0,0,0,10,0,0,0,0,0,0,0,0,2,0,15,19,0,0,0,18,0,7,0,0,9,0,9,0,10,0,0,6,22,0,0,0,0,0,0,0,0,0,0,0,0,0,14,0,0,0,0,0,15,0,0,0,0,0,2,0,9,11,0,0,0,0,6,0,0,17,0,13,0,0,0,0,7,0,0,0,0,0,0,12,0,0,0,9,4,0,0,0,0,0,0,0,26,12,3,0,0,0,0,0,0,0,0,4,11
T9-S-2,Probiotics + HT,Spat,2,Spat,101,60,215,0,0,0,22,125,0,126,0,97,0,0,0,0,234,317,0,0,0,88,0,74,47,0,53,0,0,10,0,0,0,52,0,0,8,0,0,97,123,0,62,8,65,0,63,0,0,0,86,84,0,0,30,15,72,0,0,33,0,0,40,76,30,0,0,61,0,41,22,0,0,0,0,68,0,0,0,66,0,0,22,11,32,0,43,52,62,0,6,0,0,25,28,0,0,0,71,0,0,16,9,0,0,0,14,9,0,25,0,0,25,0,0,0,35,0,0,0,35,38,0,34,0,0,0,24,0,14,6,13,0,4,0,27,0,28,0,0,0,0,24,0,0,0,0,0,0,29,0,0,17,0,47,10,23,0,16,0,0,0,0,31,62,0,0,0,0,0,0,21,0,17,12,0,13,0,0,25,26,17,0,22,10,0,21,0,23,10,0,0,0,0,0,0,0,0,0,0,3,0,0,13,0,0,0,14,23,0,0,0,0,0,0,0,0,25,27,0,0,0,0,27,3,15,17,19,0,0,0,0,0,0,0,0,0,0,0,0,0,0,0,0,0,14,24,0,32,0,25,0,0,0,0,0,0,0,0,0,0,0,0,0,0,8,0,0,0,16,0,17,0,0,0,0,0,3,0,0,0,0,0,0,0,0,13,0,35,0,18,0,0,0,0,0,0,0,20,0,18,0,26,0,0,5,24,0,0,0,0,0,0,0,16,0,0,0,0,0,0,8,0,0,0,0,0,0,0,0,0,0,9,0,17,0,0,0,0,0,19,0,0,24,0,18,0,0,0,0,5,0,0,0,0,0,7,0,0,0,0,9,16,0,0,0,10,0,24,0,2,0,0,0,0,0,0,0,0,0,24,13,0