"T10-1-S","T10-2-S","T11-1-S","T11-2-S","T12-1-S","T12-2-S","T14-1-S","T14-2-S","T15-1-S","T15-2-S","T16-1-S","T16-2-S","T18-1-S","T18-2-S","T20-1-S","T20-2-S","T23-1-S","T23-2-S","T24-1-S","T24-2-S","T7-1-S","T8-1-S","T8-2-S"
"ASV4",0,0,5.79310641545213,5.39434979791718,0,0,5.35193347919965,4.45895321537287,0,4.9867326935025,0,4.97368872288415,3.29801230465781,5.99527415214618,0,5.38140390955756,6.56989063965555,5.41503749927884,5.27688534109461,4.74645770748993,0,5.52049364371566,6.79155935208804
"ASV6",9.69810211047429,5.20082055403923,7.09625533431484,6.62771675003248,0,8.58742101719758,6.74472218226584,7.85415809277452,6.47216660056686,6.18822666859801,6.4505519814951,5.78703713902739,6.16359450487223,7.22725212471933,4.75083971228075,6.90443314406941,5.95722591612423,6.41250504104463,6.80878545766404,5.80880152304203,8.59037912384407,0,4.08475005156229
"ASV7",0,0,0,5.60302924981505,0,0,0,0,0,4.85193828455149,0,0,0,5.76787648416104,0,0,0,4.96287633736356,4.90542617228321,0,0,5.00753007543014,0
"ASV9",9.24478774068127,5.59399294481677,6.49174046936987,6.16615822607132,7.28666188456778,8.80073466525858,0,7.53793708133995,5.98194347010604,5.96380103802339,0,0,5.6773265923925,7.0014845687394,0,6.32059219128977,5.37048127627253,5.9194308922262,6.78978529115436,0,7.97791589223003,6.00879705682202,0
"ASV13",8.49434140596,0,6.34359921248137,6.82990102615888,0,6.64026545694499,0,6.4328601851309,5.30459357148592,0,0,0,4.99659582011035,0,0,0,4.58904739882694,0,0,0,8.63137918460671,0,0
"ASV23",0,0,0,4.82643691689509,0,0,0,0,0,0,0,0,0,0,5.73535139297377,6.02856699433271,0,0,6.00987736426826,0,0,0,0
"ASV29",8.23210689437892,6.718438893633,7.39113037540907,6.71610846740477,0,7.20383266311789,6.62365564032209,6.49678112877136,7.28281558822971,5.51880215285828,5.64211354827812,6.37378236326778,4.98226462675129,5.0685908297891,5.95880718817929,6.61215619931429,6.10958517337369,5.77007390597814,6.21607973507054,6.94803905546332,0,5.18561108653836,0
"ASV32",7.83370817961206,0,6.40469289647373,6.65778642432666,0,0,0,6.18379272434992,4.73206592318431,0,0,0,4.84644378643188,0,0,0,4.09993775281185,0,0,0,8.13442632022093,0,0
"ASV35",7.94869885173652,6.25166398031754,5.45088286016368,6.48166314720046,0,4.49610449587717,5.44283338074599,4.84564403970593,0,0,0,0,4.90839214704583,6.5549457335696,0,4.88158816396463,0,3.53968636259703,0,0,7.77332239445924,0,0
"ASV41",0,0,0,4.6149988990436,0,6.89539561179667,0,6.28928967805585,0,0,0,0,0,0,0,0,0,0,0,0,0,0,0
"ASV55",0,0,0,0,0,0,0,3.69148807633556,0,0,0,0,0,0,5.41443861516495,5.35296373212,0,0,5.26317492552861,0,0,0,0
"ASV57",0,0,5.26568915041114,6.16016847632674,0,0,0,4.39938881403696,0,3.18282068543484,0,4.70043971814109,4.42701625485961,0,4.86043143315344,4.64404399789695,0,0,5.14853204885581,0,7.68260450796188,0,6.0632497468055
"ASV59",0,6.11948856239138,6.9121461162917,6.53355389588027,6.52661611407732,7.00144493929287,0,6.321738794514,6.9813415218878,4.89175302357172,0,5.90775942733661,0,0,5.78066838311095,6.34245626326444,6.10958517337369,5.4714263809121,5.89899513533447,6.45148897175825,0,4.50199590757773,0
"ASV75",0,0,6.00521694693397,0,0,0,6.38089075576031,3.38251885876172,0,0,0,0,0,0,0,0,0,0,0,7.09162852714014,0,0,0
"ASV80",9.18349058463458,7.33720670856555,8.07540086476652,7.97111595495937,8.01603735517125,7.01416933220857,7.58173574237995,8.69319368867788,8.29277564823339,7.73279269016899,7.63219466677319,8.09428440853994,8.2816634328133,7.44826840187801,8.18409555102219,7.65804294598756,6.73520170770953,9.11522948065606,7.55754338906288,8.47368295048478,8.44156094179861,7.61028977732737,8.35907003535808
"ASV87",0,5.48100263271275,0,0,0,0,5.89319072099863,4.4821070338636,0,4.10111351710461,0,4.88822976902574,0,0,0,3.92971705080499,0,5.0016858391943,0,6.38515955137242,0,5.07691156465068,0
"ASV90",0,0,0,4.25922429414856,0,0,0,6.05846114936725,0,0,0,0,0,0,0,0,0,0,0,0,0,0,0
"ASV94",0,5.62977191253122,0,0,0,0,0,4.65506458342907,3.80178006958667,5.56878143232151,0,4.64940769269372,0,0,6.30739291366315,0,4.36512161199068,5.60344972809904,0,0,0,0,0
"ASV95",0,0,0,0,6.62182150783237,0,0,0,0,0,0,5.44194419190846,0,0,0,0,0,0,0,0,0,5.41726854963794,0
"ASV96",0,4.58762117583105,0,6.09886213704639,7.33429437009591,5.46377949544948,4.43191236213592,3.38251885876172,5.72202939928186,6.47048427892111,0,4.42505155627807,4.01317047408214,6.5065651403451,5.11162232250101,0,5.84590960937057,6.54977812073355,6.29904509812401,5.71933113275442,0,5.14310893217639,0
"ASV100",8.6833267416794,7.08993743087872,7.78881955575114,7.69065156569651,7.8158229755842,6.55575558058325,7.3010983797807,8.39762801833296,8.07356748656685,7.45237645522436,7.66735179321073,7.73707422675094,8.02975373085063,7.46101933592044,7.95124879376855,7.26268739780593,6.65491264851837,8.83670520572614,7.40045363624749,8.359872919254,7.74371242660679,7.2336019529068,8.20169841666625
"ASV104",0,6.37273969322915,5.56233180443936,4.6149988990436,5.82159684463338,0,6.79734719303806,6.98818744548737,7.16396220532275,5.59313643216686,5.44010026587186,7.17666883027376,7.77303566558798,0,4.68085225992934,4.86153871483996,4.95365943369086,6.307998432298,0,5.68823066044587,0,7.30762962643777,7.55937518222137
"ASV111",5.77156236838922,0,0,0,0,0,0,3.67148394223767,0,2.97612289798206,5.90032510604853,4.71705698364387,4.67882927482433,0,0,0,0,0,5.08760287474144,5.68823066044587,0,0,0
"ASV117",0,7.92820007558862,5.61498562811431,6.60143431329763,6.35248997638496,0,6.54376615864825,6.73226021921319,5.90800623702487,7.12917892263842,0,5.44194419190846,6.65414906345026,6.64709581761679,5.99770852356901,0,8.1680228498614,7.53546053930358,6.35181794843302,6.37542998225372,0,7.97078426952671,7.73184065806143
"ASV118",0,5.62977191253122,5.63211834704612,6.17212321048853,0,0,0,4.76298285938966,5.65128057618356,7.25280876313845,0,0,0,0,5.35575636059439,5.80536214762628,5.1303285859359,5.48518583210587,5.68944064133061,5.6402855623587,0,0,5.9279021297311
"ASV122",0,0,0,0,0,0,0,0,5.06707472381669,0,5.54463988434187,3.97810739415116,0,0,0,0,0,0,0,6.17688750367177,0,5.00753007543014,0
"ASV129",0,0,0,4.84148691766875,0,0,0,4.04244061342785,0,5.51880215285828,0,4.13473557298001,0,5.25585201024798,5.93895595974552,0,0,0,0,5.29286445122798,0,4.50199590757773,0
"ASV136",0,4.06756399859258,4.50225188701093,0,0,0,6.96774486385556,6.54979442756335,0,4.10111351710461,0,5.28361836077916,5.1455025453436,0,6.66245465303372,6.01954775340912,0,0,5.48019069410376,5.52179891655997,0,6.40028855878748,0
"ASV142",0,0,6.72520859099586,6.52891292681369,0,0,8.19556746378002,8.36685954807294,7.10892382421165,4.6806880595679,6.15272734810946,5.08028778895764,7.10140431748105,0,0,6.4267424163273,0,6.8178755522117,5.0719598507297,0,0,6.52138163737791,0
"ASV147",0,5.85808658154084,0,4.36716225075277,0,6.55575558058325,5.25491881517193,5.20001626534852,6.11276991030373,4.3211992769679,0,6.60116665880167,0,0,6.27608880373447,4.75688605611437,6.64663241044082,5.4714263809121,5.49199416705518,0,0,0,0
"ASV154",0,0,0,4.09310772764921,0,5.13143364187757,7.46730243332271,7.8079471846878,5.76454796398912,0,0,0,4.54871675285709,0,5.16386615295249,5.4230398155926,0,0,0,0,0,0,7.07395446161926
"ASV157",0,0,0,0,6.02106435512478,0,0,0,0,5.85722703898766,0,0,5.7297403160986,5.76787648416104,0,0,0,0,0,6.09625616663818,0,0,0
"ASV158",0,0,0,6.27547900761233,7.23740289555764,0,4.47562579045266,5.07614812242172,0,0,0,6.06531068785364,5.36021443883966,0,5.3254951640779,0,0,0,4.47695149439968,0,0,0,0
"ASV161",0,0,0,5.38410777847897,6.99813209665989,0,0,2.8173665730448,0,6.6202013086451,5.86037308772423,0,0,6.08037341646402,5.12924798051587,0,0,6.05476580343089,6.08972505134628,5.46788027064765,0,0,0
"ASV166",6.95452659351374,6.27444702674131,6.14306950961561,6.35104106630205,6.88753037971549,6.62375487928165,5.1509070048939,5.38336152394849,6.48747834813418,5.90664769720894,0,5.261132010289,6.18252206918112,5.13374956862686,5.5901774431571,7.22787145201393,5.19988740468587,5.42934268768609,6.25815872272949,6.79587549318535,0,5.99691249017163,6.47288334218229
"ASV167",0,5.59399294481677,0,0,0,0,4.63832773322805,3.74988820739412,0,5.00500068105837,6.94660341145819,4.71705698364387,0,0,0,3.05710829145862,0,4.30067162443404,4.79542117068526,0,0,0,0
"ASV180",0,7.53885303727424,0,6.43281333708415,0,6.35032465021987,5.37520100672866,6.54155233308531,5.87733668555407,6.83964917235531,0,5.02797259222807,6.38674065482482,0,5.68856464339274,0,7.70866427041468,7.19385218584232,6.12805058072768,6.01085022810087,0,7.73357851856309,0
"ASV188",0,0,7.69002251365799,5.93312787333752,0,6.59015582366002,4.51805356843853,4.13299616156763,0,5.50603203149944,0,0,5.7467967726031,5.36842186233678,0,0,0,0,0,0,5.00500068105837,0,0
"ASV190",0,6.89053252736262,4.64412645861045,6.72018548069817,6.37087928189012,7.77435330130455,0,5.57322070237771,0,0,0,0,0,0,6.42622910716494,5.9547831296103,0,0,0,4.11204408536181,0,0,0
"ASV191",0,5.97397098846934,5.50768325094557,0,5.73906232908416,0,0,6.59563056314283,6.89594277620783,5.25443218318035,0,6.81694508201339,7.42917596057031,0,4.60729572651089,4.54695095554359,5.03203778035629,0,0,0,0,6.92414431691171,0
"ASV201",0,5.0766924590071,0,0,0,0,5.77570536369647,0,0,3.66870594763941,0,4.42505155627807,0,0,0,0,0,0,0,5.52179891655997,0,0,0
"ASV211",0,0,0,0,0,0,6.83139346857597,6.04297400403472,0,0,0,5.40139360109781,5.10639177188385,0,6.25215674636703,5.70766801405712,0,3.43013959954587,5.31725173650282,0,0,5.94837031709147,0
"ASV219",0,0,0,5.17427052550847,0,0,0,0,0,0,0,0,0,0,0,0,0,0,0,8.06832541203672,0,0,0
"ASV227",0,5.20082055403923,5.6986843376445,5.85370440747566,0,0,6.88910698715521,7.56122628390478,5.053421399614,5.07584375798351,7.50840228399963,8.70897997447686,7.96745682282528,8.11761290211041,5.47082694573239,0,5.64442184163098,0,6.75592072162179,6.60091517782788,0,3.77381581147789,0
"ASV230",6.79973614797564,0,0,4.85638153836655,0,0,0,5.06085068939045,0,6.08896219039965,0,4.82830857163284,5.56641555221314,0,4.41950450997902,5.24876134305449,0,0,4.90542617228321,0,0,5.88530156320496,6.89195950154655
"ASV231",0,0,0,0,0,0,0,3.38251885876172,4.60679524710354,5.19201877229293,0,0,5.2084194491141,5.25585201024798,3.112668235457,0,0,0,0,5.95967639219692,0,0,0
"ASV236",0,0,6.51039128424181,6.14204855713513,0,0,8.14231389505853,8.04310732087898,6.78878245192644,4.74731144177806,0,4.57842953088192,6.85627278751487,0,0,5.84674504312041,0,6.7048211612606,5.10307810052281,0,0,0,0
"ASV237",0,5.40043933529317,5.17507765650227,6.07995045222972,0,0,4.88520616852365,4.51615558613161,0,7.20620038783386,0,0,0,4.96497883472534,5.41443861516495,5.7735268694904,0,5.21488076999078,5.64783965506812,0,0,5.38115098264851,0
"ASV238",7.49833644961743,5.73207432727625,0,4.21368161503458,5.79460658910628,6.37025692511948,0,4.78176564844797,5.50848029014405,4.40612983121254,0,6.27623654199971,0,0,0,0,6.16860705987522,5.18146499413219,0,0,0,4.02853366083159,0
"ASV245",0,0,0,4.19035954686986,0,0,7.01294907902126,7.5448259594261,5.61456108870567,0,0,0,4.50927969956038,0,5.09377866262286,0,0,0,0,0,0,0,0
"ASV252",0,0,0,5.7134972095702,0,0,0,4.88959961642111,0,0,0,5.61151371840973,4.96778964312032,0,5.41443861516495,0,0,0,4.61288403736695,0,0,0,0
"ASV258",0,6.19308074881559,6.27980355773574,6.16016847632674,0,3.8699587702181,0,2.13099063910569,5.78947033124822,5.76376565350992,0,4.68362881899365,0,5.99527415214618,7.72072138138274,5.6735757431559,6.67133190276734,5.56509560029166,5.63724923232279,5.87934231570266,0,4.32318504680639,0
"ASV265",0,6.6151293736288,0,6.29200736602461,0,7.2258789970487,0,5.26152706835338,0,0,0,0,0,0,6.28397874066005,5.86699969695296,0,0,0,0,0,0,0
"ASV271",0,6.55126229562144,0,5.08856078753691,0,0,0,4.94063735938418,0,5.50603203149944,7.3001864433634,0,0,5.68334828210273,5.60284908392012,0,0,0,0,5.48607797712077,0,5.89813781242265,0
"ASV275",0,0,5.73084991490941,6.02168085626724,6.60638387213138,0,0,4.809489134133,6.2144249494342,5.69791531672555,0,4.88822976902574,5.61366889161664,0,5.16386615295249,6.53830023689174,0,5.11221784901425,5.87214969377765,6.32577285567004,0,0,0
"ASV297",0,0,0,5.74585306116921,0,0,6.69010466573651,7.12869807651451,4.79904999844005,0,0,8.47010754670041,7.69609295708465,7.78384847673241,0,0,5.83137117244516,0,6.34532594937197,6.11975717564124,0,0,0
"ASV324",0,6.63286957762004,6.35396284995076,6.43281333708415,6.71113122602853,0,6.2858688442083,0,6.78051879020948,5.51880215285828,0,0,0,0,0,0,5.6609602422536,5.60344972809904,4.85147189803877,5.41186799354231,0,5.79210018207964,0
"ASV328",0,0,0,0,0,0,0,0,3.76874006005853,0,0,0,8.77805431488096,0,0,0,0,0,0,0,0,0,0
"ASV332",0,0,0,0,0,0,6.17090924059974,7.72545948991232,5.58639484223313,0,0,0,5.98823653404482,6.97505923063635,5.35575636059439,5.87702137579111,5.75639664585669,3.11321061044799,5.5268359927663,4.28830878634019,6.75042785397277,0,0
"ASV348",0,0,0,3.26729374198554,6.47654880084519,6.85352729090036,5.97161225098856,7.09154289319456,5.65128057618356,6.51577946820215,0,5.77914577791837,6.68544820091025,7.8580291998502,2.88261187292003,6.99003355259425,0,4.70515040945785,5.23535690824317,0,0,4.07449349424735,0
"ASV353",0,5.91719202348159,0,4.44805085700331,0,0,0,5.42577522389259,0,3.66870594763941,0,0,4.78171559427647,5.68334828210273,0,6.05529126161832,0,0,0,5.50404899973669,0,4.98364108159409,0
"ASV381",0,5.02388797597567,5.3714935726919,4.64961374891988,5.35163840289292,7.0267824780139,0,4.8276798422294,6.77220752196716,6.63200376768631,5.38484535870591,4.08439218729037,6.67657466383219,3.36489813385292,5.74681478781844,6.03753020014698,0,5.73595314425705,5.82626645985252,0,0,5.91086085874117,0
"ASV384",0,0,7.44544620496887,5.58525757701142,6.29587239472813,0,0,0,0,0,0,0,5.06619110904988,0,0,0,0,0,0,0,0,4.32318504680639,0
"ASV390",8.59192637237594,5.93159762940656,5.41173423132761,6.02168085626724,0,0,0,5.91695504358549,5.60523330665367,6.45727722899663,7.09169638325402,6.17762966616735,5.40387990269104,5.94169595493947,0,6.22182109120813,0,6.64478824257162,5.72987558300418,0,0,0,0
"ASV397",0,0,0,0,6.86175669746817,0,0,4.809489134133,0,0,7.05676809087067,0,4.40569598565429,0,0,0,6.21414542599577,0,0,0,0,5.98492920762625,8.02503454312882
"ASV400",0,6.6932967512945,0,0,0,0,0,0,0,5.42694239447073,0,0,0,5.2262814927494,5.76947188569103,0,0,0,4.99109460033105,5.7346335146662,0,6.07811908172003,0
"ASV409",0,6.48443637639145,0,5.99500809851866,6.35248997638496,5.17741105316992,0,0,6.73420266276299,5.45379025073713,0,3.41123019630154,0,0,4.96228274494933,0,0,0,0,4.83431124868111,0,0,6.50494383890046
"ASV410",0,5.69877309824772,0,0,0,5.30715557182072,0,4.13299616156763,0,0,0,5.31670408782435,0,5.57020873403113,5.75818781417323,3.67787013086485,6.66314563387584,0,3.82795314147536,0,0,6.22798519748756,8.21144632735305
"ASV423",0,0,0,3.98882325552411,0,0,4.43191236213592,0,0,5.81643421596847,0,4.59650412260385,4.92347235251188,0,4.02676620513929,4.94011704147271,0,0,0,0,0,5.64755535130541,6.62650325660646
"ASV429",0,0,0,0,0,0,0,0,0,0,0,0,8.47317996849397,0,0,0,0,0,0,0,0,0,0
"ASV431",0,7.08993743087872,5.15150676490794,4.74873778896468,0,0,4.88520616852365,3.02079935045687,5.52835695442223,0,0,4.71705698364387,0,5.90483879547604,5.5901774431571,5.86699969695296,0,4.83976082148813,0,4.71594271538603,0,6.34510938924938,6.47288334218229
"ASV432",7.68683187906477,0,0,5.9609583675884,0,0,0,6.16245179750797,0,0,0,0,0,0,0,0,0,0,0,0,0,0,0
"ASV438",0,0,5.82325535898926,5.72165445669889,4.92362959409103,0,0,0,5.56730713015345,5.64064663329883,0,4.08439218729037,0,0,7.29044386171496,5.6149014848017,0,5.41503749927884,0,5.48607797712077,0,0,0
"ASV450",6.00206073948033,5.10238718511851,0,4.64961374891988,6.84869510716438,6.37025692511948,6.43725055584172,3.60975143012729,0,2.4447848426729,0,2.87288808209666,5.26870678231419,5.63915137997445,0,0,6.71158064497882,4.65733668027473,0,6.04807352722093,0,0,7.91001880022012
"ASV453",0,0,0,0,0,0,6.392340231285,7.45844692697389,5.18446670796801,3.92042804786825,5.26755046154095,0,5.53730234101289,0,5.09377866262286,5.52852961206,0,0,0,0,0,0,0
"ASV461",0,5.0766924590071,0,5.831262480925,0,5.26519062716898,5.79308618544936,4.01094669100991,5.15919264562114,6.41691478651951,6.55436349904355,6.28183229426706,4.48914939988052,6.95716954712068,5.86724329064089,0,6.58730061647395,0,6.12046649243695,6.46072047907478,0,5.73600786184328,0
"ASV478",6.57950034898577,0,0,0,0,0,0,6.70299666354642,0,6.06304093538888,7.10884845289999,5.48138609727861,6.27360510136041,7.45465795588445,0,6.65937326946199,0,4.88197752286364,5.05614534968163,0,0,0,0
"ASV511",0,4.65861855275057,4.89183349338728,4.46758372386167,0,0,0,4.60320863204258,6.57608543315634,6.45727722899663,0,0,6.28532634145718,0,5.31012316009294,5.85690791528542,4.40494019737838,0,5.5153152926979,4.80561708401464,0,5.63227128856476,0
"ASV516",0,0,0,0,0,6.37025692511948,5.89319072099863,6.32494392298894,6.33782395888927,0,4.76028173667931,5.57551646570059,5.46699584594043,6.01270032175113,5.03888401947319,6.06409046332354,0,0,3.93559459511317,0,0,6.26809244260881,7.2732605120409
"ASV534",6.87920635866803,4.26249661226377,7.41607316705195,0,0,6.30961442405712,0,6.56884481799554,5.47814219784078,5.99155047580573,5.44010026587186,4.76579033942608,5.26870678231419,0,5.66458969898141,4.82058404898659,0,0,0,0,0,0,0
"ASV547",0,6.16896473222973,4.25926366539989,0,0,0,0,4.75349896014975,0,4.53743413063857,0,0,0,6.23684855375371,0,0,0,0,0,4.89004220435987,0,5.96065983831376,0
"ASV553",0,6.18107313019862,0,0,0,0,4.85242070453597,4.25898899215969,0,0,0,0,0,0,0,0,5.19988740468587,0,4.83302922878604,0,0,0,0
"ASV585",6.42917240248267,0,0,0,0,0,4.97931606197555,5.50138078603542,0,0,0,5.3910753262398,0,0,0,0,0,0,4.56898103329188,6.25324993902165,0,0,6.44009415233764
"ASV591",0,0,0,5.33177777886798,5.87410819279547,0,0,4.44723545015015,0,4.83161114249081,0,0,0,0,5.24694294245554,5.16943580302425,0,0,0,4.24622018183499,0,5.0541531377187,0
"ASV596",0,0,5.48899716647675,4.56146775697268,0,0,0,3.08269919625462,5.32746366038069,0,6.88819697477614,0,0,4.60025868781767,5.65245114503805,0,0,0,0,0,0,4.36076420476329,6.14690524969611
"ASV597",0,5.51965770777308,0,4.34621105347564,0,0,0,4.84564403970593,0,0,0,0,4.5871043902868,5.34109209942359,0,0,0,0,0,5.0697137507117,0,0,0
"ASV606",0,5.74844105308842,0,5.67200445139376,0,4.42164934723744,4.9486231832881,5.68719558880736,0,6.16404347840421,0,5.59362736184828,5.02483806801718,0,0,5.33853059946795,0,5.93955922588299,5.34354854557542,3.85630311739525,0,0,0
"ASV613",0,5.29296475050639,0,0,0,5.79398797052143,0,3.91211701467041,6.09954421489981,5.42694239447073,0,0,5.59495286862437,0,5.05741528836269,5.24876134305449,5.93019165794487,5.83598592745771,5.70979976814377,5.43078141388055,0,0,0
"ASV622",0,0,0,0,0,5.57101006079215,0,2.4456226781448,4.83141074916793,0,0,0,5.61366889161664,0,0,0,0,0,0,0,0,0,0
"ASV630",0,0,0,5.84626248651225,5.06586346250824,0,0,3.54525885926287,5.12043145860306,5.90664769720894,0,6.13498292746684,4.27070112604044,0,5.68856464339274,0,5.83137117244516,0,5.50370185253278,6.45148897175825,0,5.26703396135854,0
"ASV653",0,0,7.26500834899397,3.78594923764281,5.65151808371909,0,0,6.30560546510798,5.36110306453153,6.08896219039965,0,4.40467992379648,0,0,5.39999030515971,4.82058404898659,0,0,0,0,0,2.65136636353812,0
"ASV665",0,0,4.60994425308006,5.49295917243484,0,4.76057742033203,5.94075326769044,4.32450524109921,5.23372409908345,5.32883356361413,0,5.74714146991283,0,5.76787648416104,5.09377866262286,0,0,0,5.4319867215289,5.65644494994915,0,5.76432661510687,0
"ASV674",4.52869751337793,0,0,5.35293809456482,4.58861250538876,3.33350820882766,0,4.59260996226038,3.95650155711212,4.9867326935025,0,0,6.6986570041733,0,5.78066838311095,6.28339921797745,0,0,5.0719598507297,0,0,0,0
"ASV682",0,0,0,4.30337317880302,0,6.01266099920027,5.75811259098969,3.74988820739412,0,0,0,0,4.76506937652181,0,0,5.52852961206,6.44175716335217,0,0,5.62394312389325,0,3.77381581147789,0
"ASV711",0,4.21617669927514,0,4.79585756623566,0,0,0,3.91211701467041,0,0,0,0,6.02365595243828,0,5.66458969898141,5.8869739190272,0,5.97899250617011,5.73980969127083,4.83431124868111,0,0,0
"ASV723",0,5.10238718511851,0,0,0,0,0,4.01094669100991,4.3629528087155,0,0,4.73348502543124,0,0,0,0,6.19155591159784,5.57799393604439,0,0,0,5.83278304584929,0
"ASV732",0,0,0,4.30337317880302,0,6.1342106816271,0,5.86505720932816,6.06593960241882,0,0,5.261132010289,5.39308681102688,5.44743567744456,4.70456066392327,5.56618102193322,0,0,0,0,0,0,0
"ASV745",0,0,0,3.47457062280651,0,0,0,5.97930734736129,0,0,0,0,5.05253804326789,0,0,0,0,0,0,0,0,0,0
"ASV752",0,0,0,5.79306562410856,4.97261559416524,0,0,5.73134499890955,0,0,0,0,0,5.34109209942359,0,0,0,0,0,0,0,0,0
"ASV774",0,0,5.26568915041114,0,0,0,0,0,4.06934229075923,5.86724753449599,0,5.06738576198468,0,0,5.62786327831697,3.63126439070609,0,0,5.67915231486709,6.48806578296537,0,0,0
"ASV777",0,0,5.74666771042222,4.99743566163649,0,3.33350820882766,6.29809452488934,5.30761906442795,0,0,0,3.09256611873607,4.62449701695493,5.7262313631472,4.20355860480499,0,0,0,0,0,0,0,0
"ASV790",0,4.94087048124337,0,0,0,6.08681248492774,0,0,5.56730713015345,5.38570991315068,5.20512151874036,0,5.31518601057984,0,0,4.75688605611437,5.72528074519807,5.21488076999078,5.05614534968163,0,0,5.50379424504898,0
"ASV803",0,0,0,0,0,0,5.7403026341628,3.63062381630961,0,0,6.4505519814951,7.42444457427309,0,0,5.11162232250101,5.43665564214143,0,0,0,0,0,4.72009110314195,0
"ASV816",0,0,0,5.64652363100307,0,0,5.60906834104355,2.34817535979024,0,0,0,5.68936653054412,0,0,5.41443861516495,0,7.34919767520449,5.57799393604439,3.67067117903502,0,0,0,0
"ASV820",0,6.87570884233325,0,0,0,0,0,0,0,0,0,4.25340610879026,0,0,5.35575636059439,5.33853059946795,3.64777791383318,0,0,0,0,5.92347268139143,0
"ASV827",7.09430667926778,0,0,5.15029717470623,0,0,0,3.8776098018765,4.87863026644631,4.94948777147859,0,5.57551646570059,0,0,4.68085225992934,0,5.90264112260716,0,4.83302922878604,0,0,5.20640165631361,0
"ASV849",7.75161797278544,0,0,0,4.31236926646252,0,5.82723198308114,0,4.29496018777749,0,0,3.23782906594412,0,0,0,0,6.03541589371985,0,0,4.77634061182979,8.02790599656988,0,0
"ASV852",0,0,0,0,0,0,0,5.62094005935402,0,0,0,0,0,0,4.44787533438758,0,0,0,0,0,0,1.86445760427437,6.0632497468055
"ASV860",0,0,6.20162467995318,0,0,0,0,5.3011239672617,0,0,6.08500341599589,4.78167571287778,4.64283606368843,0,0,4.30117804105179,0,3.95007477466832,5.31725173650282,4.80561708401464,0,5.77828023176739,0
"ASV914",0,0,0,0,0,0,0,5.41979193289444,0,0,0,0,0,6.12912324120518,0,5.32395161325102,0,6.63247596192379,4.86968177844306,0,0,0,0
"ASV934",4.06805772094343,0,0,0,0,0,0,5.68719558880736,4.6437104096237,0,0,4.57842953088192,0,0,5.38539583312396,0,0,4.36161560032846,2.70056179938008,0,0,5.69245938508079,6.91600457474342
"ASV936",0,0,0,3.65577419912628,0,0,0,4.81861315845278,0,0,0,0,0,0,2.88261187292003,0,0,0,0,6.6582114827518,0,0,4.6410890922285
"ASV942",0,0,6.54698479601416,0,0,0,0,3.54525885926287,0,0,7.00273702229565,6.82463291348944,4.79817193213267,0,0,0,0,0,0,0,0,0,0
"ASV953",0,4.11882147836748,0,4.30337317880302,0,0,0,3.47774782715315,0,0,0,0,0,0,5.45693513530831,0,0,5.55208090660297,5.53826542217897,4.94370011973898,0,5.16451651920114,6.14690524969611
"ASV987",0,3.15113887992115,5.82325535898926,4.68341750109849,0,0,0,2.85332703603604,0,0,7.14255269540607,3.09256611873607,5.22068014414823,0,0,5.71885539498937,0,0,5.30392137249802,0,0,0,0
"ASV997",0,5.66468498946988,3.10622120158281,0,6.04416497101685,0,0,0,0,0,0,5.24975602451331,0,0,0,0,0,0,0,5.18559932182879,0,0,0
"ASV998",0,3.15113887992115,0,0,5.11032051563362,0,6.392340231285,2.9226657228867,4.78259328514738,0,6.60359609403599,2.00433893572434,0,0,0,0,0,0,0,0,0,4.32318504680639,0
"ASV999",0,0,5.12754436443566,0,0,0,0,4.80030703937245,0,0,0,0,0,0,0,0,0,0,5.87214969377765,2.8439386899806,0,0,0
"ASV1032",0,0,0,0,3.97039836169912,0,0,5.04538931206235,0,0,6.42338843093282,5.23828962302413,0,6.2806628849153,0,0,0,0,0,6.11975717564124,0,0,0
"ASV1063",0,0,0,0,5.84809141964358,0,0,4.78176564844797,5.18446670796801,0,0,0,0,0,0,0,0,0,4.1294190496678,0,0,0,0
"ASV1066",0,5.31510973150998,0,0,0,0,5.30424146781624,0,0,0,5.81928310496544,5.62037442087823,0,5.78825675019676,0,0,7.00507409131361,0,0,0,0,0,6.01952969442906
"ASV1074",0,0,0,0,0,0,5.44283338074599,3.14205208978173,0,0,0,7.1856516435761,0,0,0,0,0,0,0,0,0,4.66106849213975,0
"ASV1076",0,0,6.57383340176152,0,5.15344846679841,0,0,3.43091893089488,0,0,0,3.80238010664231,0,0,0,0,0,4.65733668027473,0,0,0,3.82848438527103,0
"ASV1077",0,0,0,4.59737496356782,0,0,5.95626526626837,4.83668990168502,0,0,0,0,5.05253804326789,0,4.06390039532213,4.8412067026751,0,5.40058904457393,0,0,0,0,0
"ASV1081",0,0,0,0,0,0,4.78452622867584,0,2.80722476191308,0,0,0,0,0,4.30008948847393,0,0,0,0,0,0,7.0787224614625,0
"ASV1093",0,0,0,2.97144265201368,6.06690151876802,5.98707200888057,0,0,2.05573790355261,4.85193828455149,0,0,0,0,4.72788574867043,0,0,0,4.00313776675354,0,0,0,0
"ASV1104",0,0,0,0,7.65255564227876,8.89662277189376,0,0,0,0,0,0,0,0,0,0,0,0,0,0,0,0,0
"ASV1119",0,0,0,0,7.02159984642754,0,0,3.52310435623361,0,0,0,5.00108595792925,0,0,0,0,0,0,0,0,0,6.17623045525234,8.22112881576676
"ASV1121",0,5.10238718511851,0,5.48339606252956,0,0,0,0,0,5.35755200461808,6.80645106337447,0,0,0,0,0,0,0,5.27688534109461,0,0,0,0
"ASV1126",0,4.0144180931824,0,0,0,0,4.97931606197555,4.64484143394898,4.14853397505757,4.4863373321174,0,0,6.47126607036954,0,0,0,0,0,0,0,0,0,0
"ASV1131",0,0,0,5.06310701658313,0,0,0,0,7.02746435193206,4.83161114249081,0,0,0,0,0,0,0,0,0,0,0,0,0
"ASV1133",0,0,0,0,0,0,0,0,6.06593960241882,0,0,0,6.90646942561375,0,0,0,0,0,0,0,0,0,0
"ASV1148",0,6.45482114053697,3.79499408254712,6.0017226611667,0,4.07818564912911,5.09594682835865,0,0,1.93669741809148,0,0,0,0,0,5.68502958188577,0,0,0,0,0,0,0
"ASV1169",0,6.18107313019862,0,0,0,0,0,4.79106613024774,0,5.05845644248532,0,4.85858024541278,0,0,0,0,0,0,0,0,0,5.93597520814679,0
"ASV1180",0,0,0,4.94265758016862,0,0,0,0,0,0,0,0,0,0,6.26815548024623,0,0,0,4.77624299947123,0,0,0,0
"ASV1191",0,0,0,5.29944374363193,0,0,0,4.59260996226038,0,0,0,5.9005031247398,0,0,0,0,0,0,5.05614534968163,0,0,0,0
"ASV1193",0,5.24762817762153,0,5.800786328183,0,0,0,0,0,5.97311028175096,0,0,0,0,0,0,0,0,0,0,0,0,0
"ASV1211",0,0,0,0,0,0,0,0,5.8380595113903,0,0,4.29826964421477,2.98954833248849,5.80835311973175,0,0,0,3.48595249488999,5.89899513533447,0,0,0,0
"ASV1221",0,0,0,0,0,0,0,3.73068297389194,0,3.84130225398094,0,4.94576111753471,0,0,0,5.23324133451195,6.25829025761661,0,0,5.80880152304203,0,0,0
"ASV1224",0,0,0,0,0,0,5.4206396833616,4.33725888044306,5.02572089249279,0,0,4.76579033942608,0,0,0,0,0,5.55208090660297,0,0,0,0,0
"ASV1226",0,0,0,0,4.23417222370787,0,0,2.39772162656645,0,4.51211193531347,0,0,0,0,0,0,6.92517538977533,5.97899250617011,0,0,0,5.22689686612221,0
"ASV1234",0,0,0,0,4.52435074505473,0,0,5.43173380283336,4.22360397414127,3.3635817160862,0,4.54158649086431,0,0,0,0,0,0,0,5.31339261545883,0,0,0
"ASV1251",0,0,0,0,7.37129949054042,8.63762409428266,0,0,0,0,0,0,0,0,0,0,0,0,0,0,0,0,0
"ASV1264",0,0,5.96521655524928,2.28329848211955,0,0,4.67628958875801,0,0,0,6.78526977704651,6.41510539560287,0,0,0,0,0,0,0,0,0,0,0
"ASV1265",0,0,0,0,0,0,0,0,0,0,0,3.14262995678689,0,5.82817339356516,0,0,0,0,0,0,0,7.51350759623847,6.91600457474342
"ASV1270",0,5.40043933529317,0,0,0,0,0,0,6.46186773476515,0,0,0,0,5.00034944775292,0,0,0,0,0,0,0,0,7.60446260201282
"ASV1272",0,0,0,0,0,0,5.58930671051652,0,0,0,6.15272734810946,6.35266834612576,0,0,0,0,0,0,0,0,0,3.31910548782075,0
"ASV1287",0,0,0,4.94265758016862,0,0,0,0,6.68635014693331,4.83161114249081,0,0,0,0,0,0,0,0,0,0,0,0,0
"ASV1293",0,0,0,0,0,0,4.9486231832881,5.23451217382887,0,0,0,0,0,6.17627947233502,0,5.06810264858766,0,0,0,5.11719072466124,0,0,0
"ASV1301",0,0,0,0,0,0,0,4.94063735938418,0,0,0,0,0,0,0,0,0,0,0,0,0,6.0667942644304,7.49697931984368
"ASV1325",0,0,0,0,0,0,0,4.99798540436612,0,0,0,4.36305282827357,4.2227419478446,0,4.98181772773676,0,0,0,5.29046668760062,0,0,0,0
"ASV1338",0,0,0,0,0,4.76057742033203,0,3.14205208978173,4.14853397505757,0,0,2.87288808209666,0,0,0,0,5.78685558624265,0,0,4.86244581893371,7.83077926756893,5.39932278765369,0
"ASV1346",0,0,0,0,0,0,0,4.36243283017746,4.66181971440229,0,0,0,3.92600540870771,0,0,0,0,5.40058904457393,0,0,0,0,0
"ASV1352",0,0,0,0,0,0,3.36403289491186,4.1182928103135,0,0,0,4.56012561825677,4.93839655682106,0,0,2.82833147151461,0,5.68916601531491,0,0,0,4.72009110314195,2.8048845532333
"ASV1360",0,0,0,0,0,0,0,0,0,0,0,7.11844078835234,0,0,0,0,0,0,0,0,0,0,0
"ASV1400",0,4.16832014255712,0,0,0,6.60705316069206,0,0,0,5.28465470846164,0,0,0,0,0,4.69024523186079,4.9265576290646,5.45753443672049,0,3.39924791668738,0,0,0
"ASV1411",0,0,0,0,5.99758782184325,6.70448072920806,0,0,0,0,0,5.84866064463938,0,0,0,0,5.74092258197609,0,0,0,0,0,0
"ASV1419",0,4.06756399859258,0,2.79713958434303,6.15442539889741,6.08681248492774,0,0,4.76594668324218,0,0,4.61435506849781,0,0,3.03998399700734,4.57184365082093,0,0,2.61679211477303,0,0,0,0
"ASV1428",0,0,6.38461442725312,0,0,0,0,0,0,5.4931478642343,0,0,0,0,0,0,0,6.08218525585129,0,0,0,3.24064897857328,0
"ASV1439",0,0,0,0,0,0,0,0,5.31607393350517,0,0,0,6.52168529380897,0,0,0,0,0,1.6781710969062,0,0,0,0
"ASV1464",0,5.24762817762153,0,5.3210800853077,7.02159984642754,5.38759194449504,0,0,0,0,0,0,0,0,0,0,0,0,0,0,0,4.95934984989747,0
"ASV1490",0,0,0,0,0,0,6.32223939986947,0,4.87863026644631,0,0,3.86336530797815,0,0,0,0,0,5.9194308922262,0,0,0,0,0
"ASV1509",0,0,0,0,0,0,0,4.83668990168502,0,5.42694239447073,0,4.61435506849781,0,0,0,0,0,0,0,0,0,0,0
"ASV1532",0,0,0,0,0,0,0,0,0,4.3211992769679,5.49331675315093,4.76579033942608,0,0,0,0,5.32968643450836,5.45753443672049,0,0,0,0,0
"ASV1538",0,0,0,0,0,0,0,0,0,0,0,0,0,0,0,0,0,0,0,0,0,7.59460359407699,0
"ASV1546",0,0,0,0,0,0,0,4.07326168799614,4.76594668324218,0,7.14255269540607,5.19149035127725,0,0,0,0,0,0,0,0,0,0,0
"ASV1548",0,0,0,0,0,0,0,0,0,0,0,5.11831569014798,6.38674065482482,0,0,0,0,0,0,0,0,0,0
"ASV1568",0,0,0,0,0,0,0,4.08842877337711,0,0,0,0,0,5.49780543088325,4.10010270741272,0,0,6.28458413262491,0,0,0,0,0
"ASV1584",0,0,0,0,0,0,0,0,0,0,0,6.7778791447897,0,0,0,0,0,0,0,0,0,0,0
"ASV1592",0,0,0,4.38781353938317,5.71046712807041,0,0,4.92382459907573,0,0,0,0,4.6609449138415,0,0,0,0,0,0,0,0,0,0
"ASV1596",0,0,5.79310641545213,0,0,0,0,0,0,0,0,5.24975602451331,0,0,0,0,0,0,0,6.13136566312715,0,0,0
"ASV1649",0,0,0,0,0,0,0,4.45895321537287,2.74062803811296,0,0,0,0,0,0,0,6.89053252736262,0,0,0,0,0,0
"ASV1666",0,0,6.08203683000787,3.51267788146706,0,0,0,0,3.70029954519135,0,0,0,4.48914939988052,2.49854774890368,0,0,0,5.0580101358724,0,0,0,0,0
"ASV1685",0,0,2.895357115093,3.353809575739,0,0,0,4.43542173176912,0,0,0,4.57842953088192,0,0,0,0,0,0,0,0,0,5.55332350039348,0
"ASV1688",0,0,0,0,0,0,0,0,4.62537089663266,0,0,5.0145919079136,0,0,0,0,0,5.94951905226297,0,0,0,0,0
"ASV1713",0,3.33577222245556,0,4.52464399604426,0,6.06251634410939,0,0,0,0,0,2.61364525542524,4.69649464438244,0,0,0,0,0,4.90542617228321,0,0,0,0
"ASV1727",0,0,5.6490499919641,0,0,5.79398797052143,0,3.73068297389194,0,0,0,0,4.06848576770405,0,0,0,0,4.88197752286364,0,0,0,0,0
"ASV1735",0,0,3.2901591685423,0,0,0,0,4.16196080758117,0,0,0,0,0,0,0,5.06810264858766,0,0,5.53826542217897,0,0,0,0
"ASV1741",0,0,0,3.90534448265178,0,0,0,0,0,0,0,0,0,0,0,0,5.26624617713361,6.42683523793975,0,0,0,0,0
"ASV1752",0,0,0,0,0,0,0,0,0,0,0,0,0,0,0,0,0,0,0,0,0,7.35959991236616,0
"ASV1757",0,0,0,0,1.63060865475928,0,0,0,0,0,0,0,0,0,0,0,0,0,0,0,0,7.34561084657025,0
"ASV1758",0,0,0,0,6.06690151876802,0,0,0,0,0,0,5.47162625055281,0,0,0,0,5.88866601438649,0,0,0,0,0,0
"ASV1766",0,5.69877309824772,0,0,0,0,4.43191236213592,4.3871750361512,0,0,0,0,0,0,0,5.05049957213948,0,0,0,0,0,0,0
"ASV1767",0,0,0,0,0,0,0,0,0,0,0,0,0,0,0,0,6.50724596177081,5.62846413935774,0,4.40767355542197,0,0,0
