Sample_ID,Treatment,Age,Genetics,Organism,Sample_type,Sample_ID,ASV1,ASV3,ASV6,ASV7,ASV8,ASV9,ASV10,ASV11,ASV13,ASV14,ASV15,ASV16,ASV17,ASV18,ASV19,ASV21,ASV22,ASV23,ASV26,ASV27,ASV28,ASV29,ASV30,ASV31,ASV32,ASV33,ASV34,ASV35,ASV36,ASV38,ASV39,ASV40,ASV41,ASV42,ASV43,ASV44,ASV45,ASV46,ASV47,ASV48,ASV49,ASV51,ASV52,ASV53,ASV54,ASV55,ASV57,ASV59,ASV61,ASV62,ASV63,ASV64,ASV66,ASV67,ASV68,ASV69,ASV71,ASV73,ASV74,ASV75,ASV77,ASV78,ASV79,ASV82,ASV83,ASV84,ASV85,ASV86,ASV87,ASV88,ASV89,ASV91,ASV92,ASV93,ASV94,ASV95,ASV96,ASV97,ASV98,ASV99,ASV100,ASV103,ASV104,ASV105,ASV106,ASV107,ASV109,ASV110,ASV111,ASV112,ASV114,ASV115,ASV116,ASV117,ASV118,ASV119,ASV120,ASV123,ASV125,ASV126,ASV128,ASV129,ASV130,ASV131,ASV133,ASV134,ASV135,ASV136,ASV137,ASV138,ASV139,ASV140,ASV143,ASV145,ASV146,ASV147,ASV148,ASV149,ASV151,ASV152,ASV153,ASV155,ASV156,ASV157,ASV159,ASV160,ASV161,ASV162,ASV164,ASV166,ASV169,ASV171,ASV172,ASV174,ASV175,ASV176,ASV177,ASV178,ASV179,ASV180,ASV181,ASV182,ASV183,ASV184,ASV185,ASV186,ASV188,ASV189,ASV190,ASV191,ASV192,ASV193,ASV194,ASV195,ASV196,ASV198,ASV200,ASV201,ASV202,ASV203,ASV204,ASV206,ASV207,ASV208,ASV209,ASV211,ASV214,ASV217,ASV218,ASV219,ASV220,ASV221,ASV222,ASV223,ASV224,ASV225,ASV226,ASV228,ASV231,ASV232,ASV233,ASV234,ASV235,ASV236,ASV237,ASV239,ASV240,ASV241,ASV242,ASV243,ASV244,ASV245,ASV246,ASV248,ASV249,ASV250,ASV253,ASV254,ASV255,ASV256,ASV257,ASV258,ASV261,ASV262,ASV263,ASV264,ASV267,ASV268,ASV269,ASV270,ASV271,ASV272,ASV274,ASV275,ASV276,ASV277,ASV278,ASV279,ASV281,ASV282,ASV284,ASV286,ASV287,ASV288,ASV289,ASV290,ASV291,ASV292,ASV293,ASV294,ASV295,ASV297,ASV298,ASV299,ASV300,ASV301,ASV302,ASV303,ASV304,ASV305,ASV306,ASV307,ASV309,ASV310,ASV311,ASV312,ASV313,ASV314,ASV315,ASV316,ASV317,ASV318,ASV319,ASV320,ASV322,ASV323,ASV324,ASV325,ASV326,ASV327,ASV328,ASV329,ASV330,ASV332,ASV333,ASV334,ASV335,ASV336,ASV337,ASV338,ASV340,ASV341,ASV342,ASV343,ASV344,ASV345,ASV346,ASV347,ASV348,ASV350,ASV351,ASV353,ASV354,ASV355,ASV356,ASV357,ASV360,ASV362,ASV364,ASV365,ASV367,ASV368,ASV369,ASV371,ASV372,ASV373,ASV374,ASV375,ASV376,ASV377,ASV378,ASV379,ASV380,ASV381,ASV382,ASV383,ASV385,ASV386,ASV387,ASV389,ASV390,ASV393,ASV395,ASV397,ASV398,ASV399,ASV400,ASV401,ASV402,ASV403,ASV404,ASV405,ASV406,ASV407,ASV408,ASV409,ASV410,ASV411,ASV412,ASV414,ASV417,ASV418,ASV420,ASV421,ASV422,ASV424,ASV426,ASV427,ASV428,ASV431,ASV432,ASV433,ASV435,ASV436,ASV437,ASV440,ASV441,ASV442,ASV443,ASV444,ASV445,ASV447,ASV450,ASV451,ASV453,ASV454,ASV455,ASV456,ASV457,ASV459,ASV461,ASV462,ASV464,ASV466,ASV467,ASV468,ASV471,ASV472,ASV474,ASV475,ASV477,ASV478,ASV479,ASV480,ASV481,ASV482,ASV483,ASV484,ASV485,ASV486,ASV487,ASV489,ASV490,ASV491,ASV492,ASV493,ASV495,ASV496,ASV497,ASV499,ASV500,ASV502,ASV504,ASV505,ASV506,ASV507,ASV509,ASV510,ASV511,ASV512,ASV513,ASV514,ASV516,ASV517,ASV518,ASV520,ASV521,ASV522,ASV523,ASV524,ASV525,ASV527,ASV528,ASV529,ASV530,ASV531,ASV532,ASV533,ASV535,ASV537,ASV538,ASV539,ASV540,ASV541,ASV542,ASV543,ASV544,ASV545,ASV548,ASV549,ASV550,ASV551,ASV552,ASV553,ASV554,ASV555,ASV556,ASV557,ASV558,ASV560,ASV562,ASV563,ASV565,ASV566,ASV567,ASV568,ASV569,ASV570,ASV571,ASV572,ASV574,ASV575,ASV576,ASV577,ASV578,ASV579,ASV580,ASV581,ASV582,ASV585,ASV586,ASV587,ASV588,ASV590,ASV591,ASV592,ASV593,ASV594,ASV596,ASV597,ASV598,ASV600,ASV601,ASV604,ASV605,ASV606,ASV607,ASV608,ASV609,ASV610,ASV613,ASV615,ASV616,ASV618,ASV619,ASV621,ASV622,ASV624,ASV625,ASV626,ASV627,ASV628,ASV629,ASV631,ASV633,ASV634,ASV636,ASV637,ASV638,ASV639,ASV640,ASV641,ASV642,ASV643,ASV644,ASV645,ASV649,ASV655,ASV656,ASV657,ASV658,ASV659,ASV660,ASV661,ASV663,ASV664,ASV665,ASV667,ASV668,ASV669,ASV670,ASV672,ASV673,ASV674,ASV675,ASV676,ASV677,ASV678,ASV679,ASV680,ASV681,ASV682,ASV683,ASV684,ASV685,ASV686,ASV688,ASV689,ASV690,ASV692,ASV693,ASV694,ASV695,ASV696,ASV697,ASV698,ASV699,ASV703,ASV704,ASV705,ASV707,ASV708,ASV709,ASV714,ASV716,ASV718,ASV720,ASV721,ASV722,ASV723,ASV724,ASV725,ASV726,ASV727,ASV728,ASV733,ASV734,ASV736,ASV737,ASV738,ASV739,ASV740,ASV742,ASV743,ASV747,ASV748,ASV749,ASV750,ASV751
A-15,NA,Day 15,NA,Algae,Algae,A-15,1231,577,0,10,29,9,92,18,43,0,45,0,215,0,0,84,0,0,24,83,0,0,0,0,0,0,0,106,0,114,0,0,37,0,0,7,50,58,16,0,0,0,0,32,0,30,0,0,22,0,0,0,0,0,22,20,0,51,39,0,0,52,1,0,0,40,20,0,35,0,16,0,26,39,0,0,77,0,34,0,0,0,0,19,0,0,0,0,0,0,61,31,76,34,0,38,40,33,0,0,46,0,34,21,0,0,0,44,20,0,14,0,0,17,0,0,0,41,39,0,0,6,39,0,9,0,0,0,0,0,15,0,0,0,0,0,28,0,0,101,0,18,0,0,0,0,11,54,43,0,0,0,0,0,0,0,0,0,0,11,42,0,18,0,0,11,17,0,0,16,36,0,0,0,0,70,0,0,0,0,0,0,0,0,10,0,0,0,0,0,0,0,9,0,4,0,0,0,0,0,0,0,0,0,0,0,0,0,0,0,0,0,0,0,0,0,0,0,0,22,0,12,6,0,0,0,0,7,0,0,0,19,0,10,0,0,0,2,0,0,0,0,0,0,0,0,0,0,0,0,0,0,0,0,0,0,0,0,0,0,0,0,0,25,0,0,0,0,0,0,0,13,0,0,0,0,0,0,0,0,0,0,16,0,0,0,0,0,0,0,0,0,0,0,0,0,35,0,0,0,10,0,0,0,0,0,0,0,0,0,0,0,0,0,0,0,0,0,0,0,0,0,0,19,0,11,0,0,0,0,0,0,0,0,0,0,0,21,0,0,0,0,0,10,0,12,0,0,0,0,0,0,0,0,0,0,0,9,0,0,0,0,0,6,8,0,0,0,0,0,0,0,0,7,0,0,0,0,0,0,0,14,0,8,0,0,0,0,10,0,0,0,0,10,0,0,0,13,0,0,20,0,0,0,0,0,0,0,0,0,0,0,0,0,14,0,0,0,0,0,8,0,0,0,0,0,0,0,0,0,0,0,0,0,0,0,0,0,0,0,0,0,0,9,0,0,0,0,0,22,0,0,0,0,0,0,0,0,8,0,0,0,0,4,14,0,0,0,0,0,0,3,0,0,0,0,0,0,0,0,0,0,0,0,0,0,0,0,0,0,0,0,0,0,0,0,0,0,0,6,0,2,0,0,0,1,9,0,0,8,0,0,0,9,0,16,0,0,0,9,0,0,0,0,0,0,0,0,0,0,0,15,0,0,0,0,0,0,0,0,0,0,0,0,0,0,0,0,0,0,0,0,0,0,0,0,0,0,12,0,0,0,0,0,9,0,0,0,0,0,0,0,0,0,0,0,13,2,0
T1-1,Control,Day 01,1,Pacific oyster,Larvae,T1-1,689,366,0,18,159,124,103,16,25,0,51,0,156,0,84,75,0,0,31,50,39,0,119,0,0,82,0,75,0,25,18,0,0,0,0,92,41,45,45,0,0,30,0,19,0,25,0,0,19,0,0,0,14,12,20,20,0,25,32,0,0,53,0,0,0,21,34,0,60,0,24,18,14,46,0,0,43,0,16,0,0,6,0,12,0,0,0,0,0,0,21,19,31,28,0,18,3,16,0,37,21,0,26,15,0,0,38,28,0,0,46,0,0,16,30,22,0,15,15,15,0,0,43,0,18,0,0,0,19,0,0,0,7,15,0,0,22,0,35,15,22,12,0,32,12,0,0,0,0,0,10,0,0,10,0,0,0,0,0,31,12,0,1,0,0,12,17,0,0,24,22,0,0,0,0,0,0,0,7,0,14,0,17,0,12,40,0,0,0,6,0,16,12,0,0,22,9,0,0,9,14,90,15,0,0,0,0,6,4,0,20,0,0,14,25,18,0,0,0,28,0,0,24,0,0,0,0,4,0,0,0,11,0,6,13,20,0,0,0,0,0,0,0,0,0,0,0,0,0,24,0,31,0,8,0,12,0,25,0,7,0,0,0,27,17,0,0,0,0,0,0,0,8,0,13,15,0,0,0,0,0,18,5,0,0,0,0,0,0,0,0,3,0,0,0,0,18,0,0,47,0,0,0,0,0,0,0,15,0,0,3,0,0,20,0,0,17,19,0,13,0,0,0,12,0,8,24,0,0,0,0,0,0,0,0,0,0,0,0,0,0,0,0,0,0,6,0,0,15,0,0,0,0,15,0,0,0,0,0,0,12,10,0,5,1,0,0,0,33,0,0,0,0,0,9,0,0,0,0,0,0,0,0,6,0,0,0,0,4,0,0,0,0,0,0,0,0,0,5,0,12,0,0,0,0,0,0,4,0,0,4,0,0,6,0,5,0,0,0,0,0,7,0,0,10,0,0,0,0,0,0,0,0,0,0,0,0,0,0,0,0,0,0,0,0,0,0,0,0,2,0,0,0,0,0,32,0,0,0,0,0,12,0,0,5,0,0,0,0,0,0,1,0,0,0,0,0,3,0,0,0,0,0,0,0,0,0,0,0,0,0,0,0,10,2,0,0,0,0,0,0,0,0,0,0,0,0,0,0,16,0,0,0,0,0,0,6,0,0,4,0,0,0,0,0,0,0,0,0,0,0,0,0,3,0,0,0,0,0,4,0,0,0,15,0,0,0,0,0,0,0,8,0,0,0,0,0,0,0,0,0,0,0,0,0,0,3,0,0,0,0,0,0,0,0,0,0,0,6
T1-15,Control,Day 15,1,Pacific oyster,Larvae,T1-15,958,449,0,0,165,210,124,23,22,0,33,0,48,0,0,154,0,0,129,24,0,0,0,0,0,87,0,145,0,98,16,0,13,0,0,37,36,29,0,0,0,0,0,49,0,25,0,0,42,0,0,0,44,0,0,83,0,10,54,0,0,20,9,23,0,37,10,0,72,0,32,0,0,17,0,0,100,0,10,0,0,0,0,9,0,0,0,0,0,0,29,23,21,32,0,0,149,25,0,0,34,0,13,0,0,0,0,169,0,0,16,0,0,4,0,0,0,0,63,36,0,6,0,0,12,0,0,0,0,0,0,0,0,26,0,0,0,0,0,17,0,14,0,0,23,0,18,9,59,0,0,0,0,0,0,0,0,0,0,28,23,0,12,0,0,0,1,0,0,0,17,0,0,39,15,13,0,0,0,0,0,0,0,0,14,0,0,0,0,0,0,0,10,0,0,0,0,0,0,0,0,0,0,0,0,0,0,0,0,0,0,0,0,12,0,0,3,0,0,0,0,0,0,0,0,0,0,0,0,0,0,14,0,0,0,18,0,0,0,0,0,0,0,0,0,0,0,0,0,0,0,75,0,0,0,0,0,0,0,0,0,0,0,39,0,0,15,0,0,0,0,0,0,0,0,0,0,0,15,0,0,0,17,0,0,7,0,0,0,0,0,0,0,0,0,0,11,0,0,0,0,0,0,0,0,0,0,0,0,10,18,82,0,4,0,0,0,0,0,0,0,0,0,0,0,8,0,0,0,0,0,0,22,0,0,0,0,0,0,0,0,0,2,6,0,7,0,0,0,0,0,0,0,0,0,0,19,0,0,0,0,0,0,0,0,0,0,0,0,0,0,0,0,0,0,0,0,0,0,0,0,0,0,0,0,0,0,0,7,13,0,0,0,31,0,0,0,0,0,0,3,0,0,0,0,1,0,0,0,0,0,0,0,10,4,0,0,28,0,0,0,12,0,0,0,0,0,0,0,0,0,0,0,0,0,10,0,0,0,0,0,0,0,0,0,0,0,0,0,17,2,0,0,0,0,5,0,0,1,0,0,0,34,0,14,0,0,0,0,0,0,0,0,23,0,0,0,0,0,0,0,0,0,0,0,0,0,0,0,0,0,0,0,0,0,0,0,0,0,0,0,0,0,0,0,0,0,0,0,7,0,0,0,8,0,13,8,0,0,0,0,12,0,0,0,0,0,0,0,0,0,0,0,0,5,0,0,0,0,0,0,0,0,0,2,0,0,0,3,0,0,0,0,0,0,0,0,0,0,0,0,11,1,0,12,0,2,0,9,0,0,0,0,0,0,0,0,0,0
T1-3,Control,Day 03,1,Pacific oyster,Larvae,T1-3,875,513,0,31,1459,452,36,8,42,0,62,0,65,15,29,0,0,0,0,6,0,0,19,0,0,709,0,10,0,0,78,0,0,0,0,27,5,27,21,0,0,0,0,11,0,17,0,0,13,0,0,0,0,0,7,0,9,0,0,0,63,0,0,0,0,12,0,0,0,9,43,0,0,0,0,0,0,0,9,0,0,0,0,0,0,26,0,0,0,0,0,8,0,0,0,0,0,10,0,11,0,0,0,0,0,27,0,0,1,0,18,0,0,2,0,0,0,0,15,6,0,0,0,0,0,0,0,0,0,0,0,0,0,0,0,0,0,0,0,0,0,0,0,0,0,30,2,0,13,0,6,0,0,0,0,0,0,0,1,0,0,0,0,0,0,5,0,0,0,0,3,0,0,9,0,0,0,0,0,0,0,0,17,0,0,0,0,0,0,0,0,0,0,21,0,0,8,0,0,0,0,0,0,0,0,0,0,0,0,0,0,0,25,0,0,0,0,0,0,0,0,0,0,0,0,0,0,0,0,0,0,0,0,0,0,0,0,0,0,0,0,0,0,0,0,0,0,0,0,0,0,0,0,0,0,0,0,0,0,0,0,0,1,0,0,0,0,0,0,0,0,0,0,0,0,0,0,0,0,0,10,0,0,0,26,0,0,10,0,0,0,0,0,0,14,0,0,0,0,6,0,0,0,0,0,0,0,0,0,0,0,10,0,0,16,0,0,0,0,0,0,0,0,0,0,0,0,0,0,0,8,0,0,0,6,0,0,0,0,0,5,1,0,0,0,0,0,0,0,0,0,0,0,0,0,0,0,0,0,0,0,0,0,0,0,0,0,0,0,0,0,0,0,0,0,0,0,0,0,5,0,0,0,0,0,0,0,0,0,0,1,0,0,0,0,0,0,0,0,0,0,0,0,0,0,0,0,0,0,0,2,0,0,0,0,3,0,0,0,0,0,0,0,0,0,0,0,0,0,0,0,0,0,0,0,0,0,17,15,0,0,0,0,0,0,0,0,0,0,0,0,0,0,0,0,0,0,0,0,0,0,0,0,0,3,0,0,0,0,0,0,0,0,0,0,0,0,0,0,0,0,0,0,0,0,0,0,0,0,0,0,0,0,0,0,0,0,0,0,0,0,0,0,0,0,0,0,0,10,0,5,0,0,0,0,0,0,0,0,0,0,0,0,0,0,0,0,0,0,0,0,0,0,0,0,0,0,0,0,0,0,0,0,0,0,0,0,0,4,0,0,0,0,0,0,0,0,0,2,0,0,0,0,0,0,0,0,0,0,0,0,0,2,0,0,0,0,0,0
T1-6,Control,Day 06,1,Pacific oyster,Larvae,T1-6,1352,689,0,64,71,205,118,0,68,0,38,0,81,28,36,0,0,0,179,48,0,0,0,10,0,39,0,35,16,97,69,43,24,0,0,22,30,30,0,0,0,0,0,27,0,25,0,0,48,0,0,0,106,0,6,14,0,28,21,0,559,18,0,29,0,21,25,0,18,0,17,0,0,0,0,0,0,0,28,0,0,0,0,27,0,30,0,0,0,0,7,26,15,5,0,13,0,56,0,15,0,0,7,15,24,15,0,0,14,0,0,0,0,0,0,0,0,0,2,0,0,0,0,0,5,21,0,0,0,0,0,0,0,0,0,0,0,0,0,0,0,11,0,9,22,0,0,29,0,0,0,0,0,27,0,0,0,0,7,0,3,0,0,0,0,0,7,0,0,0,0,0,0,0,0,0,0,0,0,0,0,0,0,0,6,0,0,0,0,0,0,0,13,0,0,0,0,0,0,0,0,0,17,0,0,0,0,0,0,0,0,14,0,0,0,0,18,0,0,0,0,0,14,0,0,0,0,0,0,0,0,0,0,7,0,0,0,0,17,0,0,0,0,0,0,0,0,0,0,0,0,17,0,0,0,0,0,0,0,4,0,0,0,0,0,0,0,0,12,0,0,0,0,0,0,0,2,0,0,0,0,0,5,0,0,0,0,0,0,0,0,1,0,0,0,0,0,0,0,0,0,0,0,0,0,0,0,0,0,0,0,4,6,0,11,0,0,0,8,0,0,0,0,0,0,0,0,0,0,0,0,0,0,0,0,0,0,9,0,0,0,0,0,0,0,0,0,0,0,0,0,0,0,0,0,0,0,0,0,0,0,0,0,0,0,0,0,0,0,0,0,0,0,0,0,20,14,0,0,5,0,11,0,6,0,0,0,0,6,0,0,0,13,0,0,0,0,0,0,0,3,0,0,0,0,0,13,0,0,0,0,0,0,0,0,1,0,0,0,0,0,7,0,0,0,0,0,0,0,0,0,0,0,0,0,0,0,0,0,0,0,0,0,0,0,0,0,0,0,0,0,0,0,0,0,0,0,0,5,0,0,0,0,0,0,0,0,0,0,0,0,4,0,0,0,0,0,0,0,0,0,0,0,0,0,0,0,0,0,0,0,13,0,5,0,0,0,0,0,0,0,0,0,0,0,2,0,0,0,0,0,0,0,0,0,0,0,0,0,4,0,0,0,0,0,0,0,0,0,0,0,0,0,0,0,0,0,0,0,0,0,0,0,0,8,0,0,0,0,0,0,0,0,0,0,0,0,0,0,0,0,0,0,0,0,0,0,0,6,0,0,0,3,0,0,0,0,0,0
T1-S-1,Control,Spat,1,Pacific oyster,Spat,T1-S-1,90,57,471,0,18,0,19,152,0,233,0,123,0,0,0,6,167,158,0,0,0,78,0,80,76,6,52,4,0,7,7,0,0,57,7,6,0,0,0,28,77,0,35,6,85,0,42,145,0,0,64,62,0,0,0,19,43,5,7,150,0,0,38,9,29,0,8,98,0,29,9,5,0,0,0,55,9,21,5,26,0,0,31,12,33,0,19,26,28,0,0,0,7,7,54,0,0,0,15,0,0,5,0,0,0,0,2,0,0,42,0,0,26,0,0,0,26,0,0,0,27,14,0,27,2,0,64,20,0,27,0,18,0,0,28,13,0,8,0,0,0,0,14,0,0,0,0,0,0,17,0,12,12,0,12,6,16,0,14,0,0,0,0,14,0,19,0,0,1,0,0,15,11,0,7,0,14,11,0,8,0,19,0,18,4,0,20,0,6,18,0,0,7,12,8,0,0,12,0,0,0,5,5,0,0,0,22,7,20,6,0,0,0,0,0,0,0,14,20,0,10,0,0,3,19,8,12,9,0,11,9,0,6,0,0,0,0,5,0,13,0,0,0,6,10,12,18,14,0,0,22,0,0,0,0,10,0,0,0,0,8,13,0,0,0,16,4,8,0,7,0,11,3,18,0,6,0,15,0,8,0,0,0,11,0,0,6,0,12,11,12,0,0,12,0,0,0,0,8,0,6,0,1,15,0,13,0,0,17,0,4,0,0,0,0,12,0,0,0,0,6,7,14,5,0,0,0,13,9,2,20,13,0,3,0,11,3,0,0,0,0,9,0,0,18,0,0,12,0,13,0,4,0,0,0,0,0,3,10,0,0,0,8,4,0,14,0,4,0,0,3,18,8,4,0,0,0,0,0,0,0,0,9,0,20,4,6,0,0,0,10,6,3,0,0,0,0,0,0,8,0,0,12,6,0,0,0,0,0,0,0,16,0,0,0,0,0,0,0,0,4,0,0,0,0,16,0,5,9,15,14,0,2,5,0,0,4,0,5,0,0,4,21,0,4,0,0,0,0,0,0,0,0,0,1,0,4,0,0,7,0,0,0,0,0,4,13,0,0,0,5,0,0,0,7,10,0,0,0,0,0,0,0,0,14,0,0,0,0,0,0,0,1,0,0,10,13,0,0,4,0,0,6,3,0,0,0,0,0,0,0,9,0,0,0,0,0,0,0,0,0,0,0,0,0,0,4,1,0,0,0,0,5,0,9,0,0,0,0,0,13,0,5,0,0,13,0,0,0,20,0,0,11,0,19,0,0,0,0,2,0,0,6,0,0,0,0,0,0,14,0,0,0,2,0,0,0,3,0
T1-S-2,Control,Spat,1,Pacific oyster,Spat,T1-S-2,119,64,337,10,39,14,84,152,6,168,0,169,0,0,6,30,153,100,0,0,0,25,0,94,133,0,65,21,0,8,0,0,25,93,0,10,0,0,0,39,96,0,35,2,58,0,14,143,0,0,73,68,0,0,25,0,43,0,0,243,0,0,29,41,48,0,0,51,0,28,0,0,0,0,0,29,0,36,19,48,0,0,40,0,20,0,28,43,30,0,0,0,0,21,43,0,0,0,19,0,0,30,4,0,0,0,0,0,0,32,0,0,19,0,0,0,18,0,0,0,23,28,0,18,0,0,102,0,0,21,13,19,19,5,54,19,0,12,0,0,0,0,23,0,0,0,0,0,0,31,0,24,7,0,0,11,14,17,10,0,0,0,0,0,0,0,0,0,0,0,0,15,0,0,0,0,18,18,0,0,0,19,0,0,9,0,19,0,27,21,0,0,0,0,9,0,24,14,0,0,4,0,0,0,0,0,27,18,0,0,0,0,0,0,0,0,0,0,0,0,11,0,0,9,17,10,10,13,0,17,0,0,14,0,0,0,0,10,0,16,0,22,13,0,27,4,37,14,19,0,9,0,0,0,0,11,0,0,0,0,0,27,0,0,0,8,0,13,0,0,0,0,0,0,0,0,0,19,0,0,0,0,0,14,0,0,11,0,4,0,3,0,35,0,0,0,0,0,0,0,12,0,18,0,0,20,0,0,0,0,0,0,0,0,0,0,9,0,0,0,0,0,8,0,0,0,0,0,0,0,34,0,0,5,0,12,6,0,0,0,0,9,0,0,0,0,0,15,0,17,0,10,0,0,0,0,0,8,0,0,5,0,13,6,0,0,5,0,0,0,0,0,0,3,0,0,0,0,0,0,0,0,20,0,12,0,0,0,0,0,3,0,0,0,0,0,0,0,0,15,5,0,0,0,1,0,0,0,0,0,0,16,10,0,0,0,0,0,4,0,7,0,0,0,0,0,0,0,13,5,4,0,0,2,10,0,0,0,0,0,0,0,11,0,0,0,0,36,0,0,0,21,0,0,0,0,0,0,0,2,0,0,0,0,0,21,0,0,0,0,0,0,0,0,17,1,2,0,0,0,7,0,0,0,0,0,1,0,16,0,0,0,0,0,0,0,21,0,0,0,0,0,0,0,0,0,0,0,0,0,0,0,0,0,0,0,0,0,0,0,18,9,0,0,0,0,0,0,0,0,0,0,0,0,0,0,4,0,0,0,0,0,1,0,0,0,0,0,0,0,18,0,0,4,0,4,0,0,0,0,0,0,0,0,0,0,0,0,0,0,0,0,0,0,0,0,3,0,0
T13-1,Control,Day 01,3,Pacific oyster,Larvae,T13-1,60,33,0,0,87,69,65,31,51,0,70,0,120,0,94,31,0,0,0,90,90,0,130,0,0,42,0,59,0,8,43,0,0,0,0,150,46,80,136,33,0,51,0,0,0,39,0,10,0,0,0,0,0,46,16,0,0,37,0,0,0,37,0,0,0,31,39,0,127,0,32,89,0,86,0,0,0,0,0,0,0,27,0,30,0,0,0,0,0,0,0,27,7,0,0,27,0,0,0,166,25,0,18,0,51,0,129,0,51,0,62,0,0,34,48,0,0,0,0,0,0,0,0,0,19,0,0,0,38,0,0,0,0,0,0,0,21,0,85,0,39,0,0,14,0,0,0,0,0,0,0,0,0,0,0,0,0,0,0,0,14,0,0,0,0,0,67,123,0,0,65,0,0,0,6,43,0,0,0,0,0,0,21,0,0,48,0,0,0,0,29,43,0,0,0,64,0,0,0,17,50,0,0,0,0,0,0,0,0,0,0,0,0,0,34,0,36,0,0,0,0,0,0,0,0,0,0,0,0,0,0,0,0,0,0,0,31,12,34,0,0,0,0,0,0,0,0,0,0,88,0,0,0,22,0,0,54,0,0,0,0,0,7,65,80,0,0,0,0,0,29,0,37,0,14,35,0,0,0,0,0,31,3,0,0,0,0,0,0,0,0,0,0,0,0,0,0,15,0,13,0,0,0,0,0,0,0,0,3,0,5,0,0,0,0,0,0,20,0,0,0,0,0,0,0,0,0,0,0,0,0,0,0,0,0,0,0,0,65,0,0,0,0,0,0,0,0,0,36,0,0,0,0,0,0,0,0,0,0,0,0,39,0,0,0,0,0,0,65,0,0,0,0,0,0,0,0,23,0,0,0,42,0,13,0,0,0,0,0,0,0,0,38,0,0,0,0,0,0,0,0,0,0,44,0,0,0,0,0,0,0,0,0,0,0,6,0,41,0,0,0,0,0,0,19,0,0,0,0,0,0,0,0,0,0,0,0,0,0,0,3,0,0,0,0,0,0,0,0,0,0,0,0,0,0,0,0,0,0,0,0,0,5,0,0,0,0,24,0,0,0,0,0,0,0,0,0,0,0,0,0,24,51,0,0,35,0,0,0,0,0,0,0,0,11,0,0,0,0,0,0,0,0,0,0,0,6,0,0,0,0,0,0,0,0,0,0,0,0,0,0,0,0,0,0,0,0,0,0,0,0,0,0,18,0,0,0,0,0,0,0,0,0,3,0,0,0,0,0,0,0,0,0,0,0,0,52,0,0,0,0,0,0,0,0,0,0,0,0,0,0,0,0,0,0,0,0,0,31
T13-15,Control,Day 15,3,Pacific oyster,Larvae,T13-15,1309,599,0,11,18,46,118,58,25,0,62,0,131,0,0,260,0,0,27,34,0,0,0,42,0,0,0,136,0,72,0,0,18,0,0,30,19,59,32,17,0,0,0,58,0,23,0,0,61,0,0,0,0,0,35,68,0,0,132,0,0,0,0,0,0,25,0,0,42,0,40,0,0,15,0,0,117,0,12,0,0,0,0,0,0,0,0,0,0,0,48,14,33,11,0,0,102,30,0,0,8,0,8,0,0,0,0,24,18,0,0,0,0,0,0,0,0,0,25,26,0,6,63,0,9,0,0,0,0,0,0,0,0,22,0,0,0,28,0,39,0,9,0,38,18,11,23,0,0,0,0,0,0,0,0,0,0,0,0,23,35,0,40,0,0,12,13,0,45,17,11,0,0,0,5,24,0,0,0,0,0,0,0,0,0,0,0,28,0,0,9,0,18,0,0,0,9,0,0,0,0,0,0,0,0,0,0,8,0,0,0,17,0,0,0,0,0,0,0,0,0,5,0,0,0,0,0,20,0,0,0,0,0,0,0,36,0,0,26,0,0,0,0,0,0,0,0,0,0,0,0,0,0,0,0,0,0,0,0,0,0,0,3,0,0,0,0,11,0,0,0,0,0,0,13,0,0,0,0,0,0,0,0,0,0,0,0,0,0,0,0,0,0,0,0,0,0,0,0,0,0,0,0,0,0,0,0,0,0,0,11,0,0,0,0,10,0,0,0,22,18,0,0,20,0,4,0,0,0,0,0,0,0,0,0,0,0,0,0,0,0,0,0,0,0,8,0,0,0,0,0,0,0,0,0,0,0,0,0,0,0,0,0,0,20,16,0,0,0,0,9,0,0,0,0,0,0,0,0,2,17,0,0,0,0,0,0,0,0,21,0,0,0,0,18,0,0,0,0,0,0,0,0,0,0,13,0,0,0,0,0,0,0,0,0,0,0,0,0,0,0,0,32,0,0,0,4,0,0,0,0,0,0,0,0,0,0,0,0,0,0,0,0,0,0,0,0,0,0,0,0,0,0,0,0,16,0,0,7,0,0,25,0,0,6,0,0,0,0,0,0,0,0,0,0,0,0,0,0,0,0,0,0,0,0,0,0,0,0,0,0,0,0,0,0,0,0,0,0,0,0,0,0,0,0,1,0,0,0,0,0,0,0,0,0,0,0,0,0,0,0,0,0,0,0,0,0,0,0,0,0,0,0,0,0,0,0,0,0,0,0,0,0,0,0,0,0,0,0,0,0,0,0,0,0,0,0,0,12,0,8,0,0,0,8,0,0,0,0,0,0,8,0,0,0,0,0,0,0
T13-2-2,Control,Spat,3,Pacific oyster,Spat,T13-2-2,147,86,427,5,10,14,15,146,6,205,7,151,0,0,0,30,296,177,0,0,0,296,0,111,41,0,64,16,0,8,0,0,0,96,0,0,0,32,10,43,131,0,85,0,78,0,137,13,0,0,32,58,0,0,10,0,46,0,0,0,0,0,34,43,38,0,10,39,0,32,0,0,0,0,0,59,0,34,0,51,0,0,31,9,32,0,44,40,31,0,0,0,0,11,38,0,0,0,57,0,0,37,8,0,0,0,0,0,0,21,0,0,25,0,0,0,26,0,0,0,50,22,0,0,0,0,0,0,0,0,14,17,57,6,24,31,0,0,0,0,0,0,37,0,0,0,0,0,0,16,0,11,0,0,16,11,27,0,9,0,0,0,0,0,31,0,0,0,0,0,0,17,14,0,0,0,25,35,0,0,0,18,0,17,0,0,28,0,4,0,0,0,0,0,6,0,0,0,9,0,0,0,7,0,0,0,17,25,0,22,0,0,0,2,0,0,0,0,13,0,18,0,0,10,6,7,12,0,0,0,0,0,12,0,0,0,7,0,0,0,0,25,20,0,0,7,0,8,0,0,9,0,0,0,0,0,0,0,0,0,0,16,0,0,0,47,0,8,0,8,0,0,0,0,0,0,0,0,0,0,0,0,0,0,0,0,25,0,6,8,14,0,20,0,0,12,0,0,0,0,0,0,0,0,0,12,0,0,0,0,0,0,0,0,0,0,0,0,0,0,0,0,0,0,0,0,0,0,0,0,0,0,0,15,0,11,5,0,0,0,0,0,0,0,0,0,18,0,0,6,0,0,0,0,0,0,0,7,0,0,0,0,15,2,0,0,0,0,0,18,0,0,18,5,0,0,0,0,0,0,0,0,0,0,0,0,0,0,0,0,9,20,6,0,3,0,0,0,0,0,0,0,0,0,5,0,0,0,0,0,0,0,0,0,0,0,0,0,0,0,0,0,0,0,0,0,0,0,0,12,0,0,0,0,8,0,0,0,0,0,0,0,0,0,0,0,0,0,0,0,0,8,0,0,0,0,0,9,0,0,0,0,0,0,0,0,0,0,0,0,0,0,0,0,11,0,7,0,0,0,0,0,0,0,20,0,0,0,31,0,0,0,6,0,0,0,0,0,0,14,0,0,8,0,0,0,0,0,0,0,0,0,0,0,0,0,0,0,0,0,0,0,0,0,0,0,0,0,0,22,0,0,17,0,0,0,30,3,0,0,0,0,0,0,0,0,0,0,0,0,0,0,0,0,0,10,0,0,0,0,0,0,0,9,0,0,0,0,0,0,0,0,0,0,0,0,0,6,0
T13-3,Control,Day 03,3,Pacific oyster,Larvae,T13-3,836,460,0,68,24,87,32,27,261,0,47,0,41,51,6,21,0,0,0,75,16,0,75,0,0,0,0,0,0,0,185,169,19,0,0,0,73,59,0,0,0,0,0,48,0,69,0,0,55,0,0,0,0,0,27,18,0,61,15,0,0,24,0,35,0,48,38,0,37,0,0,0,0,0,0,0,0,0,0,0,0,0,0,0,0,86,0,0,0,0,15,0,42,0,0,23,0,2,0,0,0,0,50,27,0,48,0,0,21,0,0,0,0,52,14,97,0,56,0,0,0,10,0,0,71,0,0,0,0,0,0,0,0,0,12,0,33,0,0,0,0,59,0,37,27,30,29,12,27,0,0,0,0,0,0,0,0,0,0,0,44,0,0,0,0,17,0,0,23,0,27,0,0,0,0,0,0,0,0,0,19,0,0,0,0,0,0,0,0,0,0,0,0,0,0,0,0,0,0,65,0,0,12,0,0,0,0,0,0,0,0,12,0,20,0,0,24,0,0,0,0,0,33,0,0,0,0,9,0,0,0,12,0,24,0,0,0,0,0,0,25,17,0,0,0,0,0,0,0,0,0,0,0,23,0,0,0,0,0,0,0,0,0,0,0,0,0,0,11,0,0,0,0,0,7,0,39,0,0,0,23,0,11,0,26,0,0,29,0,0,0,0,0,0,0,0,0,0,0,23,0,68,0,0,27,0,0,0,0,0,0,0,0,0,3,0,0,0,0,0,0,0,0,0,0,0,0,0,0,0,0,0,0,0,10,0,0,0,0,0,0,0,0,10,0,30,0,0,0,0,0,0,0,0,0,3,11,0,0,12,0,0,0,0,0,0,0,0,0,0,0,0,0,0,0,22,0,0,0,16,52,0,0,7,0,0,0,0,0,0,0,0,0,0,0,0,0,0,0,0,0,0,0,0,0,0,0,0,27,0,0,0,0,0,0,75,0,0,0,0,0,0,0,0,0,0,22,0,0,0,0,0,0,20,0,0,0,1,0,0,0,0,0,0,0,0,0,0,0,0,17,0,0,0,0,0,0,0,0,0,0,0,0,4,0,0,0,0,0,0,0,0,0,0,0,0,0,0,0,4,0,0,0,0,0,0,0,0,0,19,0,24,0,0,0,0,0,0,0,0,0,0,0,0,0,21,13,34,0,0,0,0,0,0,0,0,8,0,0,0,0,0,0,0,0,0,0,0,0,0,0,0,0,0,0,0,0,0,0,6,0,0,0,0,0,0,0,0,0,0,0,0,0,0,0,0,0,0,0,0,0,0,0,0,0,0,0,0,0,0,0,0,0,0,0,0,0,0,0
T13-6,Control,Day 06,3,Pacific oyster,Larvae,T13-6,523,299,0,32,35,32,96,8,143,0,83,0,48,0,0,52,0,0,65,175,0,0,12,0,0,0,0,29,752,135,19,60,27,0,0,0,77,40,28,0,0,13,0,44,0,63,0,0,46,0,0,0,36,0,12,43,0,76,22,0,20,89,0,21,0,39,24,0,35,0,28,0,0,0,371,0,0,0,22,0,0,0,0,0,0,0,0,0,0,0,23,4,0,4,0,63,0,56,0,0,22,0,36,83,0,1,0,26,43,0,0,0,0,40,0,0,0,52,26,0,0,0,0,0,31,0,0,0,0,0,0,0,0,6,0,0,38,0,0,0,0,15,0,0,0,0,5,17,0,0,0,0,0,23,0,0,0,0,0,0,9,0,0,0,0,0,0,14,0,22,8,0,0,17,28,12,0,0,0,0,0,0,0,0,10,0,0,0,0,0,0,0,0,0,0,0,0,0,0,17,0,0,9,0,0,50,0,0,14,0,0,15,0,15,0,0,4,0,0,0,0,0,26,0,0,0,0,0,0,0,0,7,0,0,0,0,0,0,0,0,0,7,0,0,0,0,0,0,0,0,0,0,0,0,0,0,0,0,0,29,0,0,0,0,0,0,0,0,0,0,0,0,0,0,4,27,0,0,29,0,0,0,11,0,0,0,0,9,0,0,0,0,0,0,0,0,24,7,0,8,0,14,0,0,0,0,0,0,0,48,0,0,0,13,0,0,0,0,0,0,15,0,0,0,0,8,0,0,0,0,0,0,0,0,0,0,0,8,0,0,0,0,0,13,0,0,0,0,0,0,0,0,0,0,0,0,0,0,0,0,0,0,0,0,0,0,0,0,0,0,0,0,0,8,0,0,16,0,0,0,0,0,0,0,0,0,0,0,6,0,0,0,0,0,0,0,0,17,3,0,0,0,0,0,0,0,0,0,0,0,11,0,0,0,0,0,0,0,0,0,0,0,0,0,0,0,9,0,0,0,0,0,0,0,0,0,0,0,0,0,0,0,0,0,0,0,0,0,0,0,12,0,0,0,0,0,0,0,7,0,0,0,0,0,0,0,0,0,0,0,0,0,0,0,0,0,0,0,0,0,0,0,0,0,0,0,0,0,0,0,0,0,0,0,0,0,0,0,0,0,0,5,0,0,0,0,7,0,0,0,0,0,0,0,0,0,18,0,0,6,0,0,0,0,9,0,0,0,15,3,0,0,0,0,0,0,0,0,25,0,0,0,0,0,7,0,0,5,0,0,0,0,0,0,0,0,0,0,0,0,0,0,0,0,0,0,0,0,0,0,0,0,0,0,0,0,0,0,0
T13-S-1,Control,Spat,3,Pacific oyster,Spat,T13-S-1,107,69,380,18,30,27,66,112,20,169,15,290,24,0,0,30,192,161,0,0,10,210,0,59,67,0,93,32,0,26,0,0,0,132,0,0,6,0,29,58,103,0,66,3,68,0,129,43,0,0,25,38,0,0,33,18,54,0,0,0,0,0,0,24,50,0,0,34,0,20,0,17,0,16,0,21,0,26,0,49,0,0,37,18,11,13,33,22,36,0,0,0,0,9,25,0,0,0,52,0,0,17,0,0,0,0,18,0,0,29,0,0,22,0,0,0,20,0,0,0,47,24,0,29,0,0,0,4,0,11,11,19,34,3,0,27,0,0,0,0,0,0,38,0,0,0,0,0,0,38,0,22,10,0,17,28,5,0,2,0,0,0,0,12,0,0,0,11,0,0,0,21,16,0,0,0,25,10,0,42,7,27,0,0,6,0,19,0,4,25,0,0,0,0,14,0,0,11,9,0,15,0,0,0,0,0,19,12,6,0,0,0,0,0,0,0,0,0,0,0,0,0,0,10,6,0,7,7,0,16,0,0,0,0,0,0,32,8,0,18,0,0,0,23,0,13,13,0,0,0,1,0,0,0,0,0,0,0,0,0,15,13,0,0,0,32,0,11,0,2,0,0,0,0,0,0,0,6,0,0,0,0,0,0,0,0,11,0,15,5,0,0,0,0,0,0,1,0,0,0,17,0,0,0,0,6,26,0,9,0,0,0,0,0,0,2,0,0,0,0,0,12,0,0,0,0,0,0,10,16,0,0,0,7,0,0,6,0,0,0,0,8,0,0,0,0,0,0,0,13,9,0,0,0,0,0,0,0,0,0,0,0,10,8,0,0,0,0,0,0,0,0,25,0,0,0,0,0,0,0,0,0,8,0,0,0,6,0,0,0,22,11,0,0,0,0,0,0,27,0,0,0,14,0,7,0,0,0,0,0,0,0,0,0,0,0,0,0,0,0,0,0,0,0,0,0,0,0,0,11,0,15,12,0,10,0,0,0,0,0,9,4,0,0,5,0,0,0,23,0,0,0,0,0,0,0,0,0,0,9,0,0,0,0,0,0,0,0,0,0,0,0,0,0,0,0,0,0,0,0,0,0,0,0,23,0,0,5,0,0,0,0,0,0,0,0,0,11,0,0,0,0,0,0,0,0,0,0,0,2,0,18,0,0,0,0,0,0,0,0,0,0,6,0,0,0,0,0,0,9,0,0,14,0,0,0,16,15,0,0,0,27,5,0,0,0,0,0,0,10,0,0,0,0,0,11,0,0,0,0,0,0,0,0,0,0,0,0,0,0,0,0,0,0,0,0,0,3,0
T14-1,Probiotics,Day 01,3,Pacific oyster,Larvae,T14-1,27,17,0,404,58,14,44,31,30,0,52,0,54,174,160,16,0,0,8,33,42,0,245,15,0,26,33,0,0,2,9,0,214,0,0,77,0,43,525,0,0,96,0,0,0,9,0,0,8,0,0,0,0,24,0,0,0,13,0,0,0,28,8,0,19,10,23,0,37,0,6,165,0,11,0,0,0,0,0,0,0,20,0,0,0,0,0,0,0,116,24,18,0,0,0,16,0,0,0,40,4,0,0,46,0,0,92,0,3,0,36,0,0,6,302,0,0,0,0,0,0,0,0,0,3,0,0,0,29,0,0,0,25,0,0,0,0,0,25,0,20,0,0,22,0,0,7,0,0,0,31,0,0,20,0,0,0,0,0,0,3,0,0,0,0,0,25,97,0,0,0,0,0,0,0,6,0,0,0,0,10,0,0,0,0,29,0,0,0,10,5,14,9,0,0,39,0,0,0,0,88,0,0,0,0,0,0,0,0,0,10,0,0,2,36,81,0,0,0,0,0,0,0,0,0,0,0,0,0,0,0,0,0,0,0,0,0,0,0,0,9,0,0,0,0,0,0,0,0,64,0,0,0,0,0,10,14,19,0,0,0,0,4,27,0,0,0,0,0,0,61,0,68,0,9,26,0,0,2,0,0,27,0,0,0,0,0,0,0,0,0,3,0,0,0,0,0,24,0,0,0,0,0,0,0,0,0,72,0,0,0,0,0,33,0,0,0,6,0,0,0,0,0,0,0,0,0,0,0,0,0,0,0,0,5,0,0,0,53,0,0,0,0,0,0,0,0,0,15,0,13,0,0,0,0,0,0,0,0,0,26,39,0,0,0,0,0,0,0,0,0,0,0,6,7,0,0,0,0,0,0,0,0,0,0,0,0,29,0,0,0,0,10,0,0,0,0,0,1,0,0,0,0,0,0,0,10,18,0,9,1,0,0,0,6,0,0,0,0,0,0,0,0,0,0,0,0,0,0,0,0,0,0,0,0,0,0,0,0,0,0,0,0,0,0,0,0,0,0,0,7,0,0,0,0,0,0,0,0,0,0,0,0,11,0,0,0,0,0,0,0,0,0,0,0,0,0,0,3,0,0,0,0,0,0,20,15,0,0,13,12,0,0,0,0,0,0,0,0,0,0,0,0,0,0,0,0,0,0,0,14,0,42,0,0,0,0,0,0,0,0,0,0,0,4,0,0,36,0,0,0,0,0,20,0,0,0,0,0,0,0,0,0,0,0,0,0,0,0,0,0,0,0,0,0,0,0,0,0,0,0,0,0,0,0,0,0,0,0,0,0,0,0,0,0,0,0,0,26
T14-15,Probiotics,Day 15,3,Pacific oyster,Larvae,T14-15,1102,523,0,27,22,53,112,50,41,0,34,0,59,36,0,267,0,0,11,20,0,0,0,22,0,0,0,134,0,62,0,22,18,0,0,0,11,0,10,0,0,0,0,70,0,28,0,0,78,0,0,0,0,0,40,91,0,0,97,0,0,0,0,30,0,36,0,0,30,0,31,0,14,7,0,0,78,20,7,0,0,0,0,14,0,0,0,0,0,0,11,13,18,30,0,0,65,28,0,0,26,0,3,0,43,0,0,20,14,0,0,0,0,0,0,0,0,0,29,69,0,0,55,0,7,0,0,0,0,0,0,0,0,0,9,0,0,27,0,51,0,24,0,27,29,0,20,10,0,0,0,0,0,0,5,0,0,0,0,0,39,0,89,0,0,0,0,0,27,0,0,0,0,45,1,0,0,0,0,0,17,0,0,0,10,23,0,0,0,6,13,0,12,0,0,0,0,0,0,6,0,0,0,0,0,0,0,0,0,0,0,0,0,14,0,0,19,0,0,39,0,0,18,0,3,0,0,5,0,0,0,0,0,0,0,19,0,0,26,0,1,0,0,0,0,0,0,0,0,0,0,0,0,0,0,0,0,0,0,0,0,0,16,0,0,0,0,0,0,0,0,0,0,0,0,0,0,0,0,0,0,0,18,0,36,14,0,0,0,0,0,0,0,0,0,0,0,0,0,0,0,0,0,11,18,0,0,0,0,0,13,0,24,0,4,11,16,0,0,0,0,0,0,16,0,12,39,0,0,0,0,0,0,0,0,0,0,36,0,0,0,4,3,0,0,23,0,0,0,0,0,0,0,0,0,14,0,0,0,0,0,0,6,0,26,0,0,0,0,37,0,0,0,0,0,0,0,0,0,2,7,0,0,0,0,0,0,0,19,36,0,0,0,0,16,0,0,0,14,0,0,0,0,0,0,23,0,0,0,0,0,0,0,19,0,0,0,12,0,0,16,0,0,4,0,0,13,0,0,0,0,0,0,17,0,0,0,0,0,0,0,0,0,0,0,0,0,19,0,7,0,0,0,0,0,0,0,0,7,0,0,0,0,0,0,0,0,0,2,0,0,2,0,0,0,0,0,0,0,0,0,0,0,0,0,0,0,0,0,0,0,0,0,4,6,0,0,0,0,0,0,0,0,0,0,0,0,0,0,0,0,0,0,14,0,11,0,33,0,0,0,9,0,13,0,0,0,0,0,0,0,0,0,0,0,0,0,0,0,0,0,0,0,0,0,0,0,0,0,0,0,0,0,2,0,0,0,0,10,0,14,0,0,0,8,0,0,0,0,0,0,0,0,0,0,0,0,0,0
T14-2-2,Probiotics,Spat,3,Pacific oyster,Spat,T14-2-2,123,63,241,0,14,0,46,178,2,93,0,99,0,0,0,26,147,169,0,0,0,327,0,54,75,0,62,0,5,28,0,0,0,50,23,0,0,0,0,31,84,0,108,0,59,0,186,44,0,0,116,65,0,0,13,71,0,0,0,0,0,0,54,21,0,0,0,154,0,46,0,0,0,0,0,84,0,60,0,21,0,0,0,7,37,0,35,21,51,0,0,0,0,0,43,0,0,0,44,0,0,25,0,0,0,0,0,0,0,24,0,0,17,0,0,0,40,0,0,0,53,30,0,0,0,0,0,7,0,0,15,16,0,5,52,50,0,0,0,0,0,0,26,0,0,0,0,0,0,22,0,18,0,0,38,33,20,0,9,0,0,0,0,0,0,0,0,0,42,0,0,26,0,0,0,0,26,24,0,41,0,30,0,0,0,0,0,0,31,0,0,0,0,21,0,0,0,0,0,0,0,0,11,21,0,0,12,9,12,15,0,0,0,0,0,0,0,0,18,0,0,8,0,0,28,16,20,0,0,0,0,0,0,0,0,0,0,11,0,12,0,0,31,0,0,0,0,14,17,0,13,0,0,0,0,0,0,0,0,0,17,35,0,0,0,14,0,22,0,0,0,40,0,0,0,0,0,2,0,0,0,0,0,0,0,0,27,0,10,9,11,0,28,0,0,0,0,0,0,0,0,0,6,0,0,10,24,0,0,0,0,0,0,0,0,0,0,0,0,0,0,6,0,29,0,0,0,35,0,29,0,0,0,0,0,0,0,5,0,0,0,24,0,0,19,0,0,0,0,0,0,10,0,0,0,0,0,0,0,0,0,0,0,0,0,0,34,0,0,0,13,0,0,4,0,0,0,0,0,0,0,0,0,0,0,0,10,0,0,0,28,6,0,0,0,0,16,0,0,0,0,0,2,0,0,0,0,0,0,0,0,0,0,0,0,0,21,0,0,0,16,0,0,0,0,0,0,0,0,18,0,0,0,0,6,0,0,0,0,0,0,8,0,0,0,0,0,0,0,0,0,0,0,0,0,0,17,0,0,0,0,0,0,6,0,0,10,0,0,0,18,0,0,0,0,0,25,0,0,0,17,0,0,0,15,0,0,0,0,0,0,0,0,2,0,0,0,0,0,0,0,0,0,0,0,0,0,0,0,0,0,0,0,0,0,0,0,0,0,0,0,0,0,0,0,0,0,0,0,0,0,37,0,0,0,15,0,0,0,0,16,20,0,0,0,0,0,0,0,11,10,0,0,11,0,13,0,0,0,0,0,0,0,0,0,0,0,0,0,0,0,0,0,0,0,0,2,0,0
T14-3,Probiotics,Day 03,3,Pacific oyster,Larvae,T14-3,432,246,0,109,30,29,82,18,446,0,136,0,86,53,7,80,0,0,0,145,0,0,45,0,0,0,36,0,0,0,63,263,25,0,0,79,97,68,52,0,0,0,0,40,0,70,0,0,13,0,0,0,27,0,0,0,48,63,0,0,0,54,0,52,0,79,55,0,23,0,25,0,0,0,0,0,0,0,0,0,0,0,0,0,0,0,0,0,0,0,26,26,0,0,0,57,0,0,0,0,27,0,29,38,87,38,9,6,29,0,0,0,0,50,0,64,0,67,11,11,0,0,0,0,69,0,0,0,0,0,0,0,0,0,0,0,0,24,0,0,0,69,0,0,21,20,6,0,0,0,0,0,0,0,0,0,0,0,0,0,0,0,16,0,0,38,6,0,41,32,10,0,0,8,40,0,0,0,0,0,19,0,3,0,0,0,0,31,0,0,7,0,0,0,0,0,0,0,0,24,0,0,0,0,0,0,0,0,42,0,0,0,0,10,0,0,29,0,0,0,0,0,0,0,0,0,0,0,0,0,0,0,0,23,0,0,0,0,0,0,0,0,0,0,0,0,0,0,0,0,0,0,0,35,0,0,0,0,0,0,0,0,12,0,0,0,0,0,0,0,0,0,0,0,0,0,18,0,0,0,33,0,0,0,38,0,0,35,0,0,0,13,0,0,0,0,0,0,0,0,0,34,0,0,0,0,0,0,0,0,0,0,0,0,21,0,0,0,101,0,0,0,0,0,0,9,0,0,0,0,0,0,0,0,0,0,0,0,0,53,0,0,0,7,0,0,0,0,0,0,0,0,0,0,0,19,46,0,0,0,4,8,0,0,0,0,0,0,0,0,0,0,0,0,0,0,0,0,0,0,0,0,0,3,0,0,0,0,0,0,0,0,0,2,0,0,0,0,0,0,0,0,0,0,0,0,0,0,39,0,11,0,0,0,0,62,0,0,0,0,0,0,0,13,0,0,7,0,0,0,0,0,0,0,0,0,0,0,13,0,0,0,0,0,0,0,0,0,0,0,0,0,0,0,0,0,0,0,0,0,0,0,0,0,0,0,0,0,0,0,0,0,0,0,0,0,0,0,0,0,0,0,0,0,0,0,0,0,0,0,0,9,0,0,0,0,0,0,0,0,0,3,0,0,0,7,0,0,0,0,0,0,0,0,0,0,0,0,0,0,0,0,0,0,0,0,0,0,0,0,0,0,0,0,0,4,0,0,0,28,0,0,0,0,0,0,26,0,48,0,0,0,0,0,0,0,0,0,0,0,0,0,0,0,2,26,0,0,0,0,0,0,0,0,0,0,0,0,0
T14-6,Probiotics,Day 06,3,Pacific oyster,Larvae,T14-6,434,247,0,32,52,18,73,25,112,0,116,0,82,0,0,80,0,0,54,278,0,0,0,0,0,0,0,16,52,99,15,57,42,0,0,0,201,109,0,0,0,0,0,31,0,61,0,0,24,0,0,0,0,0,0,28,0,154,0,0,0,128,0,0,0,34,62,0,0,0,54,20,0,20,18,0,0,0,24,0,0,0,0,0,0,0,0,0,0,0,21,32,38,8,0,57,0,76,0,0,54,0,25,71,37,4,0,0,26,0,0,0,0,81,32,82,0,99,10,31,0,0,0,0,36,0,0,0,0,0,0,0,0,0,0,0,52,0,0,0,0,14,0,0,33,0,45,36,0,0,0,0,0,55,0,0,0,0,0,0,50,0,0,0,0,0,0,0,8,22,12,0,0,26,16,7,0,0,0,0,0,0,0,0,0,0,0,16,0,0,32,0,18,0,0,0,0,0,0,25,0,0,18,0,0,80,0,0,0,0,0,9,0,19,0,0,0,0,0,0,0,54,27,0,0,0,0,0,0,0,0,15,0,39,0,0,0,0,0,0,0,0,0,0,0,0,0,0,0,0,0,0,0,0,0,0,0,13,0,37,0,0,8,0,0,0,0,0,0,0,0,0,0,0,0,0,25,0,22,0,0,0,0,0,0,0,0,0,0,0,0,0,0,0,0,0,0,0,0,6,0,0,0,0,0,0,0,0,0,35,0,3,30,0,19,0,0,0,0,0,0,0,0,0,0,22,0,0,0,0,0,0,0,0,0,0,0,0,0,0,0,8,0,18,0,0,0,0,0,0,0,0,0,0,13,22,0,0,0,0,0,0,0,0,0,0,0,0,0,0,0,0,0,0,11,0,26,0,0,0,0,0,0,8,0,0,0,0,0,0,0,0,0,0,0,0,11,31,5,0,11,42,0,15,0,0,0,16,0,0,0,0,0,0,0,9,0,0,0,0,0,0,0,17,0,0,0,0,5,0,0,0,0,0,0,13,0,0,0,0,0,0,0,0,0,0,0,0,0,0,0,0,0,0,0,0,0,0,0,0,0,0,0,0,7,0,0,0,0,0,0,0,0,0,0,0,0,0,23,3,0,0,0,0,0,0,0,0,0,0,36,8,0,0,0,0,0,0,0,0,0,4,0,0,0,0,6,0,0,0,0,0,0,0,0,0,0,0,0,11,0,0,0,0,3,0,0,0,16,0,0,0,0,0,0,22,0,0,0,0,3,0,0,0,20,0,0,0,28,0,0,0,0,0,0,0,0,0,7,0,0,0,0,0,0,0,5,21,0,0,0,0,4,0,0,0,0,0,0
T14-S-1,Probiotics,Spat,3,Pacific oyster,Spat,T14-S-1,75,53,237,0,24,0,30,180,9,118,0,411,0,0,0,18,175,144,0,0,10,372,0,101,69,0,60,9,0,7,0,0,14,197,0,8,0,0,0,29,74,0,76,6,60,0,176,58,0,0,38,48,0,0,23,27,11,0,7,77,0,0,32,19,33,2,0,12,0,31,0,0,0,0,0,39,0,18,4,20,9,0,26,0,12,0,15,22,54,0,0,0,1,11,29,0,0,0,36,0,4,16,0,0,0,0,0,0,0,18,0,0,22,0,0,0,12,4,0,0,21,20,0,10,0,0,43,22,0,19,24,21,0,0,12,16,4,13,0,0,0,0,47,0,0,4,0,0,0,29,0,25,6,0,21,20,14,25,29,0,0,0,0,10,0,0,0,0,21,0,0,23,25,0,0,0,23,35,0,12,0,24,0,0,0,0,19,0,15,2,0,0,0,22,6,0,2,0,10,0,4,0,0,4,0,0,7,0,0,12,0,0,0,0,0,5,0,12,14,0,9,0,0,15,7,7,15,6,0,9,0,0,0,0,0,0,0,3,0,8,0,18,15,6,0,15,11,0,0,0,0,0,0,0,0,0,0,0,0,0,9,0,2,0,0,13,0,8,0,8,0,15,0,5,0,0,0,7,0,5,0,0,0,14,0,0,9,0,11,7,15,0,6,0,0,12,0,0,22,0,8,0,0,13,0,14,37,0,17,0,0,0,0,0,0,0,0,0,0,0,0,8,18,0,0,0,0,20,10,18,0,9,0,5,0,4,6,0,0,0,0,6,0,0,0,0,12,0,0,11,0,9,5,0,0,0,0,6,6,0,0,0,0,2,0,0,20,0,0,10,0,0,6,0,0,0,0,0,0,0,0,0,0,0,0,0,10,0,0,0,5,7,0,0,0,0,7,0,10,6,0,0,7,0,0,0,0,0,0,0,0,0,0,0,0,0,13,0,5,0,0,0,0,0,0,10,0,0,0,0,9,11,2,0,0,0,0,0,0,11,0,0,0,0,4,10,0,0,9,0,0,0,12,0,0,0,0,0,0,1,0,0,0,0,0,0,11,0,0,0,0,0,0,0,0,0,2,0,0,0,9,0,0,0,0,0,0,0,0,0,0,0,6,0,0,0,0,1,0,3,0,0,0,0,0,0,0,0,0,0,0,4,0,0,0,0,0,0,0,0,0,0,0,0,0,0,0,0,0,0,11,0,14,0,0,0,14,0,0,0,0,0,1,0,0,0,0,0,0,12,0,0,0,0,0,4,0,0,0,0,0,0,2,0,0,0,0,0,0,0,0,0,0,0,0,0,0,9,0
T15-15,Probiotics + HT,Day 15,3,Pacific oyster,Larvae,T15-15,1080,527,0,26,53,39,128,40,62,0,43,0,31,0,0,152,0,0,41,37,0,0,0,24,0,30,0,107,0,34,19,0,24,0,0,26,53,70,17,0,0,0,0,50,0,48,0,0,40,0,0,0,0,0,53,22,0,13,101,0,0,0,0,34,0,26,19,0,53,0,20,0,24,0,0,0,43,47,18,0,0,0,0,17,0,0,0,0,0,0,31,30,57,16,0,0,280,0,0,0,30,0,19,0,45,0,0,16,0,0,0,0,0,6,0,44,0,0,21,28,0,8,36,0,15,0,0,0,0,0,0,0,0,30,0,0,0,0,0,16,0,9,0,0,0,0,11,37,25,0,0,0,0,0,0,0,0,0,7,15,13,0,45,0,0,0,11,0,8,0,26,0,0,17,23,66,0,0,0,0,0,0,0,0,0,0,0,0,0,0,16,0,31,0,0,0,0,0,0,15,0,0,0,0,0,0,0,0,0,0,0,0,0,7,42,0,0,0,0,43,0,0,0,0,0,0,0,0,0,0,0,8,0,0,0,0,0,0,0,0,0,0,0,0,0,0,0,0,4,0,0,0,0,0,0,0,0,0,0,0,0,0,0,0,0,0,0,0,0,0,0,0,0,0,0,0,0,0,0,0,0,0,26,0,0,11,0,0,0,0,0,14,0,0,0,0,0,0,0,15,0,0,0,0,0,0,0,0,0,0,16,0,0,3,0,12,0,0,0,0,0,0,0,0,0,8,82,0,0,0,0,0,30,0,0,0,0,0,0,0,0,0,0,0,0,0,0,0,0,0,0,0,0,0,4,14,0,0,0,0,0,0,0,0,19,0,0,0,0,0,0,0,0,1,0,0,31,0,0,0,0,14,0,0,5,0,0,0,20,24,0,0,0,0,0,0,0,0,3,0,20,0,0,0,0,0,0,0,0,0,0,0,0,0,17,0,0,23,3,0,0,0,0,0,0,0,0,21,0,0,0,0,0,25,0,0,0,0,0,0,0,0,0,0,0,0,0,25,0,1,0,0,0,0,0,0,0,0,5,0,0,0,0,0,0,0,0,0,0,0,0,0,0,0,0,0,0,0,4,0,0,0,0,0,0,0,0,0,0,0,0,0,0,0,7,0,0,0,0,0,0,0,0,0,0,8,0,0,0,0,0,0,0,14,0,9,0,0,0,0,0,9,0,17,0,0,0,0,0,0,0,0,0,0,0,0,0,0,29,0,0,0,0,0,4,0,12,0,0,0,0,0,0,0,0,0,0,0,11,0,0,0,0,0,4,0,10,0,0,0,0,0,0,0,0,0,0,0,0
T15-2,Probiotics + HT,Day 01,3,Pacific oyster,Larvae,T15-2,41,19,0,612,57,21,53,24,24,0,316,0,79,297,192,0,0,0,32,41,339,0,153,0,0,22,0,11,0,0,0,0,62,0,0,91,42,49,0,0,0,89,0,12,0,15,0,0,0,0,0,0,0,192,2,0,0,18,0,0,0,12,0,0,0,14,16,0,0,0,0,199,0,38,0,0,0,0,0,0,0,120,0,26,0,0,0,0,0,32,25,38,0,0,0,0,0,0,0,22,15,0,3,0,0,0,34,0,16,0,45,0,0,14,22,0,0,0,0,0,0,0,6,0,9,13,0,0,31,0,0,0,0,0,0,0,0,0,51,50,163,4,0,0,0,0,0,0,0,0,44,0,0,0,0,0,0,0,0,4,0,0,0,0,0,0,0,0,0,7,0,0,0,0,0,0,0,0,53,0,42,0,40,0,23,17,0,0,0,0,3,34,7,0,0,70,0,0,0,7,0,0,0,0,0,0,0,0,0,0,34,11,0,0,92,90,0,0,0,0,0,0,0,0,0,0,0,0,0,0,0,0,0,0,38,0,0,0,0,0,0,0,0,0,0,0,0,0,0,0,0,5,2,0,0,3,37,9,0,0,0,0,0,0,0,0,0,0,0,0,40,0,0,0,11,0,3,0,0,0,0,45,0,0,0,0,0,0,0,0,0,0,0,0,0,0,0,26,0,0,0,0,0,0,0,0,0,0,0,0,0,0,0,0,0,0,2,36,0,25,0,0,0,0,0,0,0,0,0,0,0,0,0,0,0,0,0,0,0,0,0,0,0,5,0,0,0,0,10,0,8,0,14,0,0,0,0,0,0,0,6,0,0,0,0,0,0,0,48,0,0,0,0,0,8,0,0,0,0,0,0,0,0,0,0,0,0,0,0,0,0,0,0,0,0,0,0,0,0,0,0,0,0,11,0,0,0,0,0,6,0,0,0,0,0,0,0,0,0,0,0,0,0,0,0,0,0,0,0,0,0,0,0,0,0,10,0,0,0,0,0,0,0,2,0,0,0,0,0,0,0,0,0,0,0,0,0,0,0,0,0,18,0,0,0,0,0,37,0,0,0,0,0,0,0,0,0,0,0,7,0,8,0,0,0,0,2,0,0,0,17,0,0,0,0,0,0,0,0,0,0,0,0,0,20,0,0,0,29,0,13,0,15,0,0,0,0,0,0,0,0,0,0,0,0,0,0,3,0,0,0,0,0,8,0,0,0,0,0,0,0,0,0,0,0,0,0,10,0,0,0,24,0,0,0,0,0,0,0,6,0,0,0,0,0,0,0,0,0,0,0,0,0,0,0,0,0,0,0
T15-3,Probiotics + HT,Day 03,3,Pacific oyster,Larvae,T15-3,302,142,0,144,24,53,96,0,445,0,116,0,52,70,0,90,0,0,0,124,25,0,0,0,0,0,74,0,0,0,121,192,17,0,0,47,115,95,23,0,0,0,0,8,0,70,0,0,29,0,0,0,3,0,16,0,25,82,56,0,0,63,0,0,30,64,57,0,0,0,33,37,0,5,0,0,0,17,22,0,0,0,0,0,0,84,0,0,0,0,29,38,6,0,0,51,0,17,0,0,23,0,45,48,77,36,0,0,50,0,55,0,0,9,22,32,0,66,0,0,0,0,0,0,42,12,0,0,0,0,0,0,0,0,0,0,42,0,0,0,0,32,0,0,0,26,21,18,0,0,0,0,0,0,0,0,0,0,0,0,0,0,23,0,0,48,6,0,0,10,2,0,0,0,50,0,0,0,0,0,0,0,0,0,0,0,0,0,0,0,23,0,0,0,0,0,16,0,0,13,0,0,0,0,0,35,0,0,20,0,0,16,0,33,0,0,11,0,0,0,0,0,0,0,0,0,0,0,0,0,0,0,0,36,0,0,0,0,0,0,14,0,0,0,0,0,0,2,14,0,0,0,0,43,0,0,0,0,13,28,0,0,8,0,0,0,0,0,0,0,0,0,0,0,0,0,50,0,0,0,24,0,8,0,30,0,0,0,0,0,0,11,0,0,0,0,0,0,0,0,0,29,0,0,0,0,0,12,0,0,0,0,0,0,7,0,0,0,0,0,0,0,0,0,0,0,0,0,0,0,0,0,0,0,48,0,0,18,0,12,0,0,0,10,0,0,0,0,0,0,0,0,0,0,0,0,0,0,0,0,0,0,0,0,0,14,0,0,0,0,0,0,0,55,0,0,0,0,0,0,0,0,0,0,0,0,0,39,0,0,0,0,0,0,0,0,0,0,0,0,17,0,0,16,0,0,0,0,19,0,30,0,0,0,10,0,0,0,0,0,0,0,0,23,0,0,22,36,0,0,0,0,0,3,0,0,0,0,0,0,4,0,0,13,0,0,0,0,0,0,0,0,0,0,0,24,0,0,0,0,0,0,0,0,0,0,0,0,11,0,0,0,0,0,0,0,0,0,0,0,0,0,0,0,0,0,0,0,0,0,0,0,0,0,10,0,0,0,0,0,0,22,0,0,0,30,11,25,0,0,12,0,0,0,0,10,0,0,8,14,0,0,0,0,0,0,0,0,0,0,0,0,0,0,0,0,0,0,0,15,0,0,0,0,0,0,17,0,0,0,0,8,0,0,0,0,0,0,0,0,0,0,0,0,0,0,0,12,0,0,0,0,10,0,0,0,0,0,0
T15-6,Probiotics + HT,Day 06,3,Pacific oyster,Larvae,T15-6,1380,640,0,75,112,84,226,0,86,0,115,0,156,0,0,63,0,0,118,44,0,0,0,0,0,0,0,59,77,193,42,39,41,0,0,19,32,40,36,0,0,0,0,74,0,0,0,0,88,0,0,0,54,0,0,61,0,45,38,0,33,0,0,31,0,26,11,0,0,0,30,0,0,0,0,0,0,0,83,0,0,0,0,0,0,0,0,0,0,0,23,0,31,0,0,0,0,56,0,0,0,0,9,0,0,35,0,0,19,0,0,0,0,0,0,0,0,0,0,26,0,0,0,0,0,0,0,0,0,0,0,0,0,0,0,0,0,0,0,0,0,17,0,0,0,0,14,0,0,0,0,0,0,124,0,0,0,23,0,0,26,0,0,0,0,0,0,0,0,29,0,0,0,34,0,0,0,0,0,0,0,0,0,0,0,0,0,0,0,0,0,0,22,0,0,0,0,0,0,0,0,0,0,0,0,0,0,0,0,0,0,33,13,0,0,0,0,0,0,0,0,0,0,0,0,0,0,0,0,0,0,0,0,0,0,0,0,0,37,0,0,0,0,0,0,0,0,0,0,0,0,0,0,0,0,13,0,0,0,0,0,0,0,0,0,0,0,0,0,0,0,0,0,0,22,0,0,0,0,0,0,0,9,0,0,0,0,0,0,0,0,0,0,0,0,0,0,0,0,0,0,0,0,0,0,0,0,0,0,0,0,0,0,0,0,0,0,0,0,0,0,0,0,0,0,0,0,0,0,0,0,0,0,0,0,0,0,0,0,28,0,0,0,0,0,0,0,0,0,0,0,0,0,0,0,0,0,0,0,0,0,0,0,10,6,0,0,0,0,0,0,0,0,0,0,0,0,0,0,7,0,0,0,0,0,0,0,0,0,0,0,0,0,12,0,0,0,0,0,0,0,0,0,0,0,0,60,0,2,0,24,0,0,0,0,0,0,0,0,0,0,0,0,0,0,0,0,0,0,0,0,0,0,0,0,0,0,0,0,0,0,0,0,0,0,0,0,0,0,0,0,0,0,0,0,0,0,0,0,0,0,0,0,0,0,0,0,0,11,0,0,15,0,0,0,0,0,0,0,0,0,0,0,0,0,0,0,0,0,0,0,0,0,30,0,0,0,0,0,0,0,0,0,0,0,0,11,0,0,0,0,0,0,0,0,0,0,0,0,4,0,0,0,0,0,0,0,0,0,0,0,0,0,0,0,0,0,0,0,0,0,0,0,0,0,0,0,0,0,0,0,0,0,0,0,0,0,0,0,0,0,0,0,0,24,0,0,0,0,0,0,0,18,0,0,0,0,0,0
T15-S-2,Probiotics + HT,Spat,3,Pacific oyster,Spat,T15-S-2,155,57,457,9,24,16,73,181,7,244,13,25,0,0,17,32,157,110,0,0,0,36,0,114,8,9,98,21,0,2,8,0,45,13,169,6,0,0,0,38,95,0,75,12,41,0,22,149,0,0,22,43,0,0,110,0,48,0,0,0,0,0,55,32,57,4,0,11,11,55,8,0,0,0,0,35,0,29,9,34,95,0,20,8,59,0,38,35,4,32,0,0,0,10,24,3,0,0,26,0,0,50,0,8,0,0,0,0,0,19,0,0,19,0,0,0,10,0,0,0,0,16,0,26,2,0,0,19,10,27,38,8,35,49,15,17,0,16,0,0,0,0,7,0,0,0,0,0,0,12,0,3,11,0,13,24,26,29,0,0,0,0,0,24,13,17,0,0,23,0,0,13,9,0,0,0,21,0,0,21,0,11,2,28,0,0,0,61,11,8,0,0,0,29,11,0,0,23,22,0,0,0,0,6,0,0,3,5,9,13,0,0,0,0,0,0,0,14,0,6,15,0,0,7,0,25,9,6,0,0,0,0,0,0,0,0,0,0,10,25,0,0,0,21,8,0,0,16,11,0,6,5,0,0,0,0,11,0,0,0,22,7,1,0,0,0,0,10,0,5,0,0,0,0,0,0,0,9,0,9,0,0,6,0,0,0,0,0,0,0,0,0,0,0,0,4,0,0,11,0,0,0,4,18,0,7,3,0,11,0,0,0,32,0,0,10,0,0,0,0,0,0,7,0,2,0,0,0,5,0,0,5,0,0,0,4,2,0,0,0,0,2,0,0,0,0,4,0,0,0,12,0,0,0,0,0,0,4,9,0,0,0,0,0,0,0,0,47,0,0,0,0,0,0,0,0,0,0,0,0,0,0,0,0,2,0,15,0,1,0,0,3,0,0,0,0,4,0,0,0,0,0,0,0,4,0,0,0,0,14,0,0,0,0,0,0,0,0,5,0,0,0,0,0,0,13,0,0,0,0,12,5,5,4,3,17,9,0,0,0,0,16,0,0,9,0,0,6,0,0,0,0,0,0,3,0,0,0,0,3,0,0,0,3,0,0,0,0,0,0,1,0,0,0,6,3,5,0,0,4,0,0,0,0,0,0,0,12,0,0,0,0,0,0,0,0,0,0,0,0,0,0,0,0,0,0,0,0,0,0,0,0,0,0,0,0,0,0,0,0,0,4,0,0,2,0,0,4,0,15,0,0,20,0,17,0,0,0,0,0,0,16,0,0,0,0,0,0,0,0,0,0,0,0,13,0,0,0,0,4,0,0,4,2,0,0,0,0,0,0,0,0,0,0,23,0,3,0,0
T17-15,High temperature,Day 15,3,Pacific oyster,Larvae,T17-15,1593,757,0,14,52,248,82,38,8,0,26,0,35,0,0,215,0,0,103,14,0,0,0,24,0,30,0,144,0,31,9,0,6,0,0,57,0,31,5,0,0,0,0,95,0,0,0,0,40,0,0,0,52,0,25,28,0,0,84,0,0,0,0,0,0,31,0,0,23,0,30,0,0,0,0,0,136,21,13,0,0,0,0,9,0,0,0,0,0,0,16,0,17,21,0,0,33,25,0,0,0,0,0,12,0,0,0,43,0,13,25,0,0,0,0,0,0,0,17,26,0,0,18,0,0,0,0,0,0,0,5,4,0,22,0,0,0,0,0,24,0,7,0,29,65,0,5,0,0,0,0,0,0,0,5,0,0,0,0,28,15,0,17,0,0,10,0,0,17,6,2,0,0,0,0,19,0,0,0,0,0,0,0,0,11,0,0,24,0,0,0,0,6,0,0,0,0,0,0,0,0,0,0,0,0,0,0,6,0,0,0,0,0,0,0,0,0,0,0,20,0,0,4,0,2,0,0,0,0,0,0,0,0,0,0,14,0,0,0,0,0,16,0,0,0,0,0,0,0,0,0,35,0,0,0,0,0,0,0,0,0,0,0,19,0,0,0,0,0,0,0,0,0,0,0,0,0,0,11,0,0,0,0,0,0,58,0,0,0,0,0,0,0,0,0,0,0,0,0,8,0,0,0,0,20,0,0,0,0,0,11,0,0,0,0,0,0,0,0,0,0,0,0,0,0,0,12,0,0,0,0,0,19,0,2,0,0,0,0,0,0,0,0,2,0,0,0,0,0,0,0,0,0,0,0,1,0,0,0,11,0,0,0,0,14,0,0,0,0,0,0,0,0,0,0,0,0,0,0,0,0,0,0,0,0,0,0,0,4,0,0,0,0,0,3,0,0,0,0,0,0,0,0,0,0,7,2,0,0,0,0,0,0,4,0,0,0,0,0,0,0,0,0,0,0,0,3,0,0,0,0,0,0,0,0,0,0,0,0,0,0,0,0,0,0,0,0,19,0,0,0,0,0,0,0,0,0,0,0,0,0,0,0,0,2,0,0,0,0,0,0,0,0,25,0,0,0,17,0,0,0,0,0,0,0,0,0,0,3,0,0,0,0,0,0,0,0,0,0,1,0,0,0,0,0,5,0,0,0,1,0,0,0,0,0,4,0,0,0,0,0,0,0,20,0,0,7,0,0,0,0,0,0,0,0,0,0,0,0,0,0,0,0,0,0,0,0,0,0,0,0,0,0,0,0,0,0,0,0,0,0,9,0,0,4,0,0,0,0,0,0,0,0,0,0,0,7,0,0
T17-2,High temperature,Day 01,3,Pacific oyster,Larvae,T17-2,225,89,0,150,101,206,107,50,16,0,127,0,417,79,286,26,0,0,27,33,279,0,280,17,0,39,21,19,0,0,47,0,10,0,0,105,0,15,37,0,0,114,0,29,0,0,0,0,25,0,0,0,0,176,0,0,0,0,0,0,13,0,0,0,21,0,2,0,0,37,21,57,0,69,0,0,0,0,18,0,0,131,0,59,0,41,0,0,0,0,9,29,0,0,0,1,0,0,17,99,0,0,0,0,0,0,0,0,0,0,78,0,0,0,0,0,0,0,0,0,0,0,62,0,0,38,0,0,69,4,0,0,0,0,0,0,0,0,65,22,0,0,0,38,0,0,0,0,0,0,23,0,0,4,0,0,0,0,0,40,0,0,0,0,0,0,7,0,0,0,4,0,0,0,4,0,0,0,55,0,6,0,52,0,4,0,0,0,0,0,0,66,0,0,0,34,0,0,6,0,5,0,0,0,0,0,0,0,0,0,49,16,0,0,0,0,0,0,0,0,0,0,6,0,0,0,0,0,0,0,0,0,0,0,45,0,0,0,0,0,0,17,0,0,0,0,0,0,3,0,0,0,0,0,0,22,27,42,0,0,0,0,0,0,55,0,0,0,0,0,0,0,0,0,6,28,0,0,0,0,0,3,0,0,0,0,0,0,0,0,0,0,0,0,0,0,0,8,0,0,0,0,0,0,0,0,0,0,0,0,0,0,0,0,0,0,23,33,0,38,0,0,0,0,0,0,0,0,0,0,0,0,0,0,0,0,0,0,0,0,0,0,0,0,0,0,0,0,22,0,6,0,0,42,0,0,0,0,0,0,24,0,0,0,0,0,0,0,15,0,0,0,0,0,0,0,0,0,0,0,0,0,0,0,0,0,0,0,0,0,0,0,0,0,3,0,0,0,0,0,0,0,0,0,0,0,0,0,0,0,0,0,0,0,0,0,0,0,0,0,0,0,19,0,0,0,0,0,0,0,0,0,0,0,0,0,0,0,0,0,0,0,0,0,0,0,0,0,0,0,0,0,0,0,0,0,0,0,0,0,0,0,4,0,0,0,0,0,0,0,0,0,0,0,0,0,0,0,0,53,0,0,0,0,0,0,0,0,0,0,15,0,0,0,0,0,0,0,0,0,0,0,0,0,0,0,0,0,0,0,0,0,0,0,0,0,0,0,0,0,0,0,0,0,0,0,0,0,0,0,0,0,0,0,0,0,0,0,0,0,0,0,0,0,0,0,0,0,0,0,0,0,0,0,0,0,0,0,0,15,0,0,0,0,0,0,0,0,0,0,0,0,0,27,0,0,0,0,0
T17-3,High temperature,Day 03,3,Pacific oyster,Larvae,T17-3,1140,596,0,340,22,204,105,22,37,0,95,0,97,217,0,32,0,0,0,49,22,0,51,0,0,8,0,0,0,0,294,0,0,0,0,19,86,71,47,0,0,0,0,16,0,60,0,0,47,0,0,0,19,0,0,0,23,42,0,0,86,46,0,0,0,83,30,0,0,0,16,0,0,0,0,0,0,0,33,0,0,0,0,17,0,152,0,0,0,0,38,11,0,0,0,0,0,19,0,30,14,0,30,0,0,46,0,0,15,0,0,0,0,17,0,37,0,0,17,9,0,0,0,0,5,15,0,0,0,0,0,0,0,0,0,0,0,0,0,0,0,17,0,0,0,13,25,0,37,0,0,0,0,0,0,0,0,0,0,0,0,0,0,0,0,34,0,0,0,0,0,0,0,0,0,0,0,0,0,0,0,0,0,0,0,0,0,0,0,0,11,0,15,0,6,0,7,0,0,0,0,0,0,0,0,0,0,0,0,0,0,0,0,16,0,0,23,0,0,0,0,0,0,0,0,0,0,0,0,0,0,0,0,0,0,0,0,0,0,0,0,0,0,0,0,0,0,0,16,0,0,24,15,0,0,0,0,27,0,0,0,0,0,0,0,0,0,0,0,0,0,0,0,0,11,0,0,0,0,0,18,0,7,0,0,0,0,19,0,0,0,6,0,0,0,0,0,0,0,0,0,0,0,0,0,0,0,0,0,0,0,0,0,0,0,0,0,0,9,0,0,0,0,0,0,9,0,0,0,0,0,0,0,0,12,0,0,0,0,0,12,0,0,4,0,0,0,0,0,0,0,0,0,0,0,2,21,0,0,0,0,0,0,0,0,0,0,0,0,0,0,0,0,0,29,0,0,0,0,0,0,0,0,9,0,0,0,0,0,0,0,0,18,0,0,0,0,0,0,0,0,10,0,0,0,0,0,0,4,0,0,0,0,22,0,0,0,0,0,0,0,0,0,0,0,0,0,26,0,0,0,0,0,0,0,0,0,0,0,0,0,0,0,0,0,0,0,0,0,0,0,0,0,0,0,0,0,0,12,0,0,0,3,9,0,0,0,0,0,0,0,0,0,0,0,0,0,0,0,0,0,0,0,0,0,0,0,0,0,0,17,0,0,8,0,0,0,0,0,0,0,0,0,0,0,0,0,0,0,0,0,0,0,0,0,0,0,0,0,0,0,0,0,0,0,0,0,0,0,0,0,0,0,0,0,0,0,0,0,0,0,0,0,0,0,0,0,0,0,0,0,0,0,0,0,0,0,0,0,0,0,0,0,0,6,0,5,0,0,0,0,2,5,0,0,0,0,0,0
T17-6,High temperature,Day 06,3,Pacific oyster,Larvae,T17-6,674,339,0,20,30,124,89,8,131,0,95,0,0,19,0,56,0,0,137,103,0,0,0,0,0,0,0,37,635,110,23,71,13,0,0,77,49,99,0,0,0,0,0,35,0,75,0,0,74,0,0,0,74,0,0,33,0,61,0,0,75,45,0,38,0,39,67,0,29,0,41,0,0,0,298,0,0,0,13,0,0,0,0,19,0,0,0,0,0,0,0,0,22,0,0,60,0,77,0,0,21,0,37,40,0,4,0,0,0,0,0,0,0,31,0,76,0,21,2,9,0,0,0,0,22,12,0,0,0,0,0,0,0,2,0,0,40,0,0,0,0,15,0,0,0,0,22,23,0,0,0,0,0,47,0,0,0,0,8,0,7,0,0,0,0,0,8,0,0,30,14,0,0,0,0,0,0,0,0,0,0,0,0,0,14,0,0,0,0,0,16,0,0,0,0,0,0,0,0,0,0,0,0,0,0,0,0,0,0,0,0,21,0,0,0,0,0,0,0,0,0,0,22,0,0,0,0,0,0,0,0,11,0,16,0,0,0,0,0,0,0,0,0,0,0,0,0,0,0,0,0,0,0,0,0,0,0,40,0,0,0,0,2,0,0,0,0,0,0,0,0,0,0,0,34,0,11,0,24,0,0,0,7,0,0,0,0,0,0,0,0,0,0,0,0,0,0,0,0,0,0,0,0,0,0,0,0,0,0,35,0,0,0,0,11,0,0,0,0,0,0,0,0,0,0,0,0,0,0,0,0,0,0,0,0,0,0,0,0,0,0,0,0,8,0,17,0,0,0,0,0,0,0,0,47,0,0,0,0,15,0,0,0,0,0,0,0,0,0,0,0,0,0,13,0,0,0,0,0,0,0,0,0,5,0,0,0,0,0,0,0,0,0,0,0,0,0,18,0,0,0,0,0,0,0,0,0,0,0,0,0,0,0,0,0,0,0,10,0,0,0,0,15,0,0,0,22,0,0,0,0,0,0,0,0,2,0,0,0,0,0,0,0,0,0,0,0,0,0,0,0,0,0,0,0,0,0,0,5,0,0,0,0,0,0,0,0,0,0,0,0,0,0,0,0,0,0,0,5,0,0,0,0,0,0,0,0,0,0,22,0,0,0,0,0,0,0,0,0,0,0,0,0,0,0,12,19,0,0,0,0,0,0,0,0,0,0,0,0,0,0,0,0,0,0,0,0,0,0,0,0,0,0,0,0,0,0,0,0,0,0,0,0,0,3,0,0,4,0,0,0,0,0,0,0,0,0,0,5,0,0,0,0,0,0,0,0,0,12,0,0,0,0,0,0,0,0,0,0
T19-3,Control,Day 03,4,Pacific oyster,Larvae,T19-3,135,71,0,268,103,132,128,6,26,0,51,0,77,158,407,19,0,0,390,12,362,0,20,0,0,56,0,0,0,2,62,13,139,0,0,52,15,11,28,0,0,222,0,18,0,0,0,0,8,0,0,0,240,192,0,18,0,3,0,0,0,0,0,0,0,10,10,0,8,0,31,29,1,55,1,0,0,0,14,0,0,110,0,45,0,0,11,0,0,96,2,7,0,0,0,5,0,0,0,17,7,0,0,0,0,15,12,7,0,0,29,0,0,4,0,0,0,0,0,0,0,0,20,0,0,15,0,0,19,0,0,0,0,0,0,0,0,0,49,0,28,0,0,0,0,0,0,0,0,0,100,0,0,0,0,0,0,0,0,16,0,0,0,0,0,0,3,0,0,0,3,0,0,0,0,0,0,0,45,0,19,0,0,0,20,31,0,0,0,0,7,47,0,0,0,18,44,0,0,5,0,0,0,0,0,0,0,0,0,0,15,22,45,0,0,0,0,0,0,0,0,0,5,0,0,0,0,0,0,0,0,0,0,0,26,0,0,0,14,0,0,0,0,0,0,0,0,0,0,0,0,0,0,0,43,0,22,0,70,0,0,0,1,0,0,0,0,0,10,0,0,0,0,0,0,5,0,0,0,0,0,9,0,0,0,0,0,0,0,0,0,1,0,0,27,0,0,9,0,0,0,0,0,0,0,0,0,0,0,0,26,3,0,0,5,0,0,0,0,0,23,0,0,0,0,0,0,0,0,0,0,0,0,0,6,0,0,0,0,0,0,0,0,0,0,0,0,0,0,0,6,0,0,0,0,0,0,0,0,0,0,0,0,0,0,0,0,0,0,0,0,0,0,0,0,0,0,5,42,0,0,0,0,4,0,0,0,6,0,0,0,0,3,0,0,0,0,0,0,0,0,0,0,0,0,0,0,0,0,0,0,0,0,0,0,5,0,0,0,44,0,0,0,0,0,0,0,0,0,0,0,0,0,0,0,0,0,30,0,0,0,0,0,0,0,0,0,0,0,0,4,0,0,0,0,0,0,0,0,0,0,0,0,0,0,0,0,0,0,0,0,0,0,0,0,0,0,0,0,0,0,0,0,0,0,0,19,0,0,0,0,0,0,0,0,0,0,0,22,0,0,0,0,0,21,0,0,0,0,0,0,0,0,0,10,0,0,0,0,0,0,0,0,0,0,0,0,1,0,0,0,0,0,0,0,0,0,0,0,0,0,0,0,0,0,0,0,22,0,0,0,0,0,0,0,0,0,21,0,1,0,0,0,0,0,0,0,0,0,0,16,0,0,0,0,0,0,0,0
T19-6,Control,Day 06,4,Pacific oyster,Larvae,T19-6,310,197,0,27,0,44,64,40,531,0,65,0,86,0,0,69,0,0,0,266,16,0,0,0,0,0,47,31,8,126,14,268,14,0,0,0,77,67,40,12,0,0,0,67,0,77,0,0,83,0,0,0,0,0,0,0,0,56,0,0,15,111,0,0,0,21,61,0,0,0,0,0,0,0,0,0,0,0,47,0,0,0,0,0,0,0,0,0,0,0,55,63,81,0,0,25,0,30,0,0,39,0,47,66,40,14,0,0,73,0,0,0,0,48,0,65,0,67,32,29,0,0,0,0,70,0,0,0,0,0,0,0,0,0,0,0,42,0,0,0,0,74,0,0,18,0,48,0,36,0,0,0,0,33,0,0,0,0,0,0,0,0,0,0,0,0,48,0,0,23,22,0,0,0,61,0,0,0,0,0,11,0,0,0,9,0,0,0,0,0,21,0,15,0,31,0,0,0,0,0,0,0,0,0,0,0,0,0,29,0,0,0,0,63,0,0,18,0,0,8,0,52,61,0,0,0,0,0,0,0,0,24,0,0,0,0,0,0,0,0,0,0,0,0,0,0,0,0,0,0,0,0,0,0,0,0,0,0,0,32,0,0,35,0,0,0,0,0,0,0,0,0,0,0,13,0,18,0,0,0,0,0,0,0,0,0,0,0,0,0,0,32,0,0,0,0,0,0,0,20,0,0,0,0,0,0,0,0,0,0,0,0,0,0,0,0,0,0,0,0,0,0,0,0,0,0,0,0,0,0,0,0,0,0,0,0,0,0,0,0,0,0,0,13,0,0,0,0,0,0,11,0,17,0,0,2,16,0,0,25,0,0,0,0,0,0,0,0,0,0,0,0,0,0,0,0,39,0,0,0,0,0,0,0,0,0,0,0,0,0,0,0,0,0,10,0,0,6,12,0,13,0,8,0,0,0,14,0,9,0,27,0,0,13,0,0,0,0,0,0,0,0,0,0,0,0,0,0,0,0,0,0,0,10,0,36,0,0,0,0,0,0,0,0,0,0,0,0,0,0,0,0,0,0,0,0,0,0,0,0,0,0,0,0,34,0,0,0,0,0,0,0,0,0,0,0,0,0,0,0,0,0,0,0,0,0,0,0,0,27,0,0,0,3,6,0,0,0,0,0,0,17,0,0,0,0,0,0,0,0,0,0,0,0,0,0,0,0,0,5,0,0,0,0,0,0,19,0,10,0,0,0,0,0,0,0,0,0,0,8,0,0,0,0,0,0,0,0,0,0,0,0,0,0,0,0,0,0,0,0,0,0,0,0,0,0,12,8,0,0,0,0,0,0,0,0,0,0,0
T2-1,Probiotics,Day 01,1,Pacific oyster,Larvae,T2-1,40,0,0,1197,180,60,37,43,13,0,48,0,74,526,193,0,0,0,0,46,41,0,317,0,0,67,39,32,0,0,39,0,0,0,0,130,31,0,49,0,0,101,0,11,0,22,0,0,0,0,0,0,0,25,10,0,0,19,0,0,0,0,0,24,0,17,28,0,74,0,0,33,19,46,0,0,0,0,0,0,0,0,0,14,0,0,0,1,0,0,20,0,0,0,0,0,0,0,0,42,16,0,2,0,36,0,75,0,0,0,62,0,0,7,0,0,0,0,0,0,0,0,0,0,0,25,0,0,39,0,0,0,11,0,0,0,0,0,0,0,17,6,0,0,0,0,0,0,0,0,0,0,0,33,0,0,0,0,0,7,0,0,0,0,0,0,27,42,0,0,10,0,0,0,0,0,0,0,0,0,25,0,13,0,0,31,0,0,0,11,0,26,20,0,0,0,0,0,0,2,19,0,19,0,0,0,0,0,0,0,17,0,0,4,0,0,25,0,0,0,0,0,0,0,0,0,0,0,0,0,0,0,0,0,18,0,0,0,10,0,0,0,0,0,0,0,0,0,0,19,0,7,0,0,11,10,0,35,0,0,0,0,0,44,16,0,0,0,0,0,0,0,27,0,18,25,0,0,0,0,0,12,0,0,0,0,0,0,0,0,0,0,0,0,0,0,0,9,0,0,0,0,0,0,0,0,0,0,0,0,0,0,0,25,0,0,0,26,0,22,0,0,0,0,0,0,0,0,0,0,0,0,0,0,3,0,0,0,29,0,0,0,0,0,0,0,0,0,22,0,5,0,0,20,9,0,0,0,0,11,0,21,0,0,0,6,0,0,30,0,0,0,0,0,0,0,0,18,0,0,0,0,0,0,0,0,0,0,20,0,0,0,0,0,6,0,0,0,0,0,0,0,0,11,0,0,21,37,0,0,0,0,0,0,0,0,0,0,12,0,0,0,0,0,44,0,0,0,0,0,0,0,0,0,0,0,0,0,0,0,0,0,0,0,0,0,0,0,0,0,0,0,0,0,0,0,0,0,0,0,44,0,2,0,0,0,0,0,0,0,0,0,0,0,0,0,0,0,27,16,0,0,0,0,0,12,0,0,0,0,0,10,0,4,0,0,0,0,0,0,0,0,0,0,0,0,0,0,0,0,0,0,0,0,0,0,0,0,0,0,0,0,0,0,0,0,0,0,0,0,0,0,0,0,0,0,0,0,0,0,0,0,0,0,0,0,0,6,0,0,0,0,0,0,0,0,0,0,0,0,0,0,3,0,3,0,0,0,0,0,0,0,0,0,0,0,0,0,7
T2-15,Probiotics,Day 15,1,Pacific oyster,Larvae,T2-15,739,369,0,0,63,131,131,34,8,0,40,0,0,0,0,184,0,0,49,18,0,0,0,0,0,25,0,196,0,43,0,0,50,0,0,23,12,37,0,0,0,0,0,39,0,0,0,0,32,0,0,0,38,0,57,49,0,11,87,0,0,0,0,0,0,28,0,0,62,0,32,0,652,9,0,0,116,35,19,0,0,0,0,0,0,0,0,0,0,26,22,9,33,55,0,0,36,0,0,0,0,0,5,0,0,0,0,72,9,0,0,0,0,0,0,0,0,0,73,41,0,6,0,0,0,0,0,0,0,0,0,0,0,0,0,0,0,0,0,26,0,0,0,0,24,12,26,0,22,0,0,0,0,0,0,0,0,0,0,118,34,343,34,0,0,0,12,0,9,0,19,0,0,0,8,0,0,0,0,0,0,0,0,0,0,0,0,0,0,0,0,0,16,0,0,0,0,0,0,0,0,0,0,0,0,0,0,0,0,0,0,0,0,0,0,0,0,0,0,16,0,0,0,0,0,0,0,10,0,0,0,0,0,0,0,72,0,0,0,0,0,0,0,0,0,0,0,0,0,0,0,28,0,0,0,0,0,0,0,0,0,0,0,0,0,0,0,0,0,0,0,0,0,0,0,0,0,0,8,0,0,0,0,0,0,122,0,0,0,0,0,0,0,0,0,0,0,0,0,0,0,0,0,0,0,0,0,0,0,12,12,0,14,0,0,0,0,0,41,0,0,0,0,19,0,0,0,0,0,0,0,0,32,0,0,0,0,0,0,0,0,0,27,0,0,0,0,0,0,0,0,0,0,0,0,0,0,0,0,0,0,0,0,0,0,0,0,0,0,0,1,0,0,0,0,0,0,0,0,9,0,8,0,0,0,0,0,0,0,0,0,0,0,0,0,0,0,18,0,0,0,0,0,0,0,10,0,0,0,0,0,0,0,0,0,0,0,0,0,0,0,10,0,0,0,0,3,0,0,0,0,0,0,0,0,0,0,0,0,0,0,0,0,0,0,0,0,0,0,12,0,0,0,0,0,0,0,0,0,0,0,0,0,0,0,0,0,0,0,0,0,0,0,84,0,0,0,0,0,0,0,0,0,0,0,0,0,0,0,0,0,0,0,0,0,0,0,0,0,0,0,0,0,0,0,1,0,9,0,0,0,0,0,4,0,0,0,0,0,0,0,0,0,0,0,0,0,0,0,0,0,0,0,0,0,0,0,0,0,0,0,0,0,0,0,0,0,0,0,0,0,0,0,0,0,0,0,23,0,0,0,15,0,0,0,0,0,0,0,0,0,0,0,0,0,0,0,0,0
T2-3,Probiotics,Day 03,1,Pacific oyster,Larvae,T2-3,1371,651,0,90,50,364,118,21,38,0,206,0,153,47,32,22,0,0,0,12,0,0,74,0,0,17,0,0,0,0,172,15,32,0,0,26,0,0,33,0,0,11,0,55,0,14,0,0,60,0,0,0,0,0,29,0,0,2,0,0,35,0,0,35,0,10,0,0,0,34,31,6,0,0,0,0,0,0,29,0,0,0,0,7,0,91,0,0,0,14,0,0,0,0,0,0,0,17,0,0,0,0,0,0,0,84,0,8,0,0,0,0,0,0,13,0,0,0,15,22,0,0,0,11,0,35,0,0,21,0,0,0,0,0,0,0,0,14,0,13,0,0,0,24,26,40,0,0,68,0,0,0,0,0,0,0,0,0,0,0,11,0,5,0,0,7,0,0,7,0,0,0,0,36,3,0,0,0,0,0,3,0,0,0,0,0,0,0,0,0,0,0,0,0,10,0,8,0,0,2,0,0,9,0,0,0,0,0,0,0,0,14,13,0,0,0,0,0,0,13,0,4,0,0,0,0,0,0,0,6,0,0,0,0,0,0,0,0,0,0,45,25,0,0,0,0,0,0,0,0,0,0,19,0,0,0,0,0,0,6,0,0,2,0,3,0,34,0,0,0,0,0,0,0,0,0,0,0,0,0,14,0,0,0,21,0,0,23,0,0,0,0,0,0,0,0,0,6,0,0,12,0,0,0,14,0,0,0,0,0,0,0,0,0,24,0,9,0,24,0,2,0,0,12,0,0,0,0,0,0,0,0,29,0,0,0,0,0,0,0,0,0,0,0,0,0,0,0,0,0,14,0,22,19,0,2,0,0,0,0,0,0,0,2,0,0,0,0,0,0,0,0,0,0,0,0,0,0,0,11,19,0,0,0,0,0,0,0,0,0,0,0,0,11,5,0,0,0,0,0,0,0,0,0,0,3,0,0,3,0,0,0,0,0,0,0,0,0,0,0,0,0,8,0,0,0,0,0,0,0,0,0,0,0,0,0,0,0,6,0,0,0,0,0,0,0,0,0,0,0,0,0,0,0,0,8,0,0,0,0,0,0,0,0,0,0,0,0,5,0,0,0,0,0,0,0,0,0,6,0,0,0,0,0,0,0,0,0,0,0,0,0,0,6,0,0,0,0,0,0,44,0,0,0,0,3,0,0,13,0,0,0,0,0,0,0,0,0,0,0,0,0,0,0,0,0,0,0,0,0,0,0,0,0,0,0,0,0,0,0,0,0,0,0,0,0,0,0,10,0,0,0,0,0,0,0,0,0,0,0,0,0,0,0,0,13,0,0,0,0,0,0,2,0,0,0,0,0,0
T2-6,Probiotics,Day 06,1,Pacific oyster,Larvae,T2-6,847,454,0,41,98,232,86,12,189,0,114,0,45,0,0,38,0,0,161,61,0,0,0,0,0,45,49,29,57,294,88,89,11,0,0,36,40,37,9,0,0,0,0,51,4,33,0,0,50,0,0,0,99,0,20,33,0,36,0,0,194,45,0,0,0,19,33,0,0,0,31,0,0,0,25,0,0,0,60,0,0,0,0,29,0,34,0,0,0,0,6,36,24,30,0,30,0,56,0,0,9,0,18,31,0,15,0,8,31,0,18,0,0,14,0,27,0,28,20,15,0,8,0,0,27,0,0,0,11,0,0,0,0,6,0,0,13,0,0,0,0,0,0,6,15,7,20,22,0,0,0,0,0,43,0,0,0,0,0,0,6,0,0,0,0,0,5,0,0,17,6,0,0,24,12,0,0,0,0,0,0,0,0,0,13,0,0,0,0,0,8,0,0,0,0,0,0,0,0,8,0,0,17,0,0,0,0,0,0,0,0,0,0,8,0,0,6,0,0,0,0,17,20,0,0,0,0,0,0,0,2,10,0,0,0,0,0,0,7,0,16,0,0,0,0,0,0,0,0,0,0,0,0,0,0,0,0,0,0,13,0,0,0,0,0,0,9,0,19,0,0,0,0,0,0,7,0,0,0,0,4,0,15,0,0,0,0,0,0,0,0,0,0,0,0,0,0,0,0,0,0,10,0,0,0,0,0,0,0,40,0,8,0,0,0,0,4,0,0,0,0,0,0,0,0,0,0,0,0,0,0,0,26,0,0,0,0,0,0,0,0,1,0,5,0,0,0,0,0,0,3,0,14,11,0,5,0,6,0,0,0,0,0,0,2,5,0,0,0,0,0,0,0,0,11,0,0,0,0,5,0,0,0,0,0,0,0,0,3,0,0,0,0,11,0,0,9,0,0,0,0,0,0,0,0,0,0,0,0,0,0,0,0,0,0,0,0,0,0,0,0,0,0,0,0,0,0,0,0,0,0,0,0,0,0,0,0,0,0,0,0,0,0,17,0,0,0,0,0,0,0,0,0,0,0,0,0,0,7,0,0,0,2,0,0,0,0,0,0,0,0,18,0,0,0,0,0,0,6,0,0,0,0,0,0,0,0,0,0,0,0,0,0,0,0,0,0,0,0,1,12,0,0,0,0,7,0,0,0,0,0,0,0,0,0,0,0,0,0,0,0,7,0,2,0,0,0,0,0,0,0,0,0,0,0,0,0,0,0,0,0,0,0,0,0,0,0,0,0,0,0,0,0,0,0,0,0,0,2,0,0,0,0,0,0,0,0,0,21,0,0,0,0,4,0,18,4,0,0
T2-S-1,Probiotics,Spat,1,Pacific oyster,Spat,T2-S-1,145,62,381,0,0,19,49,220,13,199,0,19,0,2,0,18,46,176,0,0,11,81,0,110,114,0,60,26,0,18,0,8,0,13,267,13,0,0,0,53,38,0,54,0,108,0,34,35,0,0,57,37,0,0,6,26,77,0,9,0,0,0,11,0,23,0,0,48,0,19,0,0,0,0,0,56,0,24,0,56,129,0,28,5,21,0,16,29,42,0,0,0,4,17,48,0,0,0,44,0,0,18,0,0,0,0,0,0,0,12,0,0,32,0,0,0,21,0,0,0,30,28,0,32,0,0,0,28,17,9,15,21,20,5,11,22,0,23,0,0,0,0,17,0,0,5,0,0,0,8,0,8,16,0,9,17,12,35,28,0,0,0,0,15,0,14,0,0,8,0,0,27,32,0,0,0,25,0,0,10,0,14,0,12,10,0,21,0,20,0,0,0,14,27,16,0,0,0,7,0,0,0,6,35,0,0,10,9,0,0,0,0,0,0,0,0,0,27,40,0,14,0,0,14,14,9,12,24,0,0,13,0,13,0,0,0,0,0,0,16,0,14,0,0,7,32,10,10,0,0,10,0,0,0,0,7,0,0,0,0,11,0,10,0,0,3,11,25,0,11,0,16,0,16,0,0,0,11,0,3,0,0,0,8,0,0,9,0,2,9,20,0,11,9,0,12,0,0,9,0,10,0,17,0,0,3,0,0,4,0,16,0,0,0,0,5,0,0,0,0,0,2,7,0,0,0,0,0,17,0,11,24,0,19,0,16,0,0,0,0,0,0,0,0,8,0,15,12,0,4,2,4,0,0,0,0,0,6,0,0,0,0,0,9,0,0,16,6,0,2,9,0,0,0,0,0,0,0,0,0,0,0,9,1,5,9,5,0,0,0,1,4,0,0,8,5,3,0,0,0,0,0,6,0,1,0,0,0,0,0,0,9,5,0,0,0,0,0,0,0,0,0,0,0,0,15,0,0,0,9,0,0,7,0,3,0,0,0,0,0,0,0,4,0,0,0,0,0,0,0,0,4,0,7,0,0,7,6,0,5,0,0,0,9,0,11,0,0,0,0,22,0,9,0,0,0,6,0,0,0,12,0,0,19,0,0,0,0,0,0,0,0,16,0,0,0,6,0,0,7,0,0,9,5,0,0,0,0,0,0,0,5,0,0,0,0,0,0,0,0,0,0,0,0,0,0,0,2,0,7,11,0,0,0,0,4,0,3,0,0,0,0,0,0,0,8,0,0,0,1,0,0,0,9,0,7,0,0,0,0,11,0,0,0,0,0,0,0,0,0,0,0,0,0,0,0,0,0,0
T2-S-2,Probiotics,Spat,1,Pacific oyster,Spat,T2-S-2,130,64,301,0,0,6,54,175,0,183,0,7,0,0,0,19,61,222,0,0,22,60,0,100,77,0,96,31,0,8,3,0,0,0,183,24,0,0,12,37,23,0,71,10,84,0,30,6,0,0,114,39,0,0,55,21,53,4,0,0,0,0,37,0,56,0,7,30,0,48,0,0,0,0,0,47,8,20,5,23,93,0,74,0,22,0,40,14,44,0,0,0,0,21,31,0,0,0,21,0,0,102,2,0,0,0,0,0,0,6,0,0,54,0,0,0,39,0,0,0,38,47,0,20,0,0,0,35,17,19,37,37,36,11,26,16,0,19,0,0,0,0,22,0,0,0,0,0,0,23,0,7,24,0,0,31,12,34,0,0,0,0,0,43,28,0,0,0,6,0,0,13,15,0,0,0,30,20,0,28,0,9,0,16,0,0,44,0,32,33,0,0,0,0,3,0,0,13,0,0,4,0,0,25,0,0,4,0,11,21,0,0,0,0,0,0,0,0,18,0,38,0,0,19,14,22,8,0,0,0,0,0,18,0,0,0,0,16,0,0,0,0,26,5,31,13,11,0,15,0,10,0,0,0,0,7,0,0,0,0,14,0,0,0,0,0,0,0,0,4,0,4,0,16,0,0,0,5,0,0,0,0,0,31,0,0,17,0,6,9,0,0,24,0,0,10,0,0,8,0,11,0,28,0,0,0,0,0,0,0,0,0,0,0,0,0,0,0,0,0,0,0,10,0,0,0,0,0,0,0,11,25,0,23,0,10,5,0,0,0,0,0,0,0,0,0,0,35,0,5,0,7,0,0,0,0,0,0,10,0,0,0,6,0,0,0,0,0,0,0,15,27,27,0,0,0,0,0,0,0,0,0,0,1,25,0,0,4,0,0,0,0,4,0,0,0,0,0,3,19,0,0,5,0,0,0,0,0,0,0,0,0,13,0,0,0,0,0,0,0,4,0,0,0,0,0,0,0,6,15,0,0,12,0,3,6,0,0,0,0,0,0,5,0,0,0,0,0,18,0,0,0,0,0,0,0,20,0,0,0,0,0,0,0,0,5,2,0,0,0,0,0,16,0,0,8,0,0,0,0,0,0,0,47,0,0,0,0,0,0,0,0,16,0,0,0,0,0,0,0,0,0,0,0,0,0,0,0,0,0,0,10,0,0,0,0,0,0,0,0,6,0,0,0,0,0,0,0,0,0,0,0,0,0,0,5,0,0,0,0,0,0,0,0,0,7,0,0,0,0,0,0,0,0,14,0,0,0,0,0,16,0,0,0,0,0,0,0,0,0,0,0,0,0,0,0,1,0,0
T20-1,Probiotics,Day 01,4,Pacific oyster,Larvae,T20-1,50,20,0,1315,158,96,87,26,16,0,91,0,108,480,248,0,0,0,22,0,302,0,214,0,0,56,0,0,0,0,100,0,0,0,0,107,0,0,66,0,0,86,0,0,0,0,0,0,0,0,0,0,0,133,0,0,0,0,0,0,0,9,0,0,0,19,0,0,81,0,0,67,0,197,0,0,0,0,0,0,0,90,0,28,0,49,0,0,0,0,0,0,0,0,0,0,0,0,0,43,11,0,0,0,0,0,73,0,0,0,0,0,0,0,0,0,0,0,0,0,0,0,0,0,0,0,0,0,0,0,0,0,0,0,0,0,0,0,42,0,0,0,0,0,0,0,0,0,0,0,0,0,0,0,0,0,0,0,0,22,0,0,0,0,0,0,0,18,0,0,0,0,0,0,0,0,0,0,59,0,0,0,38,0,0,0,0,0,0,0,0,0,0,0,0,76,0,0,0,0,24,0,14,0,0,0,0,0,0,0,26,25,19,0,0,0,0,0,0,0,0,0,0,0,0,0,0,0,0,0,0,0,0,0,0,0,0,0,0,0,0,0,0,0,0,0,0,0,0,17,0,0,0,0,73,0,44,0,0,0,0,0,0,0,0,0,0,0,0,0,0,0,11,0,0,7,0,0,0,0,0,0,0,0,0,0,0,0,0,0,0,0,0,0,0,0,0,0,0,0,0,0,0,0,0,0,0,0,0,0,0,0,0,0,0,0,25,0,0,0,0,0,0,0,0,0,0,0,0,0,0,0,0,0,0,0,0,0,0,0,0,0,0,6,0,0,0,0,0,0,12,0,0,0,0,0,0,0,0,0,0,16,0,0,0,0,0,0,0,0,0,0,0,0,0,0,0,0,0,0,0,0,0,0,0,0,0,0,0,0,0,0,0,0,0,0,0,0,0,0,0,0,0,0,0,0,0,0,0,22,0,0,0,0,0,0,0,0,0,0,0,0,27,0,18,0,0,0,0,0,0,0,0,0,0,0,0,0,0,0,0,0,0,0,0,0,0,0,0,0,0,0,0,0,0,0,0,0,0,0,23,0,0,0,16,0,0,0,0,0,0,0,0,0,0,0,0,0,0,0,0,0,0,0,0,0,0,0,0,0,0,0,0,0,0,0,0,0,0,0,0,0,0,0,0,0,0,0,0,0,0,0,0,0,0,0,0,0,0,0,0,0,0,0,0,0,0,0,0,0,0,0,0,0,0,0,0,0,0,0,0,0,0,0,0,0,0,0,0,0,0,0,0,0,0,0,0,0,0,0,0,0,0,0,0,0,0,0,0,0,0,0,0,0,0,0,0,0,0
T20-15,Probiotics,Day 15,4,Pacific oyster,Larvae,T20-15,766,345,0,0,17,71,139,38,70,0,67,0,61,0,0,371,0,0,0,22,0,0,0,14,0,0,0,134,0,53,19,39,0,0,0,17,44,28,0,0,0,0,0,49,0,0,0,15,69,0,0,0,0,0,31,52,0,0,197,0,0,0,0,0,0,39,15,0,38,0,5,0,13,0,0,0,53,44,82,0,0,0,0,0,0,0,0,0,0,0,20,36,49,83,0,0,212,14,33,0,33,0,17,0,0,0,0,34,0,0,0,0,0,0,0,23,0,0,0,48,0,16,0,0,15,0,0,0,0,0,0,0,4,13,0,0,0,0,0,39,0,15,0,21,0,0,20,0,17,0,0,0,0,0,4,0,0,0,0,35,50,20,108,0,0,0,16,0,0,32,14,0,0,31,0,0,0,0,0,0,0,0,0,0,0,0,0,24,0,0,12,0,0,0,0,0,3,0,0,3,8,0,42,0,0,0,0,0,0,0,0,0,0,16,0,0,16,0,0,0,22,0,12,0,0,0,0,13,0,0,0,12,0,0,0,0,39,23,16,0,0,0,0,0,0,0,0,0,0,0,0,0,0,27,0,0,0,0,0,0,0,12,0,0,0,0,0,0,29,10,0,0,0,0,0,0,0,0,0,0,0,0,0,0,15,20,0,0,0,0,0,0,0,0,0,0,23,0,0,0,0,0,0,0,0,0,0,0,0,0,0,0,0,10,0,0,0,0,14,0,0,0,0,20,0,0,0,0,0,0,0,0,0,0,0,0,0,14,0,0,0,0,0,6,0,7,0,0,10,0,0,0,0,0,0,41,38,0,0,0,20,0,0,0,5,18,0,0,0,0,0,0,0,7,0,0,0,0,0,0,0,7,0,0,0,0,0,0,0,67,0,0,0,0,0,0,0,0,0,0,0,0,0,0,0,39,0,0,0,0,10,0,0,0,9,0,0,0,0,0,0,0,0,0,0,0,0,0,0,0,0,0,0,0,0,9,0,0,0,0,0,0,0,0,0,0,0,0,0,39,12,0,0,0,0,0,0,0,0,0,0,37,0,9,0,0,0,0,1,0,0,26,0,0,0,0,0,0,0,0,0,30,0,0,0,0,0,0,0,0,0,0,0,6,29,0,0,0,0,0,0,0,0,0,0,0,17,0,0,0,0,0,0,0,0,0,0,0,0,0,0,0,0,0,0,0,0,0,0,0,0,0,0,0,0,0,0,0,0,0,0,0,0,0,0,0,0,0,0,0,0,0,0,0,0,0,0,0,16,0,0,40,0,0,17,0,0,0,12,0,0,0,0,0,0,0,0,0,0
T20-3,Probiotics,Day 03,4,Pacific oyster,Larvae,T20-3,204,95,0,277,73,73,100,10,115,0,45,0,70,118,359,38,0,0,332,37,284,0,0,0,0,43,0,0,9,0,87,43,121,0,0,34,59,46,44,0,0,194,0,21,0,42,0,0,28,0,0,0,158,149,0,11,0,41,0,0,0,0,0,0,0,32,40,0,25,0,8,20,0,45,0,0,0,0,7,0,0,102,0,20,0,60,8,0,0,97,21,4,0,0,0,0,0,7,0,18,7,0,11,0,0,25,27,17,22,0,29,0,0,10,0,22,0,0,12,0,0,0,0,0,26,0,0,0,11,0,0,0,0,0,0,0,0,0,41,0,22,0,0,0,0,0,19,0,0,0,100,0,0,0,0,0,0,0,0,7,0,3,0,0,0,34,0,0,0,20,8,0,0,0,8,0,0,0,48,0,0,0,0,0,33,59,0,0,0,0,7,41,0,0,0,0,44,0,0,0,0,15,0,0,0,0,0,0,0,0,21,11,37,0,0,0,0,0,0,0,0,0,7,0,0,0,0,0,0,0,0,0,0,0,29,0,0,0,0,0,0,0,0,0,0,0,0,0,12,0,0,0,0,0,33,0,0,0,49,0,0,0,6,0,0,0,0,0,0,0,0,0,0,0,0,0,2,0,19,0,0,0,0,0,0,0,0,0,0,0,0,5,0,0,0,0,0,14,0,0,0,0,0,0,0,0,0,0,0,0,0,0,0,0,0,0,0,0,0,0,28,0,0,0,0,0,0,0,0,0,0,0,0,0,24,0,0,0,0,0,12,0,0,0,0,0,0,0,0,0,0,0,0,0,0,1,0,0,0,0,0,0,0,0,0,0,0,0,0,0,0,0,0,0,0,0,0,0,45,0,0,0,0,0,0,0,0,0,0,0,0,0,0,0,0,0,0,0,0,0,0,0,0,0,0,0,0,0,0,0,0,0,0,0,0,0,0,0,0,35,0,0,0,0,0,0,0,0,0,0,0,0,0,0,0,16,0,22,0,0,0,0,0,0,0,0,0,0,0,0,0,0,0,0,0,0,0,0,0,0,0,0,0,0,0,0,0,0,0,0,0,0,0,0,0,0,0,0,0,0,0,0,0,0,0,0,15,0,0,0,0,0,0,0,0,0,0,0,18,0,0,0,0,0,0,0,0,0,0,0,0,0,0,0,0,0,0,0,0,0,0,0,0,0,0,0,0,0,0,0,0,0,0,0,0,0,0,0,0,0,0,0,0,0,0,0,0,0,0,0,0,13,0,0,0,0,0,24,0,0,0,0,0,0,0,4,0,0,0,0,24,0,0,0,0,0,0,0,0
T20-6,Probiotics,Day 06,4,Pacific oyster,Larvae,T20-6,143,89,0,25,0,32,57,0,445,0,36,0,95,22,0,0,0,0,0,158,0,0,0,0,0,0,30,9,900,38,13,233,0,0,0,18,105,83,53,0,0,0,10,19,0,75,0,0,29,0,0,0,0,0,0,18,0,95,0,0,0,94,0,44,0,47,73,0,27,0,0,0,0,0,429,0,0,0,27,0,0,0,0,5,0,0,0,0,0,0,9,51,5,0,0,83,0,20,0,0,35,0,42,44,55,7,0,0,34,0,0,0,0,50,24,61,0,56,10,0,0,0,0,0,38,0,0,0,0,0,0,0,0,0,0,0,73,0,0,0,0,14,0,0,0,0,21,17,0,2,0,0,0,0,0,0,0,0,17,0,0,0,0,0,0,0,20,0,0,16,0,0,0,23,29,0,0,0,0,0,11,0,0,0,0,0,0,0,0,0,25,0,1,0,31,0,0,0,0,21,0,0,10,0,0,0,0,0,0,0,0,0,0,0,0,0,0,0,0,0,0,40,11,0,0,0,0,0,0,0,0,16,0,22,0,0,0,13,0,0,0,0,0,0,0,0,0,0,0,0,0,4,0,0,0,0,0,0,0,31,0,0,15,0,0,0,0,0,0,0,0,0,0,0,0,0,15,0,9,0,0,0,0,0,0,0,0,0,0,0,0,24,0,0,0,0,0,0,0,14,0,0,0,0,0,0,0,22,0,0,0,0,0,1,0,0,0,0,12,0,0,0,0,0,0,0,0,0,0,0,0,0,0,0,0,0,0,2,0,0,0,0,0,23,0,16,0,0,0,0,0,0,0,0,13,0,0,12,0,0,0,0,0,0,0,0,0,0,0,0,0,0,0,0,0,31,0,0,0,26,0,0,0,16,0,0,0,16,0,0,0,0,0,16,0,0,0,0,0,0,0,0,0,0,0,0,0,0,0,0,3,0,0,0,14,0,0,0,0,0,0,0,0,0,0,0,0,0,0,0,0,0,0,29,0,0,0,0,0,0,0,0,0,0,0,0,0,0,0,0,14,0,0,0,0,0,0,0,0,0,0,8,0,0,0,0,0,0,2,0,0,0,0,0,0,0,0,0,0,0,0,0,0,0,0,0,0,0,0,8,0,14,0,0,0,0,0,0,0,0,13,25,0,0,0,0,0,0,0,0,0,0,0,0,0,0,0,0,0,0,0,0,0,0,0,0,20,0,0,0,0,0,0,0,0,3,0,0,0,0,0,0,0,0,12,0,0,0,0,0,0,0,0,0,0,0,0,0,0,0,0,0,0,0,0,0,0,8,0,0,0,0,0,0,0,0,4,0,0
T20-S-1,Probiotics,Spat,4,Pacific oyster,Spat,T20-S-1,139,73,156,0,92,103,95,114,6,70,9,45,37,6,37,29,41,80,0,25,126,16,0,69,83,55,88,31,0,18,8,0,16,24,0,20,2,0,118,58,23,28,59,16,41,42,12,30,17,0,52,53,0,60,8,20,15,10,0,0,41,0,33,15,52,0,0,14,16,36,0,74,0,57,0,49,0,22,0,37,2,31,37,0,25,0,12,17,33,0,9,0,3,21,22,0,0,0,16,34,14,21,0,0,15,0,27,0,9,17,11,0,40,0,63,0,3,0,0,0,27,11,17,6,0,0,0,0,0,18,4,5,25,3,20,24,6,0,40,0,30,0,14,0,0,0,4,0,0,7,25,16,13,0,6,26,16,32,13,3,0,0,0,18,0,0,0,0,8,0,0,14,15,0,0,5,7,12,18,19,0,0,48,0,10,0,12,0,15,4,0,12,0,8,4,37,18,15,10,0,13,0,4,0,102,0,9,0,0,7,0,0,16,0,33,30,0,0,16,0,5,12,0,0,7,24,11,11,0,0,0,0,0,15,4,0,0,6,0,0,0,0,44,8,0,3,0,2,6,0,0,0,0,0,19,11,26,0,0,0,5,7,7,0,0,21,18,9,0,0,22,9,0,0,0,0,0,0,0,0,0,15,0,14,0,0,0,0,0,0,16,0,10,0,0,0,0,6,12,0,0,0,2,0,0,10,12,25,0,0,0,0,0,0,0,0,0,0,0,20,0,7,7,0,0,0,0,8,3,13,19,0,0,14,0,0,0,0,0,0,6,5,0,0,0,0,16,19,0,0,4,4,0,0,0,0,0,0,12,0,6,0,14,3,0,0,0,28,0,7,0,17,0,0,7,0,0,15,0,0,0,0,0,0,1,14,15,0,0,0,8,0,0,0,0,0,0,0,0,5,0,0,4,0,0,0,6,0,0,0,1,0,5,0,0,0,3,0,0,0,0,0,0,0,0,0,0,0,0,0,0,0,1,0,11,0,0,0,0,0,0,4,0,0,0,0,0,0,0,0,0,13,0,0,0,0,0,0,0,3,0,0,0,0,0,5,0,27,0,0,0,0,0,0,0,0,0,0,0,0,0,0,0,0,0,0,0,0,0,0,0,0,0,0,0,0,0,0,0,2,0,0,17,25,0,3,0,0,0,0,0,0,0,0,0,0,0,0,0,0,8,0,0,0,0,0,0,0,0,0,0,0,0,3,0,0,0,0,0,0,0,0,0,0,0,0,0,0,0,0,0,0,0,0,0,0,0,0,0,0,0,0,0,0,0,0,0,0,0,0,0,0,0,0,0,0,0,3,0
T20-S-2,Probiotics,Spat,4,Pacific oyster,Spat,T20-S-2,136,68,245,0,9,36,27,221,23,140,0,25,0,0,0,32,104,106,0,0,0,48,0,137,46,0,95,24,0,6,7,0,0,15,79,0,0,0,0,108,64,0,115,0,54,0,20,28,0,0,34,54,0,0,20,41,29,0,0,0,0,0,73,21,74,0,0,88,0,40,0,7,0,0,0,108,0,18,12,38,54,0,34,13,50,0,21,26,46,8,0,0,0,21,47,0,0,0,46,0,0,0,0,0,0,0,0,0,0,41,0,0,31,0,0,0,11,0,0,0,48,32,0,17,0,0,0,26,0,27,9,20,0,9,0,16,0,37,0,0,0,0,36,20,15,0,0,0,0,15,0,25,19,0,17,32,0,20,13,0,0,0,0,13,7,0,0,0,14,0,0,13,13,0,0,0,0,0,0,21,0,24,0,30,9,0,0,0,16,16,0,0,0,0,21,0,0,18,7,0,0,0,11,0,138,0,4,0,16,0,0,0,0,0,0,0,0,15,14,0,0,0,0,5,43,0,12,22,0,25,0,0,15,0,0,0,0,7,0,15,0,0,28,7,0,3,19,12,0,0,5,0,0,0,0,0,0,0,0,0,9,13,0,0,0,7,44,15,0,0,0,8,0,0,0,0,0,0,0,18,0,0,0,0,0,0,14,0,7,0,15,0,5,0,0,17,0,0,8,0,0,0,6,0,10,7,46,0,0,0,0,0,0,0,0,14,0,0,0,0,0,14,6,0,0,0,0,25,0,13,0,0,0,30,0,0,10,0,0,0,0,6,0,0,18,0,0,0,0,0,0,0,14,0,0,0,0,8,14,0,0,0,0,11,0,0,0,16,0,13,14,13,4,2,0,0,0,0,0,0,0,0,17,0,14,16,3,0,0,0,0,10,0,0,0,14,0,0,0,4,0,0,0,0,5,0,0,0,0,0,0,22,39,0,0,0,17,0,2,0,0,0,0,0,0,0,0,0,11,0,17,0,0,0,0,0,0,0,18,0,0,0,13,0,7,0,0,0,0,0,0,0,0,0,0,0,14,0,0,0,0,0,0,0,0,12,0,0,0,0,0,0,0,0,0,0,0,0,0,12,8,8,0,0,0,0,0,0,0,0,0,0,11,0,0,0,0,0,0,0,0,0,0,0,0,0,0,0,0,0,0,0,9,0,0,0,0,0,0,0,0,0,0,0,0,14,0,0,0,0,0,0,0,0,0,0,0,0,0,0,0,37,11,0,0,0,0,0,0,0,0,0,0,0,0,5,0,0,0,0,0,0,9,0,0,0,0,0,0,15,0,21,0,0,0,0,4,0,0
T21-1,Probiotics + HT,Day 01,4,Pacific oyster,Larvae,T21-1,61,31,0,346,114,87,136,0,0,0,32,0,64,154,466,0,0,0,446,4,462,0,8,0,0,74,0,0,0,1,22,4,198,0,0,74,0,0,22,0,0,205,0,12,0,0,0,0,0,0,0,0,235,222,0,0,0,0,0,0,0,0,0,0,0,0,3,0,7,0,0,28,0,69,0,0,0,0,0,0,0,138,0,49,0,22,11,0,0,88,5,2,0,0,0,3,0,0,0,17,2,0,0,0,0,0,8,5,0,0,37,0,0,0,0,0,0,0,0,0,0,0,16,0,0,0,0,0,0,3,0,0,0,0,0,0,0,0,37,0,40,0,0,0,0,0,3,0,0,0,111,0,0,0,0,0,0,0,0,15,0,0,0,0,0,0,0,0,0,5,0,0,0,0,0,0,0,0,60,0,8,0,0,0,26,34,0,0,0,0,0,45,0,0,0,22,37,0,0,0,0,0,0,0,0,0,0,0,0,0,19,19,64,0,0,0,0,0,0,0,0,0,0,0,0,0,0,0,0,0,0,0,0,0,31,0,5,0,0,0,0,0,0,0,0,0,0,0,0,0,0,0,12,0,39,0,23,0,75,0,0,0,0,0,12,0,0,0,12,0,0,0,0,0,0,0,0,0,0,0,0,0,0,0,0,0,0,0,0,0,0,0,0,0,28,0,0,11,0,0,0,0,0,0,0,0,0,0,0,0,0,6,0,0,0,0,0,0,0,0,19,0,0,0,0,0,0,0,0,0,0,0,0,0,0,0,0,0,0,0,7,0,0,0,0,0,0,0,0,0,0,0,0,0,0,0,0,0,0,0,0,0,0,0,0,0,0,0,0,0,0,0,0,0,0,0,0,0,44,0,0,0,0,0,0,0,8,0,0,1,0,0,0,0,0,0,0,0,0,0,0,0,0,0,0,0,0,0,0,8,0,0,0,0,0,0,0,0,0,41,0,0,14,0,0,0,0,0,0,0,0,0,0,0,0,13,0,30,0,0,0,0,0,0,0,0,0,0,0,0,0,0,0,0,0,0,0,0,0,0,0,0,0,0,0,0,0,0,0,0,0,0,0,0,0,0,0,0,0,0,0,0,0,0,0,0,12,0,0,0,9,0,0,0,0,0,0,0,32,0,0,0,0,0,37,0,0,0,0,0,0,0,0,0,0,0,0,0,0,0,0,0,0,0,0,0,0,0,0,0,0,0,0,0,0,0,0,0,0,0,0,0,0,0,0,0,0,16,0,0,0,0,0,0,0,0,0,19,0,3,0,0,0,0,0,0,0,0,0,0,20,0,0,0,0,0,3,0,0
T21-15,Probiotics + HT,Day 15,4,Pacific oyster,Larvae,T21-15,889,437,0,14,52,20,128,38,40,0,62,0,0,0,0,115,0,0,25,45,0,0,0,0,0,22,0,65,0,70,15,28,28,0,0,20,45,59,40,0,0,0,0,47,0,22,0,0,39,0,0,0,13,0,28,35,0,15,46,0,0,35,0,0,0,27,28,0,40,0,17,0,515,12,0,0,66,0,18,0,0,0,0,17,0,0,0,0,0,0,43,28,101,37,0,10,0,10,0,0,15,0,35,0,0,0,0,36,0,0,0,0,0,12,0,14,0,0,25,15,0,2,60,0,6,0,0,0,0,0,0,5,0,10,0,0,44,0,0,26,0,10,0,29,29,0,23,20,0,4,0,0,2,0,0,0,0,0,0,0,27,244,27,0,0,0,0,0,0,16,15,0,0,0,14,45,0,0,0,0,0,0,0,0,13,0,0,0,0,0,34,0,0,0,4,0,0,0,0,6,0,0,0,0,0,0,0,0,0,0,0,0,0,8,0,0,11,0,0,0,0,0,0,0,0,0,6,0,0,0,0,22,0,0,0,0,0,0,0,0,0,0,0,0,0,0,0,0,0,0,0,0,0,19,0,0,0,0,0,0,0,0,0,0,0,0,0,0,20,3,0,0,0,0,5,0,0,0,0,0,0,0,0,0,0,0,0,0,0,0,0,4,0,0,0,0,47,0,0,0,0,0,0,0,0,0,0,0,0,12,47,0,0,21,0,0,18,0,0,0,0,0,0,24,0,19,10,0,0,0,0,0,0,0,0,0,0,0,0,0,0,0,35,8,0,0,0,0,0,0,7,0,0,0,15,14,5,0,0,0,0,0,0,0,8,0,0,0,0,0,0,0,0,0,8,0,0,0,0,0,0,0,0,0,0,0,0,0,0,0,0,1,0,8,0,0,8,0,0,0,12,0,0,0,0,2,11,0,0,0,0,0,0,18,12,0,0,41,11,0,0,9,0,0,0,0,0,0,0,0,0,0,0,0,0,5,0,0,0,0,0,0,0,0,0,0,0,0,0,23,0,0,0,0,0,0,0,0,24,0,0,0,40,0,8,0,0,0,0,0,0,4,0,12,0,0,0,0,0,0,0,0,0,0,0,0,0,0,0,0,0,0,0,0,12,0,0,0,0,9,0,0,0,0,0,3,0,0,0,9,0,0,0,6,0,10,0,0,0,0,0,0,0,16,0,0,0,0,0,0,0,0,0,0,0,0,0,0,0,0,0,0,0,0,3,0,6,0,0,0,0,0,0,0,0,0,0,0,14,0,0,8,0,0,0,1,9,0,0,0,0,1,3,0,0,0,0,0,0
T21-3,Probiotics + HT,Day 03,4,Pacific oyster,Larvae,T21-3,924,459,0,163,60,160,181,19,77,0,167,0,170,74,67,112,0,0,109,24,49,0,55,0,0,0,0,0,0,0,240,30,0,0,0,54,20,36,37,0,0,0,0,56,0,43,0,0,35,0,0,0,60,0,0,52,0,10,0,0,0,0,0,0,0,19,13,0,0,0,95,0,0,0,0,0,0,0,62,0,0,23,0,0,0,122,0,0,0,0,7,0,0,0,0,0,0,8,0,0,0,0,0,0,0,84,0,0,10,0,0,0,0,0,0,0,0,0,52,0,0,10,0,0,26,0,0,0,0,0,0,0,0,0,0,0,0,19,0,0,70,0,0,0,0,73,0,0,76,0,0,0,0,0,0,0,0,0,0,0,0,0,0,0,0,21,0,0,0,0,18,0,0,24,10,0,0,0,0,0,0,0,0,0,0,0,0,0,0,0,0,0,36,0,0,0,48,0,16,0,0,0,0,0,0,0,0,0,0,0,0,24,46,0,0,0,0,0,0,9,0,0,0,0,0,0,0,0,0,0,0,0,0,0,18,0,0,0,0,0,37,0,0,0,0,0,0,0,0,0,0,0,0,0,0,0,0,0,0,0,4,0,0,0,0,0,0,0,0,0,0,0,0,0,20,0,0,0,0,0,26,0,0,0,47,0,0,0,0,0,0,0,0,0,66,0,0,0,0,0,0,0,0,0,0,0,0,0,0,0,0,0,0,0,16,0,0,0,0,0,0,0,0,0,0,0,0,0,0,0,0,0,0,0,0,0,0,24,0,24,0,14,0,0,0,0,0,0,0,0,0,0,0,0,0,0,0,0,0,20,0,0,0,0,0,0,0,0,0,0,0,0,0,18,0,0,0,0,31,7,0,0,0,0,0,0,0,0,0,0,0,0,0,0,18,0,17,0,0,0,0,0,0,0,0,0,0,0,0,0,0,0,0,0,0,0,0,0,0,0,0,0,34,0,0,0,0,0,0,0,0,0,0,0,0,0,9,0,0,0,0,0,0,0,0,0,0,0,0,0,0,0,0,0,0,0,0,0,9,0,0,0,0,0,0,0,0,0,0,0,0,5,0,0,0,0,0,0,0,0,0,0,0,0,0,0,6,0,0,0,0,0,0,0,0,33,0,0,0,0,0,6,0,0,0,0,0,0,0,0,0,0,0,0,0,0,0,0,0,0,0,0,0,0,0,0,0,0,0,0,0,0,0,0,0,0,0,0,0,0,0,0,0,5,0,0,0,0,0,0,0,0,0,0,0,0,0,0,0,16,0,0,0,0,0,0,0,0,0,0,0,0,2,0,0,32,0,0,0
T21-6,Probiotics + HT,Day 06,4,Pacific oyster,Larvae,T21-6,491,231,0,51,0,72,43,15,397,0,47,0,203,28,0,28,0,0,61,179,0,0,0,12,0,1,49,34,10,88,0,196,8,0,0,0,124,52,0,0,0,0,10,17,0,97,0,0,49,0,0,0,20,0,24,40,0,101,0,0,8,100,0,0,26,42,65,0,28,0,11,0,0,0,0,0,0,0,44,0,0,0,0,8,0,0,0,0,0,0,12,33,3,0,0,46,0,17,0,0,41,0,80,67,66,8,5,0,43,0,0,0,0,41,0,24,0,53,0,12,0,0,0,0,0,0,0,0,0,0,10,0,0,6,0,0,24,0,0,35,0,17,0,6,13,17,29,32,0,0,0,0,0,11,0,0,0,0,0,0,0,0,0,0,0,0,19,5,0,22,11,0,0,15,13,0,0,0,0,0,14,0,12,0,10,0,0,0,0,0,31,0,27,0,35,0,2,0,0,10,0,19,0,0,0,52,0,0,0,0,0,0,0,16,0,0,23,0,0,0,0,31,9,0,0,0,0,0,0,11,0,29,0,27,0,0,10,7,0,0,0,0,0,0,0,0,0,0,0,0,0,0,0,30,0,0,0,0,13,41,0,0,29,0,0,0,0,0,15,0,0,0,0,0,9,0,23,0,24,0,0,0,0,0,0,0,0,0,0,0,0,21,0,0,0,0,0,0,0,11,0,11,0,0,0,0,0,18,0,0,0,0,0,0,0,0,0,0,0,0,0,0,0,0,0,0,0,0,0,0,0,0,0,0,0,0,0,0,0,0,0,0,0,12,0,0,0,0,0,0,0,0,0,0,26,16,0,0,0,26,0,0,0,0,17,21,0,0,0,8,0,0,0,0,5,20,10,0,0,0,0,16,0,20,0,0,0,0,0,0,0,0,0,0,0,0,13,0,0,0,6,31,0,9,0,7,0,0,0,0,23,0,0,21,0,0,0,12,0,0,0,0,0,0,0,0,0,0,0,0,0,0,0,0,0,0,0,0,0,0,15,0,0,17,0,0,0,0,0,0,10,8,0,0,0,0,0,0,0,0,0,0,7,0,0,0,0,0,6,0,0,0,0,0,0,0,0,0,6,0,0,0,0,0,0,0,0,0,0,0,0,5,0,15,0,12,0,0,0,0,0,5,0,0,0,0,0,0,0,0,0,0,0,0,0,0,9,0,25,0,0,0,0,0,13,0,5,0,0,0,0,0,0,0,0,20,0,0,0,10,0,0,0,17,0,0,0,0,0,0,0,0,0,0,0,0,0,0,2,0,0,0,0,0,0,0,12,18,0,0,0,0,6,0,0,0,0,0,0
T21-S-1,Probiotics + HT,Spat,4,Pacific oyster,Spat,T21-S-1,227,98,136,5,24,14,53,208,10,68,0,110,0,0,0,32,19,31,0,0,0,42,0,131,130,0,68,30,0,26,0,0,11,48,277,9,0,0,0,123,0,0,33,23,44,12,24,59,0,0,37,50,0,0,24,0,75,0,0,0,0,0,21,37,53,0,5,10,0,59,0,2,0,0,0,25,0,45,11,47,156,0,56,7,117,0,26,28,15,0,0,0,6,14,11,0,0,0,0,0,0,38,0,0,0,0,0,0,0,13,0,0,11,1,0,0,19,0,0,0,0,35,0,38,0,0,0,24,16,0,34,39,22,24,7,41,0,20,0,0,0,0,0,0,0,12,0,0,0,9,0,17,22,0,31,14,22,42,27,0,0,0,0,22,0,0,0,0,21,0,0,17,34,0,0,0,24,32,0,26,0,11,0,50,20,0,0,24,14,0,0,0,0,0,15,0,0,14,0,0,21,0,0,56,0,0,0,37,0,44,0,0,0,0,0,0,0,20,0,0,31,0,0,0,0,19,16,0,0,21,18,0,0,0,0,0,0,0,0,10,0,0,9,18,0,2,0,18,17,0,8,0,0,0,0,0,0,0,0,0,15,0,0,0,0,0,0,8,0,21,0,7,4,0,0,0,0,0,0,20,2,0,0,0,0,0,0,0,16,16,3,0,0,11,0,30,0,0,13,0,0,0,0,26,0,7,0,0,16,0,0,0,0,0,0,12,0,0,0,0,0,8,0,0,0,0,0,0,14,8,0,13,0,0,0,0,15,0,0,0,0,2,0,0,0,0,0,5,0,18,0,0,0,0,0,12,0,11,21,0,0,0,0,7,0,0,0,0,0,0,0,8,0,0,0,0,0,0,0,0,0,2,9,8,0,0,23,0,0,0,0,0,0,0,7,0,0,0,0,10,0,0,30,0,20,0,0,0,0,14,0,0,0,0,0,0,9,0,3,0,3,0,0,0,0,23,0,0,0,10,0,0,0,0,0,0,0,0,0,0,15,0,0,0,0,0,84,0,9,0,6,0,0,0,0,0,0,0,0,0,0,0,0,0,0,0,0,9,0,0,0,0,16,0,0,18,0,0,0,1,0,0,0,0,0,0,0,24,0,0,0,0,0,0,0,13,0,0,0,0,0,0,0,0,0,0,0,0,0,0,0,0,0,0,0,0,0,0,0,0,0,15,0,0,0,0,0,0,0,26,0,0,0,0,0,0,0,0,0,0,0,0,0,0,0,0,0,0,0,0,4,0,0,0,0,0,0,0,0,0,11,0,0,6,0,0,0,0,0,0,0,0,0,0,2,0,0,0,0
T21-S-2,Probiotics + HT,Spat,4,Pacific oyster,Spat,T21-S-2,224,116,51,0,18,0,67,86,8,26,12,875,0,0,0,40,7,36,0,0,21,48,0,44,92,0,64,13,0,27,0,0,20,408,16,16,0,0,15,80,0,0,32,14,41,0,27,38,0,0,70,92,0,0,12,0,43,8,0,0,19,0,22,39,37,0,0,0,0,41,0,0,0,0,0,63,16,0,6,30,9,0,16,13,90,0,19,15,17,0,0,0,13,20,30,0,0,0,0,0,0,27,0,0,0,0,0,0,0,16,0,0,19,0,0,0,25,0,0,0,0,13,0,27,0,0,0,0,0,17,26,49,38,10,10,41,0,30,0,0,0,0,19,0,0,18,0,0,0,0,0,0,29,0,3,29,23,28,21,0,0,0,0,24,0,17,0,7,5,0,0,9,33,0,0,0,0,0,0,23,0,8,0,49,5,21,0,0,0,0,0,0,0,0,8,0,0,14,4,0,6,0,18,47,0,0,5,26,9,51,0,0,0,0,0,0,0,25,0,0,17,0,0,0,2,21,0,10,0,22,14,2,0,0,0,0,0,8,0,13,0,0,0,30,0,0,0,31,16,0,13,0,0,0,0,0,0,0,0,0,16,0,0,0,0,6,0,4,0,5,0,0,13,0,0,0,0,0,0,18,0,0,0,0,0,0,8,0,0,5,0,0,0,0,0,30,0,0,0,0,0,0,0,0,0,9,0,0,0,0,0,0,0,0,0,22,0,1,0,0,0,13,0,0,0,0,0,0,10,0,13,11,0,0,0,0,10,0,0,0,0,0,0,0,0,0,0,23,0,6,0,10,0,0,0,0,0,5,0,0,8,0,0,0,0,0,0,0,0,0,0,0,0,0,0,0,0,0,0,0,0,0,0,4,0,8,5,0,5,0,0,3,0,1,0,0,0,0,0,4,0,0,9,0,21,0,0,0,0,0,0,0,0,0,0,0,33,0,5,0,0,0,0,0,0,0,0,0,0,0,0,0,5,0,16,0,0,0,0,30,0,0,0,0,3,0,14,0,0,0,0,0,0,0,0,0,0,0,0,0,0,0,0,19,0,0,6,0,0,0,6,0,0,0,24,30,0,0,0,3,0,0,0,0,4,0,0,20,0,0,0,0,0,0,0,0,0,0,0,1,0,0,11,0,0,0,0,0,0,6,0,0,0,0,0,0,0,0,0,0,2,0,13,0,0,19,0,0,0,13,0,0,0,0,0,4,0,0,22,0,17,0,0,0,0,0,0,0,0,0,13,0,0,0,0,0,0,0,0,2,0,0,0,13,0,0,0,0,0,0,0,0,0,0,14,0,1,0,0
T3-1,Probiotics + HT,Day 01,1,Pacific oyster,Larvae,T3-1,40,23,0,1438,101,118,55,36,15,0,128,0,180,667,310,0,0,0,46,19,21,0,166,13,0,62,35,29,0,7,13,8,91,0,0,92,15,0,35,0,0,163,0,12,0,0,0,0,12,0,0,0,28,13,0,0,0,9,0,0,4,0,3,10,0,15,0,0,0,0,6,18,12,38,0,0,0,0,7,0,0,7,0,40,0,0,0,0,0,36,9,8,0,0,0,0,0,0,0,11,6,0,0,0,26,0,10,0,5,0,42,0,0,0,0,0,0,0,1,0,0,0,0,0,0,13,0,0,37,0,0,0,0,0,0,0,0,0,0,0,73,5,0,23,0,0,1,0,0,0,0,0,0,0,0,0,0,0,0,11,5,0,0,0,0,0,0,0,0,9,3,0,0,0,0,0,0,0,0,0,42,0,45,0,10,0,0,0,0,0,5,22,14,0,0,0,18,0,0,0,0,0,17,0,0,0,0,0,0,0,31,0,0,0,21,23,0,0,0,0,0,0,15,0,0,0,0,0,0,0,0,0,0,0,25,0,0,0,0,0,0,0,0,0,0,1,0,0,1,0,0,0,0,0,0,12,0,25,0,0,0,0,0,0,0,0,0,0,0,0,23,0,0,0,11,10,0,0,0,0,0,37,0,0,0,0,0,0,0,0,0,0,0,0,0,0,0,6,0,0,0,0,0,0,0,0,0,0,0,0,0,0,0,0,0,0,0,8,0,10,0,0,0,0,0,5,0,0,0,0,0,0,0,0,21,0,0,0,0,0,0,0,0,0,0,0,0,0,14,0,0,0,28,15,0,0,0,0,0,0,9,0,0,0,0,0,0,0,0,0,0,0,0,0,0,0,0,8,0,0,0,0,0,0,0,0,0,0,0,0,0,0,0,0,0,0,0,0,0,0,0,0,0,0,0,0,0,0,0,11,0,0,0,0,0,0,0,0,0,0,0,0,0,0,0,0,0,0,0,0,0,0,0,0,0,0,0,0,0,0,0,0,0,0,0,0,0,0,0,0,0,0,0,0,0,0,0,0,0,0,0,0,0,0,0,0,0,0,0,0,0,0,0,0,0,0,0,0,0,0,0,4,0,0,0,0,7,0,0,0,0,0,0,0,0,0,0,0,0,0,0,0,0,0,0,0,0,0,5,0,18,0,0,0,19,0,0,0,0,0,0,0,0,0,0,0,0,5,8,0,0,0,0,5,0,0,0,0,0,0,0,0,0,0,0,0,0,0,0,0,0,20,0,0,0,0,0,0,0,0,0,0,0,0,0,0,0,0,0,0,0,0,0,0,0,0,0,0,0
T3-15,Probiotics + HT,Day 15,1,Pacific oyster,Larvae,T3-15,1443,673,0,0,86,166,127,4,14,0,42,0,60,9,0,122,0,0,35,63,0,0,0,0,0,40,0,80,0,76,0,0,0,0,0,34,43,56,18,12,0,0,0,33,0,24,0,0,25,0,0,0,30,0,33,28,0,0,51,0,0,35,0,0,0,34,40,0,66,0,38,0,0,37,0,0,77,0,21,0,0,0,0,13,0,0,0,0,0,0,26,17,61,57,0,8,0,30,0,0,20,0,19,0,0,0,0,53,11,0,0,0,0,19,0,18,0,0,29,28,0,0,33,0,7,0,0,0,0,0,0,0,0,27,0,0,22,0,0,0,0,7,0,0,23,0,25,23,0,0,0,0,4,0,0,0,0,0,0,35,22,0,3,0,0,19,11,0,0,0,0,0,0,0,8,17,0,0,0,0,0,0,26,0,0,0,0,0,0,0,10,0,0,0,0,0,0,0,0,0,5,151,0,0,0,21,0,6,0,0,0,0,5,0,0,0,11,0,0,0,0,0,10,0,0,0,0,8,0,0,0,10,0,0,0,38,0,0,0,0,0,0,0,0,0,0,0,0,0,0,0,26,0,0,0,0,0,0,0,0,0,0,0,0,0,0,0,0,0,0,0,0,0,0,0,0,0,0,0,0,0,0,0,0,0,0,0,0,0,0,0,8,0,0,0,0,32,0,0,62,0,0,0,0,0,0,0,0,0,0,0,0,0,0,0,0,14,0,0,0,0,0,0,24,0,7,21,0,0,0,0,0,0,0,0,0,2,0,0,0,0,0,0,0,0,0,0,0,0,0,0,0,0,0,0,5,0,0,0,0,0,0,0,0,4,0,0,0,0,0,0,0,0,0,0,0,0,0,0,0,0,0,0,0,0,0,0,0,0,0,0,0,0,0,0,0,0,0,0,0,0,0,0,0,0,0,0,0,0,0,0,0,0,0,0,0,0,0,0,0,0,8,0,0,0,0,0,0,0,0,0,0,0,0,0,0,0,0,0,0,0,0,0,0,0,0,0,0,0,0,0,0,0,0,0,35,0,0,12,0,0,0,0,0,12,0,0,0,0,0,0,0,0,0,0,0,0,6,0,2,0,0,0,0,0,0,0,0,0,0,0,0,0,0,5,0,0,0,0,0,0,0,0,0,0,0,0,0,0,16,0,0,0,7,0,14,0,0,0,0,0,0,0,0,0,0,0,0,0,0,0,0,0,0,0,0,0,0,0,2,0,0,0,0,5,0,0,0,0,0,0,0,0,0,0,0,0,0,0,0,6,4,0,0,0,0,0,0,15,0,0,0,0,0,0,0,3,0,0
T3-3,Probiotics + HT,Day 03,1,Pacific oyster,Larvae,T3-3,1979,1025,0,96,44,298,75,13,22,0,147,0,58,48,20,0,0,0,28,3,0,0,0,0,0,18,0,0,0,0,67,0,0,0,0,27,6,23,5,0,0,0,0,29,0,30,0,0,21,0,0,0,10,0,13,20,0,4,0,0,27,0,0,33,0,12,0,0,0,21,52,0,0,0,0,0,0,28,22,0,0,0,0,17,0,29,0,0,0,0,0,0,2,4,0,0,0,14,0,0,0,0,0,0,0,54,0,7,0,0,17,0,0,0,0,0,0,0,18,16,0,3,0,0,0,39,0,0,34,0,0,0,0,0,0,0,12,0,0,0,0,0,0,25,22,25,0,0,39,0,0,0,0,0,0,0,0,0,0,5,10,0,0,0,0,0,0,0,9,0,0,0,0,10,0,0,0,0,0,0,0,0,0,0,0,0,0,0,0,0,0,0,0,17,2,0,0,0,0,0,0,0,3,0,0,0,0,0,1,0,13,11,3,0,0,0,0,0,0,0,0,0,0,0,0,0,0,0,0,0,0,0,0,0,0,0,0,0,0,0,23,0,0,0,0,0,0,0,0,0,0,0,16,0,0,0,0,0,0,0,0,0,0,0,0,0,21,0,11,0,0,0,0,0,4,0,0,0,0,0,19,0,0,0,7,0,0,11,0,0,0,0,0,0,0,0,0,0,0,0,0,0,0,0,20,0,0,0,0,0,0,0,0,0,13,0,12,0,5,0,7,0,0,0,0,0,0,0,0,0,0,0,0,0,5,0,0,0,0,19,28,0,0,0,0,0,0,0,0,0,0,0,0,0,0,0,0,0,0,0,0,0,0,0,0,0,26,0,0,0,0,0,0,3,0,0,0,0,0,16,17,0,0,0,0,0,0,0,0,3,0,0,0,0,0,0,0,0,0,0,0,0,0,0,0,0,0,0,0,0,0,0,0,0,0,0,0,0,0,0,0,4,10,8,0,0,0,2,0,0,0,0,0,0,0,0,0,0,0,0,0,0,0,0,0,0,0,0,0,0,0,0,0,0,0,0,0,0,0,0,0,0,0,0,0,0,0,0,6,0,0,0,0,0,0,0,0,0,0,0,0,0,0,0,0,0,0,0,0,0,0,0,0,0,0,0,0,0,0,0,11,0,0,0,0,4,0,0,0,0,0,0,0,0,0,0,0,0,0,0,0,0,0,0,0,0,0,0,0,0,0,0,0,0,0,0,0,0,0,0,0,0,0,0,0,0,0,0,0,0,0,0,0,0,0,0,0,0,0,0,0,0,0,0,0,12,0,0,0,0,0,0,0,0,0,0,0,0,0
T3-6,Probiotics + HT,Day 06,1,Pacific oyster,Larvae,T3-6,1025,485,0,41,221,66,61,9,121,0,84,0,88,0,0,0,0,0,93,88,0,0,0,0,0,100,0,0,34,124,194,82,129,0,0,26,44,54,0,0,0,0,0,28,0,40,0,0,47,0,0,0,55,0,13,17,0,57,0,0,51,36,4,40,0,5,0,0,7,0,43,0,0,16,14,0,0,0,47,0,0,0,0,34,0,119,0,0,0,36,0,31,6,0,0,0,0,63,0,0,0,0,33,30,0,12,0,15,47,0,0,0,0,32,0,0,0,41,17,16,0,0,0,0,27,0,0,0,22,0,0,0,0,0,0,0,35,0,0,0,0,0,0,0,19,0,0,26,0,0,0,0,0,32,0,0,0,0,0,0,9,0,0,0,0,0,0,0,0,0,4,0,0,0,10,0,0,0,0,0,0,0,0,0,0,0,0,0,0,0,17,0,9,0,0,0,0,0,0,21,0,0,5,0,0,21,0,0,0,0,0,0,0,16,0,0,9,0,0,0,0,25,0,0,0,0,0,0,0,0,0,8,0,18,0,13,0,0,0,0,0,0,0,0,0,0,0,0,0,0,0,0,0,0,0,0,0,0,0,0,0,0,2,0,0,0,0,0,21,0,0,6,0,0,0,0,9,0,19,0,0,0,35,0,0,0,0,0,0,0,0,24,0,0,0,0,0,0,0,0,0,0,0,0,0,0,0,0,0,27,0,0,7,0,16,0,20,0,0,0,0,0,0,0,0,0,0,0,0,0,0,0,0,0,0,0,0,0,0,0,0,0,126,0,0,2,24,0,0,0,4,0,0,0,0,0,0,0,0,0,0,0,0,9,0,0,0,0,0,0,0,0,0,0,6,0,0,0,0,30,0,10,0,5,0,0,0,0,13,0,0,0,0,0,0,0,0,0,0,0,8,23,0,0,0,0,0,0,6,0,0,0,0,0,15,5,0,9,0,0,0,4,0,0,0,5,17,0,0,0,0,0,0,0,0,0,0,0,0,0,0,0,0,0,0,0,0,0,0,0,0,0,0,0,0,0,0,0,0,0,0,0,0,0,0,0,0,0,3,0,0,0,0,0,0,0,0,0,5,0,0,0,0,0,0,0,0,0,0,0,0,0,0,0,0,0,0,0,0,0,2,5,0,0,0,0,0,0,0,0,0,0,0,0,0,0,0,0,0,14,0,0,0,0,0,0,0,0,0,0,0,0,0,0,0,0,0,0,0,2,0,0,0,5,0,0,0,0,5,0,0,0,0,0,0,0,0,0,0,0,0,0,0,0,0,0,0,0,2,0,0,0,11,0,0,0,0,0,0
T3-S-1,Probiotics + HT,Spat,1,Pacific oyster,Spat,T3-S-1,113,64,333,0,0,0,70,145,15,201,0,82,0,0,0,13,204,149,7,0,0,65,0,86,100,4,96,23,0,23,6,6,11,46,0,3,0,0,13,43,104,0,91,2,58,4,34,61,0,259,55,51,0,0,39,10,38,3,10,0,0,0,34,13,57,0,0,13,0,42,0,0,0,0,0,13,11,14,8,28,6,0,48,9,31,0,69,45,14,0,0,0,10,8,24,0,0,0,21,0,0,60,0,0,0,0,0,3,0,21,0,96,17,0,7,0,47,0,0,0,9,15,0,20,0,0,0,21,2,28,35,30,19,24,32,17,0,15,0,0,0,0,0,0,0,0,0,0,0,6,0,23,22,0,2,10,15,0,10,0,0,0,0,18,0,0,0,0,7,0,0,0,13,0,0,0,15,21,0,15,3,8,0,14,7,0,11,23,20,24,0,0,4,22,0,0,0,43,0,0,8,0,0,0,0,0,17,8,9,0,0,0,0,0,0,0,0,14,7,0,13,0,0,10,10,2,4,13,0,11,27,0,20,0,0,0,0,12,0,8,0,8,18,7,9,7,12,10,11,0,12,0,0,0,0,12,0,0,0,0,0,12,0,0,0,10,4,0,0,15,0,2,0,7,0,0,0,4,0,3,0,0,0,8,0,0,0,0,5,2,4,0,21,1,0,8,0,0,8,0,6,0,3,0,0,5,0,0,11,0,0,0,5,0,0,3,4,0,0,0,6,0,8,0,40,4,0,0,19,0,0,3,0,6,0,17,11,0,0,0,0,0,0,0,0,0,0,0,0,3,4,6,0,0,0,0,0,3,0,0,1,0,9,7,0,0,0,0,0,0,0,0,7,0,0,0,0,0,0,0,0,0,0,0,2,0,0,0,0,0,3,3,1,0,3,9,3,0,0,6,0,0,6,0,17,0,0,0,0,0,0,10,14,0,0,0,4,0,13,0,0,0,0,0,0,0,0,0,0,0,0,7,16,0,0,0,15,0,10,16,4,6,0,0,6,0,0,0,12,0,4,9,0,0,16,0,0,29,0,4,0,0,0,9,0,2,0,0,0,0,0,0,11,0,3,0,0,0,0,0,0,0,0,0,0,0,0,0,0,0,0,0,0,3,0,3,3,0,0,4,0,0,11,0,0,0,0,0,0,0,0,7,0,0,0,0,0,0,0,0,22,2,23,0,0,0,3,0,0,0,3,0,0,0,0,2,0,0,0,0,0,0,1,0,0,0,0,0,0,0,20,0,2,0,0,0,4,0,0,0,0,0,0,5,0,0,0,0,0,0,0,0,0,0,0,0,0,1,0
T3-S-2,Probiotics + HT,Spat,1,Pacific oyster,Spat,T3-S-2,118,64,366,0,18,13,89,55,0,165,0,250,0,13,5,28,179,37,0,0,4,116,0,24,100,0,72,44,0,0,0,0,4,129,0,0,0,0,17,41,106,0,54,0,23,0,62,35,0,623,15,13,0,3,47,0,31,0,10,0,0,0,82,34,40,0,0,3,5,45,0,18,0,1,0,10,0,23,1,8,0,11,29,10,22,0,39,23,29,0,0,0,6,6,16,0,0,0,16,0,1,43,0,0,0,0,0,10,0,20,0,303,15,0,0,0,16,0,0,0,0,14,0,17,0,0,0,11,0,45,22,10,0,17,28,11,0,17,0,0,0,0,10,0,0,0,0,0,0,27,0,29,14,0,18,8,18,20,12,0,0,0,2,26,47,0,0,0,8,0,0,11,1,0,0,0,13,34,0,22,8,6,0,0,2,0,9,38,8,20,0,0,6,0,16,0,0,31,5,0,0,0,0,0,0,0,13,5,0,6,0,0,0,0,0,0,0,14,0,0,0,0,0,19,3,5,16,0,0,14,13,0,0,0,0,0,0,15,0,2,0,0,7,11,0,2,0,4,10,0,0,0,0,0,2,7,0,0,0,0,8,15,1,0,0,0,0,0,0,13,0,0,0,11,0,0,0,7,0,7,0,0,0,0,0,0,0,0,6,5,0,0,0,9,0,13,0,0,7,0,0,0,10,0,0,0,0,0,0,0,0,0,8,0,0,0,0,0,0,0,0,12,0,0,49,0,0,0,8,0,0,0,0,0,0,4,0,0,0,0,0,0,0,0,0,0,0,0,0,0,8,3,0,0,0,0,0,4,3,0,0,0,0,4,0,0,0,0,0,0,0,0,3,0,0,0,0,0,0,0,0,0,0,0,0,0,3,0,0,0,0,0,0,0,0,0,0,0,0,0,1,0,0,0,10,0,0,0,0,0,0,4,13,0,0,0,0,0,6,0,0,0,0,0,0,0,0,0,0,0,0,0,4,0,9,0,23,0,10,0,0,7,0,0,0,0,0,0,22,0,10,0,0,0,12,0,0,12,0,0,4,0,0,0,0,0,0,0,0,0,0,0,7,0,0,0,0,0,0,0,0,0,0,0,0,0,0,8,0,0,0,0,0,0,0,0,0,0,0,0,0,0,3,0,0,0,0,0,0,0,0,0,0,0,0,0,0,0,0,0,3,0,12,0,0,0,0,0,0,0,0,0,0,2,12,0,0,0,0,0,0,0,0,0,0,0,0,0,0,0,0,0,0,5,9,0,0,0,0,0,0,0,0,0,0,0,0,0,0,0,0,7,0,0,5,0,0,0,0
T7-1,Control,Day 01,2,Pacific oyster,Larvae,T7-1,57,0,0,76,430,84,89,33,43,0,0,0,154,0,108,0,0,0,0,91,148,0,161,0,0,210,39,0,0,0,67,0,0,0,0,25,37,74,108,0,0,44,0,0,0,0,0,0,0,0,0,0,0,49,0,0,0,23,0,0,0,0,0,0,0,70,18,0,153,0,0,114,0,191,0,0,0,0,0,0,0,71,0,9,0,0,0,0,0,0,20,0,0,0,0,0,0,0,43,125,62,0,0,0,0,0,161,0,0,0,0,0,0,27,0,0,0,0,0,0,0,0,0,0,0,0,0,0,55,0,0,0,0,0,0,0,0,0,104,0,0,14,0,0,0,0,0,0,0,0,0,0,0,82,2,0,0,0,0,0,0,0,0,0,0,0,22,85,0,0,25,0,0,0,13,0,0,0,0,0,52,0,21,0,0,0,0,0,0,0,31,0,0,0,0,63,0,0,0,0,30,0,0,0,0,0,0,0,0,0,0,0,0,0,0,0,0,0,0,0,0,0,0,0,0,0,0,0,0,0,0,23,0,0,0,0,36,0,112,0,22,0,0,0,0,0,0,0,0,48,0,0,0,0,0,0,0,0,0,0,0,0,0,0,53,0,0,0,0,0,0,0,94,0,23,34,0,0,0,0,0,0,0,0,0,0,0,0,0,0,0,0,0,0,0,0,0,0,0,0,0,0,0,0,0,0,0,0,0,0,13,0,0,0,0,0,38,68,0,0,0,0,0,0,0,0,0,0,0,0,0,0,0,0,0,0,0,0,51,0,0,0,0,0,0,0,0,0,47,0,0,0,0,0,0,0,0,0,0,0,0,18,0,0,0,36,0,0,0,0,0,0,0,0,0,0,0,19,0,0,0,0,0,0,0,0,0,0,0,0,0,0,0,0,0,0,0,0,0,0,0,0,0,41,0,0,36,43,0,0,0,0,0,0,0,4,0,0,0,0,0,0,0,0,40,0,0,0,0,0,0,0,0,0,0,0,0,0,0,0,0,0,0,0,0,0,0,0,0,0,0,0,0,0,0,0,0,0,0,0,72,0,0,0,0,0,0,0,0,0,0,0,0,0,0,0,0,0,0,0,0,18,115,0,0,39,0,0,0,0,0,0,0,0,25,0,0,0,0,0,0,0,0,0,0,0,0,0,0,0,0,0,46,0,0,0,0,0,0,0,0,0,0,0,0,0,0,0,0,0,0,0,0,0,0,0,0,0,0,0,0,0,0,24,0,0,0,4,0,0,0,0,0,0,0,0,66,0,0,0,0,0,0,0,0,0,0,0,0,0,0,7,0,0,0,0,0,0,0
T7-15,Control,Day 15,2,Pacific oyster,Larvae,T7-15,1091,580,0,8,50,35,93,41,19,0,99,0,94,0,0,239,0,0,65,53,0,0,0,18,0,32,0,104,0,62,0,16,0,0,0,46,37,35,18,0,0,0,0,49,0,21,0,0,107,0,0,0,36,0,26,60,0,8,116,0,0,24,0,0,0,37,15,0,26,0,30,0,41,0,0,0,74,0,34,0,0,0,0,20,0,0,0,0,0,0,41,14,52,18,0,5,39,35,0,0,27,0,25,0,30,0,0,46,18,8,14,0,0,15,0,0,0,0,23,26,0,3,61,0,0,0,0,0,0,0,0,10,6,24,0,0,0,0,0,27,24,18,0,33,25,0,13,16,0,0,0,0,0,0,0,0,0,0,0,10,23,12,42,0,0,0,0,0,13,13,10,0,0,46,9,36,0,0,0,0,0,0,0,0,9,19,0,0,0,0,13,0,14,0,0,0,0,0,8,4,0,0,0,0,0,0,0,12,0,0,0,6,0,0,0,0,17,0,0,45,0,0,1,0,0,0,6,5,0,0,0,0,0,0,0,35,0,0,13,0,0,0,0,0,0,6,0,0,0,0,0,20,0,13,0,0,0,0,0,0,0,0,4,18,0,0,0,0,14,0,0,0,0,0,0,0,0,0,0,0,0,0,28,0,0,0,0,0,0,4,0,0,0,0,0,0,16,0,0,0,5,0,0,0,0,0,0,0,0,0,0,0,0,2,0,0,0,0,0,0,0,0,0,0,0,9,0,0,0,0,0,0,11,0,0,0,0,17,0,0,0,11,0,5,0,10,0,0,0,0,0,0,0,0,0,2,0,0,0,0,0,0,0,0,1,24,0,0,0,0,0,0,0,0,0,0,0,0,0,1,0,0,0,0,0,0,0,14,5,0,0,0,0,11,4,0,10,0,0,0,0,2,0,0,0,0,0,0,0,0,0,0,0,7,16,0,0,0,0,0,0,13,17,0,0,0,0,0,0,0,0,0,0,0,0,0,0,0,0,0,0,0,0,0,0,0,0,0,0,16,0,0,0,0,0,0,0,0,8,0,0,0,0,0,13,0,0,0,0,0,0,0,0,0,0,0,0,19,4,0,0,0,0,0,0,0,0,0,0,0,0,0,0,0,0,0,0,0,0,0,0,4,0,0,0,1,0,0,0,1,0,0,0,0,0,0,0,0,0,0,0,0,0,15,0,0,0,5,0,0,0,0,0,0,0,0,0,0,14,0,0,0,0,0,12,0,0,0,0,0,0,0,0,0,0,0,0,0,0,0,0,0,0,0,6,0,0,0,13,0,0,0,0,0,0,0,1,0,0
T7-3,Control,Day 03,2,Pacific oyster,Larvae,T7-3,759,405,0,115,32,115,99,31,99,0,417,0,69,64,41,54,0,0,0,24,52,0,154,25,0,19,0,12,0,0,97,48,0,0,0,32,33,31,17,0,0,21,0,41,0,31,0,0,36,0,0,0,0,23,10,27,22,12,31,0,7,0,5,36,0,15,19,0,0,30,64,31,2,0,0,0,0,35,26,0,0,19,0,0,0,44,0,0,0,0,0,12,0,13,0,16,0,0,0,5,0,0,2,0,15,76,0,9,14,0,26,0,0,12,0,11,0,0,14,33,0,0,40,0,14,32,0,0,35,0,0,0,11,12,0,0,0,0,0,0,0,17,0,13,18,88,5,9,45,0,0,0,0,0,0,0,0,0,0,0,0,0,7,0,0,31,23,0,0,6,7,6,0,0,3,0,0,0,0,0,0,0,26,0,0,24,0,0,0,0,0,0,20,21,0,0,9,0,0,0,0,0,7,0,0,5,0,0,0,0,11,11,0,0,0,0,8,0,0,20,0,0,0,0,0,0,0,0,0,0,2,0,0,3,0,0,15,0,15,0,35,0,0,0,0,0,0,0,3,0,0,0,26,0,0,15,0,20,0,0,0,9,6,0,0,0,0,0,0,0,0,0,0,0,11,0,12,0,0,0,26,0,0,0,10,0,0,34,0,0,0,0,0,0,35,0,0,0,0,0,26,7,0,21,27,0,0,0,0,1,0,6,0,0,17,0,0,3,11,0,0,0,0,0,0,0,0,0,0,0,0,0,17,0,16,0,0,22,0,32,7,0,0,5,0,0,0,0,15,0,0,0,7,28,0,0,16,0,0,0,1,5,0,0,0,0,0,0,5,0,0,0,0,5,0,0,0,0,0,10,13,0,0,0,0,0,0,0,0,0,0,0,0,0,0,0,6,10,0,0,0,0,0,0,0,5,0,0,11,0,4,0,0,0,0,0,0,0,0,0,0,13,0,38,0,0,0,10,0,0,0,0,0,0,0,0,0,0,0,0,0,0,0,7,0,0,0,0,0,0,0,0,0,0,0,0,0,0,0,0,0,0,0,0,0,0,0,0,39,0,0,0,0,0,0,0,0,0,0,0,0,0,0,0,0,0,0,0,0,8,0,5,2,5,0,8,0,0,0,0,0,0,0,0,0,1,0,0,23,0,8,0,0,0,0,0,0,0,0,0,0,0,0,0,0,0,0,0,7,0,0,0,0,0,0,0,0,0,0,0,0,0,0,0,0,0,0,0,0,0,0,7,0,0,0,0,0,0,2,0,0,0,0,0,0,9,3,0,0,0,0,0,4,14,0,6,0,0,0
T7-6,Control,Day 06,2,Pacific oyster,Larvae,T7-6,268,112,0,36,27,33,16,0,318,0,60,0,22,0,0,7,0,0,21,312,0,0,0,0,0,13,0,6,215,34,6,149,7,0,0,0,217,98,19,0,0,7,0,11,0,98,0,0,13,0,0,0,0,0,7,0,3,114,0,0,22,159,6,0,0,34,97,0,17,0,13,0,0,0,105,0,0,25,19,0,0,0,0,11,0,0,0,0,0,0,27,54,29,0,0,83,0,33,0,0,14,0,48,80,61,8,0,0,64,0,0,0,0,61,10,56,0,82,12,12,0,0,0,0,44,6,0,0,0,0,0,0,0,0,0,0,53,0,0,0,0,31,0,0,0,0,31,21,0,0,0,0,0,3,0,0,0,0,0,0,13,0,0,0,0,0,29,14,0,30,31,0,0,0,32,5,0,0,0,0,11,0,0,0,0,0,0,0,0,0,23,0,0,0,0,0,7,0,0,48,0,4,27,0,0,65,0,0,21,0,11,0,0,15,0,0,11,0,0,0,0,43,30,0,0,0,0,6,0,0,0,22,0,21,0,5,0,0,0,0,0,0,0,0,0,0,0,0,0,0,0,0,0,22,0,0,0,5,0,43,0,0,18,15,0,0,0,0,0,0,0,0,0,0,0,0,13,0,57,0,0,0,3,0,0,0,0,9,0,0,0,24,0,0,0,0,0,0,0,0,0,36,0,0,0,0,0,0,0,14,0,18,0,10,0,0,0,0,10,0,0,0,0,0,0,0,0,0,0,0,0,0,17,0,0,0,0,0,0,0,0,0,0,13,0,19,0,0,0,0,0,0,0,0,33,0,0,0,0,33,0,0,0,0,0,0,0,0,0,0,0,0,0,0,10,38,25,0,0,0,0,0,0,16,0,0,0,0,0,0,0,0,0,0,0,0,0,21,12,0,12,29,0,0,0,0,0,0,0,0,20,0,0,0,0,13,0,0,0,0,0,2,0,7,0,0,19,0,0,0,0,0,0,6,0,0,0,0,0,0,0,0,0,14,0,0,0,0,0,0,0,0,0,0,0,0,0,0,3,0,0,0,0,0,0,0,0,0,0,0,0,7,0,0,0,0,0,0,0,0,0,0,0,0,0,0,0,0,0,0,0,23,0,0,1,0,0,0,0,0,0,15,0,0,0,0,7,34,0,0,0,0,0,0,0,0,12,0,15,24,0,0,0,0,0,0,0,0,17,0,0,0,0,0,0,0,0,0,0,18,0,0,0,21,0,0,15,0,0,0,0,0,0,0,0,0,0,0,0,0,0,0,0,0,2,0,9,19,0,0,0,0,5,0,0,21,0,0,0
T7-S-1,Control,Spat,2,Pacific oyster,Spat,T7-S-1,94,40,436,10,0,31,13,155,15,213,0,47,0,0,0,21,42,103,0,0,0,130,0,86,144,0,58,12,0,0,0,5,7,16,190,12,0,0,0,82,24,0,38,13,50,0,77,37,0,0,40,42,0,0,15,20,47,0,13,41,0,0,48,34,47,0,0,27,0,19,0,0,0,0,0,58,0,24,3,43,90,0,18,3,30,0,10,60,37,11,0,0,6,11,25,0,0,0,14,0,0,18,0,0,0,0,0,4,0,27,8,0,17,0,0,0,12,0,0,0,28,18,3,25,5,0,22,42,0,14,16,9,14,3,4,4,0,12,0,0,0,0,21,0,0,8,0,0,0,7,0,26,13,0,29,10,20,4,10,0,0,0,0,13,84,0,0,0,1,0,0,17,5,0,0,0,18,23,0,0,0,14,0,24,6,2,17,0,5,15,0,0,11,16,1,0,0,10,41,0,1,0,0,13,0,0,6,11,16,13,0,0,0,0,0,0,1,18,18,0,6,0,0,30,7,12,12,0,0,16,23,0,34,0,0,0,1,25,0,4,0,10,0,9,22,11,0,12,13,0,13,0,0,0,0,0,0,0,0,0,12,0,0,0,0,4,0,0,0,8,0,12,0,14,0,9,0,18,0,15,0,0,0,18,0,0,9,0,11,20,5,0,0,22,0,7,0,8,6,0,0,0,1,19,0,18,0,0,7,0,0,0,0,0,0,0,0,0,0,0,0,15,13,5,0,0,0,0,0,11,9,12,0,0,0,10,13,0,0,0,0,6,0,0,12,0,19,2,0,9,0,5,0,0,0,0,0,5,0,0,0,5,0,4,0,0,12,2,0,10,10,0,7,0,0,0,0,0,0,0,0,0,6,0,8,9,5,0,0,0,0,8,0,0,0,18,0,0,0,0,0,0,5,0,0,0,0,0,0,1,0,0,0,0,0,0,0,0,6,0,25,0,0,0,0,5,0,0,19,0,14,20,0,0,5,0,10,0,0,8,0,7,9,0,5,40,0,0,0,0,7,4,46,1,19,0,11,0,0,8,0,0,0,0,0,5,10,0,0,0,11,0,0,0,1,0,7,0,2,5,8,0,0,0,0,0,0,0,8,0,0,0,0,0,0,0,0,12,0,16,0,0,0,6,0,0,0,0,0,1,0,0,0,0,0,0,0,0,0,0,0,0,0,0,0,6,0,0,0,0,8,14,0,0,0,0,0,0,0,0,6,0,13,0,1,3,0,0,0,1,0,0,0,15,0,2,0,0,0,0,0,0,5,11,0,0,0,0,0,0,0,6,0,0,0,0,7,0,0
T7-S-2,Control,Spat,2,Pacific oyster,Spat,T7-S-2,206,0,341,0,50,0,60,120,0,118,0,224,0,0,0,0,90,89,0,0,0,85,0,50,85,0,0,0,0,9,0,0,0,108,105,0,5,0,0,148,43,0,54,19,32,0,0,82,0,0,65,36,0,0,0,0,110,0,0,54,0,0,116,71,0,0,0,15,0,0,0,34,0,0,0,0,0,94,0,115,0,0,77,0,39,0,0,69,61,0,0,0,0,16,33,0,0,0,115,0,0,35,0,0,0,0,0,0,0,52,0,0,71,0,0,0,39,0,0,0,59,16,0,0,0,0,0,28,0,0,37,56,22,0,0,48,0,0,0,0,0,0,0,0,0,0,0,0,0,41,0,57,56,0,44,0,39,0,15,0,0,0,0,0,0,0,0,0,23,0,0,36,0,0,0,0,37,0,0,0,0,49,22,0,0,0,62,0,31,19,0,0,0,0,0,0,0,0,49,0,0,0,0,16,0,0,38,0,0,24,0,0,0,0,0,0,0,2,0,0,0,0,0,0,0,22,0,0,0,0,0,0,0,0,0,0,0,0,0,15,0,0,0,0,70,13,0,0,16,0,29,0,0,0,0,0,0,0,0,0,0,0,5,0,0,0,0,9,0,0,0,38,0,0,0,0,0,0,0,0,0,0,0,0,0,0,26,0,0,17,0,0,0,32,0,0,0,0,0,0,0,0,38,0,0,0,0,0,0,0,0,0,0,0,0,0,0,0,0,0,0,0,0,0,0,0,0,0,20,0,0,0,0,0,0,0,7,0,0,0,0,0,0,0,0,0,0,0,0,11,0,0,0,0,0,0,0,12,0,0,0,0,0,0,0,0,0,0,0,0,42,0,0,15,0,0,0,0,0,0,0,0,0,0,0,0,0,0,13,0,0,0,0,0,0,0,0,0,0,0,0,0,0,0,15,0,0,0,0,0,0,42,0,0,0,0,29,0,0,0,0,0,0,0,0,0,0,0,0,0,0,0,0,0,0,0,0,0,0,0,0,25,0,0,0,0,0,0,0,0,0,0,0,55,0,0,0,0,0,0,0,0,0,14,0,13,0,0,0,0,0,0,0,0,0,0,0,0,0,0,0,0,0,59,0,0,0,0,0,0,0,0,0,0,0,0,0,34,0,0,0,0,0,0,0,0,0,0,0,0,0,0,0,0,0,0,0,0,0,0,0,0,0,0,0,0,0,0,0,0,0,0,0,0,0,0,0,25,0,0,0,0,0,0,0,0,0,0,0,0,0,0,0,0,0,0,0,0,0,0,0,0,1,0,0,0,0,0,0,0,0,0,0,0,0,0,0,0,0
T8-1,Probiotics,Day 01,2,Pacific oyster,Larvae,T8-1,53,41,0,755,213,71,62,32,0,0,29,0,116,398,230,0,0,0,14,27,74,0,404,0,0,98,0,21,0,0,44,0,87,0,0,34,0,19,52,0,0,104,0,9,0,0,0,0,30,0,0,0,0,28,0,1,0,0,0,0,0,0,4,18,0,7,23,0,65,0,0,0,0,81,0,0,0,0,0,0,0,23,0,0,0,32,0,0,0,0,0,0,0,0,0,0,0,0,0,134,10,0,5,0,0,0,115,6,0,0,0,0,0,0,0,0,0,16,0,0,0,0,0,0,0,31,0,0,73,0,0,0,19,0,0,0,0,0,49,0,0,0,0,22,0,0,0,0,0,0,0,0,0,51,4,0,0,0,0,47,0,0,0,0,0,32,21,98,0,0,0,0,0,0,0,16,0,0,0,0,0,0,0,0,0,0,0,0,0,0,0,0,0,0,0,17,0,0,0,0,44,0,0,0,0,0,0,10,0,0,36,0,0,0,30,11,0,0,0,0,0,0,0,0,0,0,0,6,0,0,0,0,0,0,28,0,0,0,16,0,0,0,0,0,0,0,0,0,0,66,0,0,0,0,0,9,0,29,0,0,0,0,0,0,83,0,32,0,0,0,0,0,33,0,29,21,0,0,0,0,17,0,0,0,0,42,0,0,0,0,0,0,0,0,0,0,0,0,0,0,0,0,0,0,0,0,0,0,0,0,0,0,0,40,0,0,0,0,0,17,49,0,0,0,0,0,0,0,0,0,0,0,0,0,0,0,0,11,31,0,12,0,0,0,0,0,0,0,0,0,0,0,0,0,0,5,0,0,0,13,31,0,0,0,0,0,0,0,0,0,0,0,0,0,0,0,0,16,0,0,0,0,0,0,0,0,0,0,0,0,4,0,0,0,0,0,0,0,0,0,0,0,0,0,0,0,23,23,0,0,0,0,0,0,0,0,0,0,0,0,0,0,0,0,36,0,0,0,0,0,0,0,0,0,0,0,0,0,0,0,0,0,0,0,0,0,0,0,0,0,0,0,0,0,0,0,0,0,0,0,34,0,7,0,0,0,0,0,0,0,0,0,0,0,0,0,0,0,0,0,0,0,37,0,0,16,0,0,0,0,0,0,0,0,0,0,0,0,0,0,0,0,0,0,0,0,1,0,0,11,0,0,17,0,0,0,0,0,0,0,0,0,0,0,0,0,0,24,0,0,0,0,0,0,0,0,0,0,0,0,0,0,0,0,0,0,0,0,0,0,0,0,0,0,0,0,20,0,0,3,0,0,0,0,0,0,0,0,0,0,0,0,0,38,0,0,2,0,0
T8-15,Probiotics,Day 15,2,Pacific oyster,Larvae,T8-15,722,361,0,0,24,44,92,26,34,0,65,0,106,0,0,182,0,0,33,64,0,0,0,0,0,0,0,86,0,58,0,0,28,0,0,27,72,81,27,0,0,0,0,51,0,69,0,0,45,0,0,0,0,0,7,58,0,24,79,0,0,28,0,0,0,39,41,0,47,0,30,0,28,13,0,0,60,0,46,0,0,0,0,22,0,0,0,0,0,0,44,23,26,12,0,13,27,10,0,0,55,0,29,0,0,0,0,60,0,0,0,0,0,16,0,0,0,0,55,54,0,7,46,0,0,0,0,0,0,0,0,0,0,0,0,0,31,0,0,66,0,10,0,19,0,0,18,34,0,0,0,0,0,0,0,0,0,0,0,7,23,0,11,0,0,0,22,0,14,14,23,0,0,0,20,44,0,0,0,0,0,0,0,0,15,0,0,0,0,0,21,0,16,0,0,0,0,0,0,20,0,0,0,0,0,0,0,0,0,0,0,0,0,0,0,0,27,0,0,24,0,0,13,0,0,0,0,0,500,0,0,8,0,0,0,39,0,0,0,0,0,0,0,0,0,0,0,0,0,0,0,0,0,0,0,0,0,0,0,0,0,0,1,0,0,0,0,0,0,0,0,0,0,0,0,0,0,0,0,0,0,0,29,0,0,0,0,0,0,0,0,0,0,0,0,0,35,0,0,0,0,0,0,0,0,0,0,0,0,0,11,0,3,6,0,0,0,0,0,0,0,0,0,0,0,13,12,0,0,0,0,0,0,0,0,0,0,0,0,0,0,0,0,0,0,19,0,0,0,0,0,0,0,0,12,6,0,0,0,0,0,0,0,0,1,0,0,0,0,0,0,0,0,0,0,0,0,0,0,0,0,0,0,0,0,0,0,0,0,0,0,0,29,39,0,0,0,0,0,0,25,0,0,0,0,0,0,0,0,0,0,0,0,0,9,0,0,0,0,21,0,20,0,0,0,0,0,0,0,0,0,0,0,19,0,0,0,0,0,0,0,0,0,0,0,0,0,30,0,11,0,0,0,0,0,0,0,0,4,0,0,0,0,0,10,0,0,0,0,191,0,18,0,0,0,0,0,86,0,0,0,15,0,0,0,0,0,0,0,0,0,0,0,13,11,0,0,0,0,4,0,0,0,0,0,0,0,12,0,7,0,0,0,22,0,14,0,5,0,0,0,0,0,0,0,0,0,0,0,0,0,0,0,5,0,0,0,0,0,0,0,0,0,0,8,0,0,0,0,0,0,0,0,0,0,0,0,0,0,0,0,13,0,0,0,0,0,0,0,0,0,0,4,0,0,0,0,0,0
T8-3,Probiotics,Day 03,2,Pacific oyster,Larvae,T8-3,580,364,0,217,50,148,98,0,298,0,214,0,94,96,22,80,0,0,0,50,35,0,93,0,0,21,56,0,8,0,82,152,0,0,0,87,43,42,0,13,0,0,0,0,0,64,0,0,12,0,0,0,8,35,159,0,31,0,0,0,0,0,0,0,0,7,29,0,0,0,42,0,17,0,0,0,0,0,0,0,0,0,0,25,0,40,0,0,0,26,9,11,0,0,0,0,0,13,0,0,0,0,0,0,19,65,0,0,0,0,0,0,0,14,18,28,0,0,0,53,0,0,29,0,16,144,0,0,0,0,0,0,0,0,0,0,0,0,0,0,0,0,0,0,29,34,0,0,52,0,0,0,0,0,0,0,0,0,0,0,0,0,11,0,0,64,0,0,29,0,0,0,0,0,0,0,0,0,0,0,0,0,5,0,0,0,0,63,0,0,0,0,0,0,0,0,0,0,19,22,0,81,0,0,0,0,0,0,18,0,0,25,15,0,0,0,11,0,0,0,0,0,0,0,0,0,0,0,0,0,0,7,0,11,0,0,0,0,0,0,0,0,0,0,0,0,0,0,0,0,0,0,53,0,0,6,0,0,0,0,0,0,29,0,0,0,0,0,16,0,0,0,0,0,0,0,0,0,9,0,46,0,0,0,0,0,0,19,0,0,0,0,0,0,31,0,0,11,0,0,0,0,0,0,27,0,0,0,0,0,0,0,0,0,22,0,0,0,0,0,0,0,0,0,0,0,0,0,0,0,0,0,0,0,31,0,0,0,0,27,0,0,0,0,0,0,0,0,0,0,0,0,0,0,0,2,0,0,0,0,0,0,0,10,0,0,0,0,0,0,0,0,0,7,0,0,0,0,0,3,0,0,0,12,0,0,0,61,0,0,0,0,0,0,0,0,16,0,0,0,0,0,0,0,0,0,0,0,0,0,0,0,0,0,0,0,0,0,0,0,0,0,0,28,0,0,0,0,0,0,0,0,0,0,0,0,0,0,0,0,34,0,0,38,0,0,0,0,0,0,0,0,0,0,0,0,0,0,4,0,0,0,0,0,0,0,0,0,0,0,0,3,29,0,0,0,0,0,16,0,0,0,0,0,0,0,0,0,0,18,0,0,0,0,0,0,0,0,0,0,0,0,0,0,0,0,0,0,0,0,6,0,0,0,26,0,0,0,0,14,0,0,0,0,54,0,0,0,34,0,0,0,0,0,0,0,0,0,0,0,0,0,0,0,0,0,0,0,33,0,0,0,0,0,0,0,0,0,0,0,0,0,0,0,0,0,0,0,0,0,0,0,0,0,0,0,0,0,0
T8-S-1,Probiotics,Spat,2,Pacific oyster,Spat,T8-S-1,162,90,382,0,0,7,73,159,0,171,0,165,0,0,0,29,71,96,0,0,0,107,0,72,154,0,56,16,0,0,0,0,23,98,8,15,0,3,0,91,43,0,91,0,52,0,56,20,0,0,73,77,0,0,10,37,57,0,18,74,9,0,31,57,52,5,0,37,0,38,0,0,0,8,0,29,0,16,0,72,0,0,23,5,21,0,19,30,17,0,12,0,1,15,22,0,0,0,38,0,12,11,0,0,0,0,0,0,0,40,0,0,41,0,0,17,21,0,0,0,24,24,0,39,5,0,43,33,0,15,21,0,17,0,23,12,0,26,0,0,0,0,17,16,0,21,0,0,0,14,0,24,20,0,19,21,20,18,15,0,0,0,0,13,0,0,0,0,7,0,0,18,7,0,0,0,19,0,0,13,0,0,0,12,0,0,10,7,20,0,0,0,0,28,10,0,0,0,43,0,0,0,19,6,0,0,28,16,24,14,0,0,0,0,0,0,0,20,5,0,9,0,0,29,15,6,0,0,0,20,16,0,15,0,0,0,18,13,0,11,0,0,0,9,18,8,6,13,0,0,15,0,0,0,0,0,0,0,0,0,10,16,0,0,0,0,0,5,9,14,0,6,0,27,0,0,0,23,0,14,0,0,0,13,0,0,5,0,4,8,16,0,0,0,0,0,0,0,0,0,0,0,6,9,0,1,0,0,0,0,0,0,0,0,0,10,0,0,0,0,0,7,8,0,0,0,0,0,0,11,0,0,0,0,0,5,5,0,0,0,0,5,0,0,18,0,0,0,0,0,0,11,0,0,0,0,0,6,0,0,0,0,0,0,0,0,20,0,0,0,14,0,0,0,0,0,0,0,0,0,0,0,5,0,0,0,0,0,0,0,7,10,0,0,11,28,6,0,0,4,0,0,0,0,0,0,0,0,0,0,0,0,0,0,0,0,13,0,0,0,19,0,0,0,0,8,0,0,16,13,0,0,6,0,10,0,9,0,0,8,8,3,0,0,0,0,0,0,0,0,10,4,0,34,0,0,0,0,0,14,0,0,0,0,0,0,6,0,0,0,0,0,0,0,0,6,6,0,3,0,0,0,0,0,1,0,1,0,6,0,0,0,0,0,0,0,0,24,0,3,0,0,0,10,0,0,0,0,0,0,0,0,0,0,0,0,0,0,0,0,0,0,0,0,0,0,0,0,0,0,11,20,0,0,0,0,7,0,0,0,2,0,6,0,0,4,0,0,0,2,0,0,16,0,0,0,0,0,0,0,0,0,0,0,0,0,0,0,0,19,0,8,0,0,0,0,0,13,0
T8-S-2,Probiotics,Spat,2,Pacific oyster,Spat,T8-S-2,118,72,499,15,52,15,47,189,6,244,0,42,0,0,12,25,80,50,0,0,11,62,0,89,173,14,39,23,0,0,0,0,23,17,92,0,10,0,13,76,45,0,72,0,52,0,37,26,0,0,55,27,0,0,17,25,27,3,0,136,3,0,71,39,30,3,0,160,0,51,0,17,0,0,0,0,0,49,0,15,62,15,25,6,18,0,24,26,30,0,0,0,0,12,30,0,0,0,25,0,15,22,0,0,0,0,0,8,0,35,0,0,28,0,0,0,17,0,0,0,26,20,0,17,0,0,57,23,5,43,56,26,25,0,26,37,0,49,0,0,0,0,0,17,0,0,0,0,0,19,0,22,36,0,18,30,19,28,21,0,0,0,0,15,0,0,0,0,0,0,3,38,11,0,0,2,0,0,0,0,0,17,0,16,7,0,9,0,0,3,0,0,0,17,14,0,0,0,26,0,0,0,0,22,0,0,31,8,0,11,0,0,0,4,0,0,0,11,18,0,10,0,0,10,10,8,12,5,0,0,12,0,27,0,0,0,10,0,0,16,0,32,0,11,15,7,0,7,0,0,13,0,0,0,0,0,0,0,0,0,8,0,0,0,0,0,0,5,0,7,0,20,0,0,0,0,0,8,0,22,0,0,0,0,0,0,14,0,16,5,0,0,0,17,0,0,0,0,6,0,10,0,10,0,0,6,0,0,0,0,0,0,0,0,0,9,0,0,0,0,1,10,15,0,11,0,0,0,0,7,0,0,0,0,0,8,0,0,0,0,3,9,0,0,0,0,0,0,0,0,0,7,0,0,0,0,0,13,0,0,0,0,0,5,0,0,0,0,0,0,0,8,0,3,0,0,0,8,0,0,0,0,0,0,0,0,4,0,0,0,0,0,0,0,8,0,2,22,0,0,0,0,0,0,0,0,0,0,0,0,0,0,0,0,0,0,0,0,9,0,0,0,0,0,0,0,0,0,15,0,0,0,0,0,0,0,0,0,0,0,9,7,0,0,9,0,0,0,0,0,0,0,0,26,0,0,0,0,0,7,0,0,0,0,0,6,0,0,0,0,0,0,0,0,0,0,2,0,0,0,11,0,0,0,0,0,0,0,26,0,0,0,0,0,0,0,9,15,0,0,0,0,12,0,2,0,0,0,0,0,0,0,0,0,0,0,0,0,0,0,0,0,0,0,0,18,0,0,0,0,0,0,0,0,0,0,8,30,0,0,5,0,10,0,0,0,0,0,0,3,0,0,0,4,0,0,0,0,0,0,0,0,1,0,0,0,0,0,0,0,0,0,0,0,0,0,3,0,0
T9-1,Probiotics + HT,Day 01,2,Pacific oyster,Larvae,T9-1,151,83,0,865,161,98,101,0,0,0,53,0,111,326,414,0,0,0,65,16,181,0,171,27,0,93,48,0,0,0,0,5,26,0,0,35,0,0,24,15,0,222,20,7,0,0,0,0,26,0,0,0,31,93,0,0,0,0,0,0,0,0,0,0,0,14,0,0,0,0,0,0,14,152,0,0,19,0,0,0,0,60,0,48,0,30,0,0,0,0,10,0,7,0,0,0,0,0,12,117,0,0,0,7,29,0,31,0,0,0,0,0,0,18,0,0,0,0,0,0,0,0,0,0,0,27,0,0,46,0,0,0,0,0,0,0,0,0,30,0,66,0,0,0,0,0,4,0,0,0,0,0,0,0,0,0,0,0,0,19,0,0,0,0,0,0,0,16,0,0,0,0,0,0,0,0,0,0,30,0,34,0,40,0,5,0,0,0,0,0,0,26,0,0,0,0,52,0,0,0,31,0,14,0,0,8,0,0,13,0,0,21,0,0,0,0,0,0,0,0,0,0,0,0,0,0,0,0,0,0,0,0,0,0,0,0,35,0,0,0,0,0,0,0,0,0,0,0,0,0,0,0,0,0,0,9,0,0,0,0,0,0,5,0,48,0,27,0,0,0,57,0,0,0,0,12,14,0,0,0,0,39,0,0,0,0,0,0,0,0,0,0,0,0,0,0,0,18,0,0,0,0,0,0,0,0,0,0,0,0,0,0,0,0,0,0,0,40,0,35,0,0,0,0,0,0,0,0,0,0,0,0,0,0,0,0,0,0,0,0,46,0,0,10,0,9,0,0,15,0,4,0,0,30,0,0,0,0,0,14,0,0,0,0,0,0,0,0,0,0,0,0,0,0,14,0,0,0,0,0,0,11,0,0,0,0,0,0,0,0,0,0,0,0,0,0,11,0,0,0,0,0,0,0,0,0,0,0,0,51,0,0,0,0,0,0,0,0,0,0,0,0,0,0,21,0,0,0,0,0,0,0,0,0,0,0,0,0,0,0,0,0,0,0,0,0,0,0,0,0,0,0,0,0,0,0,0,0,0,0,0,0,0,0,0,0,0,0,0,0,0,0,0,0,0,0,0,0,0,0,0,0,0,0,0,0,0,0,0,0,0,0,0,0,0,0,0,0,0,0,0,0,0,0,0,7,0,0,0,0,0,0,0,0,28,0,0,0,0,0,0,0,0,0,0,0,0,0,0,0,0,0,0,0,0,0,0,0,0,0,0,0,0,0,0,0,0,0,0,0,0,0,0,0,0,0,0,0,0,0,0,0,0,0,0,0,0,0,0,0,0,0,0,0,0,0,0,0,0
T9-15,Probiotics + HT,Day 15,2,Pacific oyster,Larvae,T9-15,593,342,0,0,69,50,79,49,48,0,34,0,148,0,0,191,0,0,45,78,0,0,0,26,0,0,0,95,0,52,0,37,0,0,0,0,70,104,0,0,0,0,0,29,0,113,0,0,82,0,0,0,38,0,20,61,0,32,102,0,0,50,0,0,0,82,16,0,13,0,28,0,35,22,0,0,101,0,33,0,0,0,0,0,0,0,0,0,0,0,71,41,34,0,0,20,42,41,0,0,42,0,51,0,0,0,0,38,14,0,0,0,0,26,0,0,0,0,64,37,0,0,111,0,31,0,0,0,0,0,0,0,0,8,0,0,27,0,0,76,0,36,0,0,0,0,51,56,0,0,0,0,0,0,0,0,0,0,0,0,27,0,42,0,0,0,5,0,0,21,28,0,0,37,14,92,0,0,0,0,0,0,0,0,0,0,0,0,0,0,0,0,0,0,16,0,8,0,0,6,0,0,0,0,0,0,0,0,0,0,0,0,0,0,0,0,10,0,0,0,0,0,0,0,1,0,0,0,0,0,0,18,0,0,0,44,0,0,0,0,0,0,0,0,0,0,0,0,0,0,0,0,0,0,0,0,0,0,0,0,0,0,0,0,0,0,0,0,0,0,0,0,0,0,0,0,3,0,0,0,0,0,17,0,46,0,0,0,0,0,0,0,0,0,0,0,0,0,0,0,15,0,0,0,0,0,0,0,0,0,0,0,0,0,0,0,0,0,0,0,0,0,0,0,0,32,0,0,0,0,0,0,0,0,0,0,0,0,0,21,0,0,0,12,0,0,0,0,0,0,0,0,0,0,0,9,22,0,0,16,0,0,0,0,1,0,0,0,0,0,0,0,0,6,20,0,0,0,0,0,0,30,0,0,0,0,0,0,0,0,0,0,55,0,0,0,0,0,0,0,18,0,0,30,0,15,0,0,0,0,0,0,0,18,24,0,0,0,0,0,0,18,0,0,0,0,7,0,0,0,0,42,0,0,0,0,0,0,0,0,0,0,0,0,0,0,0,0,0,31,0,0,0,0,0,0,0,0,24,0,0,25,0,0,10,0,0,0,0,0,0,11,0,0,0,0,0,22,0,0,0,35,0,0,0,0,0,0,0,0,0,0,0,0,0,0,0,0,0,0,0,0,0,0,0,0,0,0,0,0,0,0,0,31,0,38,15,126,0,0,0,0,0,0,0,0,0,0,0,0,0,0,0,0,0,0,0,0,0,0,0,0,0,0,6,0,0,0,0,0,0,0,0,0,0,6,0,0,0,0,0,0,0,0,0,0,0,8,0,0,0,0,0,0,0,0,10,0,0
T9-3,Probiotics + HT,Day 03,2,Pacific oyster,Larvae,T9-3,711,296,0,183,52,105,63,20,239,0,213,0,0,67,20,33,0,0,0,37,55,0,166,12,0,35,0,17,0,0,99,99,0,0,0,53,27,88,57,0,0,0,0,29,0,59,0,0,30,0,0,0,13,38,31,0,33,15,0,0,0,30,9,0,0,39,22,0,0,12,33,10,0,8,0,0,15,34,23,0,0,32,0,0,0,46,0,0,0,15,20,16,7,3,0,30,0,10,0,0,18,2,13,22,0,72,0,0,14,0,18,0,0,19,36,52,0,11,13,24,0,0,0,0,21,182,0,0,0,0,0,0,0,0,13,0,11,0,0,21,0,26,0,0,19,32,0,8,22,0,0,0,0,0,0,0,0,0,0,0,0,0,8,0,0,41,5,0,0,21,10,0,0,0,16,0,0,0,35,0,12,0,0,0,0,0,0,25,0,0,9,0,0,0,0,7,10,0,0,25,0,0,0,0,0,0,0,0,0,0,16,22,0,18,0,0,0,0,0,17,0,0,0,0,0,0,0,5,0,0,0,6,0,0,0,0,25,7,0,0,32,0,0,0,0,0,0,0,0,0,0,0,95,26,0,0,0,0,0,0,0,0,0,0,0,0,0,0,0,0,0,0,0,0,0,0,18,0,7,0,26,0,0,0,9,0,0,16,0,0,0,5,0,0,22,0,0,0,0,0,0,18,0,0,14,0,0,0,0,0,0,11,0,0,17,0,0,0,2,0,0,0,0,0,0,14,0,0,0,0,0,0,0,0,0,0,0,10,0,31,38,1,0,7,0,0,0,0,0,0,0,0,17,0,0,0,14,0,0,0,0,0,0,0,0,0,0,0,0,0,0,0,0,13,0,0,0,0,0,2,27,0,0,0,0,0,0,0,0,0,0,0,1,0,0,0,0,0,0,0,0,0,0,0,0,2,0,0,22,0,7,0,0,0,6,0,0,0,0,0,0,0,0,10,0,0,0,26,0,0,0,0,0,0,0,0,0,0,0,0,0,0,0,11,0,0,0,0,0,0,0,0,0,0,0,0,0,0,7,0,0,0,0,0,3,0,0,0,5,0,3,6,0,0,0,0,0,0,0,0,0,11,0,0,0,0,0,0,0,16,6,0,0,0,12,0,0,0,0,0,0,5,0,0,0,0,12,0,0,0,0,0,0,0,21,0,0,0,0,0,0,0,0,0,3,0,0,0,0,0,0,0,0,0,0,2,0,0,0,3,0,0,0,7,0,0,0,0,0,0,0,0,0,0,0,0,0,0,0,0,0,0,0,0,0,5,3,0,0,0,0,0,0,0,0,3,0,0,0
T9-6,Probiotics + HT,Day 06,2,Pacific oyster,Larvae,T9-6,803,372,0,49,152,53,58,42,287,0,198,0,119,0,0,33,0,0,40,148,13,0,59,0,0,76,0,19,228,104,58,133,20,0,0,7,32,54,40,14,0,0,0,47,0,69,0,0,0,0,0,0,0,0,0,0,0,76,0,0,0,74,0,0,0,41,57,0,0,0,47,0,0,0,135,0,0,0,24,0,0,0,0,31,0,0,0,0,0,0,4,65,19,7,0,35,0,24,0,0,11,0,4,0,39,22,0,0,61,0,0,0,0,0,0,25,0,25,20,8,0,0,0,0,66,14,0,0,23,0,0,0,0,23,0,0,26,0,0,0,0,28,0,0,0,0,27,0,0,0,0,0,0,34,0,0,0,0,14,0,0,0,0,0,0,0,22,0,0,0,33,0,0,17,14,0,0,0,0,0,0,0,0,0,0,0,0,0,0,0,26,0,0,0,0,0,0,0,0,23,0,0,0,0,0,40,0,0,0,0,23,22,0,6,0,0,12,0,0,0,0,0,8,0,0,0,0,0,0,0,0,29,0,17,0,0,17,0,0,0,0,0,0,0,0,0,0,0,0,0,0,0,8,0,0,0,0,0,0,13,0,0,0,0,0,0,0,0,0,0,0,0,0,0,0,0,0,0,0,0,0,0,4,0,0,0,0,22,0,0,0,26,0,0,0,0,0,0,0,0,0,0,0,0,0,0,0,0,0,0,0,9,0,7,0,0,21,0,0,0,0,0,0,0,0,26,0,0,0,0,0,0,0,0,0,0,0,0,0,0,0,0,0,0,0,45,0,0,0,0,0,0,0,0,0,0,0,0,0,0,0,0,0,0,0,0,0,0,0,0,0,0,0,0,0,13,0,0,0,4,0,0,0,6,0,0,0,0,0,0,0,0,0,0,0,0,0,16,0,0,2,0,0,0,0,26,0,0,7,0,0,0,0,0,0,3,0,0,0,0,0,7,0,0,0,0,0,0,0,0,0,0,0,0,0,0,0,0,0,0,0,0,0,0,0,0,0,0,0,0,0,0,0,0,0,0,0,0,4,0,0,0,0,0,0,0,0,0,0,0,0,13,0,0,0,0,0,0,0,0,0,0,0,0,0,0,0,0,0,0,0,6,0,0,0,0,0,0,0,0,0,0,0,0,0,18,0,0,0,13,0,0,0,0,0,0,0,0,19,0,0,0,0,0,0,0,0,0,0,0,0,0,0,0,0,0,0,0,0,0,0,0,0,0,0,0,30,0,0,0,0,0,0,0,0,0,0,0,0,0,0,0,0,0,15,0,0,0,0,0,0,0,0,0,0,0,0,0,0
T9-S-1,Probiotics + HT,Spat,2,Pacific oyster,Spat,T9-S-1,100,41,276,9,24,8,43,152,28,125,0,100,19,0,3,22,253,238,0,0,26,53,0,77,119,0,70,25,0,8,4,0,23,54,0,12,0,0,17,52,121,0,55,9,48,0,40,12,0,0,36,95,0,0,40,25,39,4,0,246,0,0,38,19,46,0,0,25,0,32,0,21,0,0,0,0,0,45,7,27,0,0,44,19,22,0,25,31,27,0,0,0,0,8,26,0,0,6,44,0,0,13,0,10,0,0,0,0,0,16,0,0,45,0,0,0,23,0,0,0,21,35,0,29,0,0,119,19,0,0,11,37,19,20,24,25,16,15,0,0,0,0,35,0,0,0,0,0,0,38,0,9,16,0,19,24,20,0,36,0,0,0,0,13,29,0,0,0,0,0,0,2,21,0,0,0,0,0,0,0,8,30,0,18,4,0,22,24,15,41,0,0,0,0,3,0,0,15,17,0,2,0,7,11,0,0,0,10,17,23,0,0,0,0,0,0,0,0,0,0,0,0,0,11,4,9,9,0,0,0,13,0,0,0,0,0,33,10,0,0,0,0,37,15,0,0,23,9,0,0,3,0,0,0,0,0,0,0,0,0,6,0,0,0,0,2,8,22,0,8,0,6,0,0,0,0,0,16,0,0,0,0,0,0,0,0,7,0,11,18,0,0,0,21,0,5,0,0,4,0,6,0,14,0,0,9,25,0,0,0,0,0,0,0,0,0,0,0,0,0,0,17,0,0,0,0,0,24,0,0,0,0,0,3,0,6,14,0,0,0,0,8,0,0,24,0,14,0,0,0,0,8,0,0,0,0,0,0,12,0,0,0,14,1,0,0,0,0,0,0,0,26,14,4,0,0,0,0,0,0,0,0,0,0,7,9,0,0,3,0,0,0,0,0,0,0,0,0,36,18,0,0,0,0,0,0,0,0,0,0,0,0,0,0,0,0,0,4,11,0,0,0,0,0,0,0,0,0,0,0,0,0,0,0,0,5,0,0,0,0,0,4,19,0,3,0,0,0,0,0,0,0,0,0,0,0,11,0,0,0,0,0,0,0,0,0,21,0,0,0,3,0,0,0,0,0,36,0,0,0,0,0,0,0,0,0,0,0,0,0,0,0,0,0,0,0,0,0,0,0,0,0,0,0,0,0,0,0,0,4,0,23,0,0,0,0,0,0,0,0,2,9,0,0,0,20,0,0,0,0,0,0,0,0,0,0,0,0,0,0,0,0,0,0,0,4,0,0,0,7,0,0,4,3,0,0,0,0,0,0,0,0,11,0,0,0,0,0,0,0,0,9,0,0,0,0,0,0,0
T9-S-2,Probiotics + HT,Spat,2,Pacific oyster,Spat,T9-S-2,101,57,242,0,0,0,28,149,0,107,0,90,0,0,0,0,217,345,0,0,0,93,0,82,64,0,48,0,0,14,0,0,0,46,0,0,12,0,0,83,118,0,57,5,66,0,59,0,0,0,71,97,0,0,30,35,60,0,0,34,0,0,52,87,21,0,0,51,0,40,13,0,0,0,0,68,0,0,0,66,0,0,15,16,32,0,41,45,60,0,13,0,0,20,27,0,0,0,78,0,0,20,7,0,0,0,16,8,0,37,0,0,26,0,0,0,24,0,0,0,36,36,0,47,0,0,0,27,0,13,16,10,0,1,0,37,0,32,0,0,0,0,19,0,0,0,0,0,0,28,0,0,19,0,40,15,22,0,15,0,0,0,0,28,56,0,0,0,0,0,0,14,0,16,12,0,8,0,0,21,29,12,0,23,11,0,24,0,29,16,0,0,0,0,0,0,0,0,0,0,1,0,0,15,0,0,0,11,37,0,0,0,0,0,0,0,0,14,35,0,0,0,0,22,3,19,18,17,0,0,0,0,0,0,0,0,0,0,0,0,0,0,0,0,0,14,26,0,25,0,12,0,0,0,0,0,0,0,0,0,0,0,0,0,0,6,0,0,0,20,0,20,0,0,0,0,0,9,0,0,0,0,0,0,0,0,11,0,33,0,28,0,0,0,0,0,0,0,11,0,23,0,24,0,0,15,33,0,0,0,0,0,0,0,0,16,0,0,0,0,0,0,13,0,0,0,0,0,0,0,0,0,0,10,0,10,0,0,0,0,0,26,0,0,25,0,25,0,0,0,0,10,0,0,0,0,0,5,0,0,0,0,14,14,0,0,0,8,0,21,0,6,0,0,0,0,0,0,0,0,0,0,22,0,13,0,1,0,0,0,8,7,0,0,12,0,8,0,16,24,0,0,0,0,0,0,0,0,0,0,0,0,0,0,0,0,0,0,0,0,0,0,0,0,0,0,0,0,0,0,0,0,0,4,0,0,0,0,0,0,0,0,11,0,17,0,5,0,0,0,0,0,0,0,0,0,0,0,0,0,0,0,0,0,0,16,0,27,0,0,21,0,0,0,0,0,13,0,0,0,0,0,0,0,0,0,0,0,0,0,0,0,23,0,0,12,31,0,0,0,0,0,0,0,0,0,0,0,0,0,0,0,0,0,0,0,0,0,0,0,0,0,0,0,0,0,0,0,0,0,0,0,0,0,0,0,6,45,0,0,0,0,0,0,0,13,0,0,0,0,0,0,14,0,0,3,0,0,0,11,0,0,0,0,0,0,0,0,0,0,0,0,0,0,4,0,17,14,0